,,,,,,,,,Hoja: 1 de 1,
,,,,,R.A.F.A.M.,,,,,
,,,,,,,,,,
MUNICIPIO,,,,,LISTADO DE PEDIDOS DE SUMINISTROS,,,,,
DE MORÓN,,,,,,,,,01/09/2026,13:42
,,,,,GENERAL (Semidetallado),,,,,
,,,,,,,,,,
,,,,,,,,,Ejercicio:,2026
,,,,,,,,,,
,,,,,,,,,,
Ejercicio,,Nº Pedido,Fecha,Dependencia,Fuente Finan.,Uni. Ejec.,Jurisdicción,Ing.Compras,Costo Total,Estado
,,,Código,Descripción,,,,,Cantidad,Costo Unit.
,,,,,,,,,,
2026,,,,,,,,,,
,,1,01/02/2026,DHMORO,110,12,1110104000,,39600000,Sol.de Gastos
,,,,,,,,,,
,,,2.5.2.03441.0002,BOLSAS DE ALIMENTACION PARENTERAL - DESCARTABLE PARA NEO DE 0 A 300 ML. CON O SIN LIPIDOS,,,,,30,920000
,,,,,,,,,,
,,,,,,,,,,
,,,,,,,,,,
,,,,,,,,,,
,,2,01/02/2026,DHMORO,110,12,1110104000,,40850100,Sol.de Gastos
,,,,,,,,,,
,,,2.1.1.00541.0018,CARNE - ESPECIE VACUNA - CORTE ROAST BEEF - FRESCA - NO ENVASADA AL VACIO,,,,,540,11410
,,,,,,,,,,
,,,,,,,,,,
,,,,,,,,,,
,,,,,,,,,,
,,3,01/02/2026,DHMORO,110,12,1110104000,,30788045,Sol.de Gastos
,,,,,,,,,,
,,,2.1.1.00481.0005,AZUCAR - EN SOBRES INDIVIDUALES - SIN TACC (APTO CELIACO) - PESO 6.25gr. - ENVASE PAPEL - PRESENTACION CAJA.,,,,,48,13500
,,,,,,,,,,
,,,,,,,,,,
,,,,,,,,,,
,,,,,,,,,,
,,4,01/02/2026,DHMORO,110,12,1110104000,,8000000,Sol.de Gastos
,,,,,,,,,,
,,,3.4.2.04467.0001,SERVICIO DE DIAGNOSTICO DE ALTA COMPLEJIDAD - ESTUDIOS DIAGNOSTICOS POR IMAGEN Y ALTA COMPLEJIDAD PARA PACIENTES INTERNADOS Y AMBULATORIOS -   SERVICIO HASTA AGOTAR LA SUMA DE $8.000.000. - SE DEBERA INDICAR PRECIOS UNITARIOS POR ESTUDIO.,,,,,1,8000000
,,,,,,,,,,
,,,,,,,,,,
,,,,,,,,,,
,,,,,,,,,,
,,5,01/02/2026,DHMORO,110,12,1110104000,,5042400,Sol.de Gastos
,,,,,,,,,,
,,,2.1.1.00669.0025,PAN - TIPO RALLADO - PRESENTACION x KG.,,,,,360,1540
,,,,,,,,,,
,,,,,,,,,,
,,,,,,,,,,
,,,,,,,,,,
,,6,01/02/2026,TUDES,110,24,1110107000,,273000,Ped.Suministros
,,,,,,,,,,
,,,2.9.6.00401.0003,CARTUCHO TONER - COLOR NEGRO- PRODUCTO TONER ALTERNATIVO- USO P/IMPRESORA LASER HP W2020 414 A- SIN CHIP- TIPO NAC-TONER,,,,,14,19500
,,,,,,,,,,
,,,,,,,,,,
,,,,,,,,,,
,,,,,,,,,,
,,7,01/02/2026,DESPAC,110,45,1110103000,,467000,Sol.de Gastos
,,,,,,,,,,
,,,2.6.2.03032.0003,VIDRIO PLANO - TIPO FLOAT - ESPESOR 4 MM - TRANSPARENCIA 100 % - DIMENSION 1330 x 1040,,,,,2,70000
,,,,,,,,,,
,,,,,,,,,,
,,,,,,,,,,
,,,,,,,,,,
,,8,01/05/2026,DHMORO,110,12,1110104000,,7946000,Sol.de Gastos
,,,,,,,,,,
,,,3.2.9.03558.0005,ALQUILER DE EQUIPAMIENTO HOSPITALARIO - EQUIPO CONCENTRADOR DE OXÍGENO CON TUBO DE BUCK UP,,,,,27,85000
,,,,,,,,,,
,,,,,,,,,,
,,,,,,,,,,
,,,,,,,,,,
,,9,01/05/2026,DHMORO,110,12,1110104000,,2940000,Sol.de Gastos
,,,,,,,,,,
,,,3.9.9.06763.0001,"SERVICIO DE MENSAJERIA - DESCRIPCION: PARA DISTRIBUCION FACTURACION DE OBRAS SOCIALES EN MAS DE 120 DESTINOS UBICADOS EN CABA, GRAN BS. AS. y LA CIUDAD DE LA PLATA. EL SERVICIO INCLUYE EL RETIRO DE PAGOS Y ENTREGA DE DOCUMENTACION.",,,,,6,490000
,,,,,,,,,,
,,,,,,,,,,
,,,,,,,,,,
,,,,,,,,,,
,,10,01/05/2026,6DMAYO,110,15,1110105000,,7320000,Sol.de Gastos
,,,,,,,,,,
,,,3.3.3.01400.0001,"MANTENIMIENTO ASCENSORES - COMPONENTE DE CUATRO ASCENSORES, UBICACIÓN PALACIO MUNICIPAL;  CON LA SIGUIENTE DISPOSICIÓN: DOS EN EL ALA SAN MARTIN: COMUNICANDO LA PLANTA BAJA CON EL CUARTO PISO Y DOS UBICADOS A DERECHA E IZQUIERDA RESPECTIVAMENTE DE LA ENTR",,,,,6,1220000
,,,,,,,,,,
,,,,,,,,,,
,,,,,,,,,,
,,,,,,,,,,
,,11,01/05/2026,6SAEE,132,24,1110107000,,6169298280,Sol.de Gastos
,,,,,,,,,,
,,,5.1.5.07340.0002,"SERVICIO DE DISTRIBUCION DE ALIMENTOS EN CRUDO - DESCRIPCION ZONA 2: DISTRIBUCIÓN DE MODULOS  ALIMENTARIOS PROGRAMA MESA BONAERENSE EN CAJA ARMADA Y CERRADA CON LOGO IMPRESO, SEGÚN MENÚ Y DETALLE. EN INSTITUCIONES EDUCATIVAS PROVINCIALES Y MUNICIPALES DEL",,,,,83856,15065
,,,,,,,,,,
,,,,,,,,,,
,,,,,,,,,,
,,,,,,,,,,
,,12,01/05/2026,INFRA,110,15,1110105000,,3660000,Sol.de Gastos
,,,,,,,,,,
,,,3.3.3.01400.0001,"MANTENIMIENTO ASCENSORES - COMPONENTE DE DOS MONTACARGAS, UBICACION CEMENTERIO MUNICIPAL.-  PERIODO DE SERVICIO =                         Desde Enero de 2026 Hasta Junio de 2026    FRECUENCIA MENSUAL; DE ACUERDO A LOS TÉRMINOS Y OBLIGACIONES DE LA ORDENAN",,,,,6,610000
,,,,,,,,,,
,,,,,,,,,,
,,,,,,,,,,
,,,,,,,,,,
,,13,01/05/2026,6SAEE,132,24,1110107000,,5815615294,Sol.de Gastos
,,,,,,,,,,
,,,5.1.5.07340.0001,"SERVICIO DE DISTRIBUCION DE ALIMENTOS EN CRUDO - DESCRIPCION ZONA 1:DESAYUNO/MERIENDA Y COMEDOR, SEGÚN MENÚ Y DETALLE ADJUNTO. EN INSTITUCIONES EDUCATIVAS PROVINCIALES Y MUNICIPALES DEL DISTRITO COMPRENDIDAS EN EL PROGRAMA SAE PARA LOS MESES DE MARZO 2026",,,,,1,1448340920
,,,,,,,,,,
,,,,,,,,,,
,,,,,,,,,,
,,,,,,,,,,
,,14,01/05/2026,DHMORO,110,12,1110104000,,7841250,Sol.de Gastos
,,,,,,,,,,
,,,2.5.2.03398.0002,CONTRASTE RADIOLOGICO - TIPO TRIYOSON - DROGA GENERICA AMIDOTRIZOATO DE SODIO - FORMA FARMACEUTICA F/A - CAPACIDAD 25 G./ 50 ML.,,,,,170,46125
,,,,,,,,,,
,,,,,,,,,,
,,,,,,,,,,
,,,,,,,,,,
,,15,01/05/2026,26ALBV,110,58,1110116000,,196000,Ped.Suministros
,,,,,,,,,,
,,,2.1.1.00478.0019,AGUA MINERAL - TIPO SIN GASIFICAR - ENVASE BIDON - CAPACIDAD 20 LITROS CADA UNO. TIPO SANTA RITA.,,,,,200,980
,,,,,,,,,,
,,,,,,,,,,
,,,,,,,,,,
,,,,,,,,,,
,,16,01/05/2026,26ALBV,110,58,1110116000,,5200000,Sol.de Gastos
,,,,,,,,,,
,,,3.5.1.02464.0015,"SERVICIO DE CHARTER - CONTRATACIONES DE OMNIBUS DE 40 A 44 PASAJEROS. LOS MICROS DEBEN TENER HABILITACION, VTV, SEGURO DE TRANSPORTE Y ESTEN APTOS PARA TRANSPORTAR SILLA DE RUEDAS PARA EL TRASLADO DIARIO (IDA Y VUELTA) DE LOS TURISTAS DESDE LA COLONIA A P",,,,,40,130000
,,,,,,,,,,
,,,,,,,,,,
,,,,,,,,,,
,,,,,,,,,,
,,17,01/05/2026,DHMORO,110,12,1110104000,,30400470,Sol.de Gastos
,,,,,,,,,,
,,,2.1.1.00594.0002,"CEBOLLA - TIPO COMUN, TAMAÑO PAREJO, SIN BROTES - ESTADO NATURAL - PESO DE 120 a 150grs. POR UNIDAD - PRESENTACION x Kg",,,,,720,620
,,,,,,,,,,
,,,,,,,,,,
,,,,,,,,,,
,,,,,,,,,,
,,18,01/05/2026,26ALBV,110,58,1110116000,,2655888,Sol.de Gastos
,,,,,,,,,,
,,,3.3.5.02136.0001,SERVICIO CONTENEDOR HIGIENICO - RECOLECCION DE RESIDUOS SOLIDOS. FACTURACION MENSUAL.,,,,,6,442648
,,,,,,,,,,
,,,,,,,,,,
,,,,,,,,,,
,,,,,,,,,,
,,19,01/05/2026,DHMORO,110,12,1110104000,,15480000,Sol.de Gastos
,,,,,,,,,,
,,,2.5.9.00945.0013,PLACA RADIOGRAFICA - SENSIBILIDAD PELICULA DRY VIEW DVE - DIMENSION 20 x 25 - PRESENTACION CAJA x 125 UNIDADES TIPO CARESTREAM,,,,,30,130000
,,,,,,,,,,
,,,,,,,,,,
,,,,,,,,,,
,,,,,,,,,,
,,20,01/05/2026,FSO,110,37,1110200000,,393000,Sol.de Gastos
,,,,,,,,,,
,,,2.6.2.03032.0001,VIDRIO PLANO - LAMINADO CON COLOCACION.:   1 (UN) VIDRIO DE 1020 X 940 CM    2 (DOS) DE 1020 X 815 CM.,,,,,1,393000
,,,,,,,,,,
,,,,,,,,,,
,,,,,,,,,,
,,,,,,,,,,
,,21,01/05/2026,26ALBV,110,58,1110116000,,1214400,Sol.de Gastos
,,,,,,,,,,
,,,3.3.5.01560.0001,"DESINFECCION - SERVICIO DE PREVENCION DE TRATAMIENTO Y CONTROL SANITARIO DE ACUERDO A LAS CARACTERISTICAS DEL PREDIO. INCLUYE DESINFECCION, DESINSECTACION Y DESRATIZACION LUGAR DE APLICACION COLONIA INT. C.A. VILLEGAS EL SERVICIO SERA MENSUAL.",,,,,6,202400
,,,,,,,,,,
,,,,,,,,,,
,,,,,,,,,,
,,,,,,,,,,
,,22,01/05/2026,26ALBV,110,58,1110116000,,3978000,Sol.de Gastos
,,,,,,,,,,
,,,3.4.2.02498.0005,COBERTURA DE EMERG.MEDICA - DESCRIPCION CONSULTA DE ATENCIÓN MEDICA CLÍNICA - DURACION VISITA DOMICILIARIA,,,,,40,13200
,,,,,,,,,,
,,,,,,,,,,
,,,,,,,,,,
,,,,,,,,,,
,,23,01/05/2026,DHMORO,110,12,1110104000,,15021000,Sol.de Gastos
,,,,,,,,,,
,,,2.1.1.00621.0008,AVE - SUPREMA DE POLLO - PESO APROXIMADO 250gr. C/U - PRESENTACION KG,,,,,450,8580
,,,,,,,,,,
,,,,,,,,,,
,,,,,,,,,,
,,,,,,,,,,
,,24,01/05/2026,26ALBV,110,58,1110116000,,6000000,Sol.de Gastos
,,,,,,,,,,
,,,3.3.9.03404.0002,"SERVICIO DE LAVADO Y SECADO DE ROPA - DESCRIPCION: SABANAS, FUNDAS, TOALLONES, TOALLAS DE MANO, COLCHAS, CORTINAS, FRAZADAS, MANTELES Y CUBRE MANTELES, SEGUN LO REQUIERA EL SERVICIO QUE SE BRINDA. SERVICIO HASTA AGOTAR EL TOTAL ESTIMADO.",,,,,1,6000000
,,,,,,,,,,
,,,,,,,,,,
,,,,,,,,,,
,,,,,,,,,,
,,25,01/05/2026,26ALBV,110,58,1110116000,,800000,Sol.de Gastos
,,,,,,,,,,
,,,2.1.1.00606.0002,"MANZANA - TIPO RED DELICIOSA - PRESENTACION POR KILO, TAMAÑO PAREJO DE PESO APROX. 200 GR. POR UNIDAD",,,,,100,3000
,,,,,,,,,,
,,,,,,,,,,
,,,,,,,,,,
,,,,,,,,,,
,,26,01/05/2026,26ALBV,110,58,1110116000,,1320000,Sol.de Gastos
,,,,,,,,,,
,,,2.1.1.00969.0001,FIAMBRE - TIPO JAMON COCIDO - PRESENTACION POR HORMA.,,,,,30,24000
,,,,,,,,,,
,,,,,,,,,,
,,,,,,,,,,
,,,,,,,,,,
,,27,01/05/2026,26ALBV,110,58,1110116000,,5480000,Sol.de Gastos
,,,,,,,,,,
,,,2.1.1.00669.0002,PAN - TIPO ALEMAN - PRESENTACION POR KILO.,,,,,200,5400
,,,,,,,,,,
,,,,,,,,,,
,,,,,,,,,,
,,,,,,,,,,
,,28,01/05/2026,26ALBV,110,58,1110116000,,3514000,Sol.de Gastos
,,,,,,,,,,
,,,2.1.1.00456.0001,YOGHURT - TIPO ENTERO - ENVASE SACHET - CAPACIDAD 1L - CONSISTENCIA BEBIBLE - SABOR VAINILLA: 40 LITROS   SABOR FRUTILLA: 40 LITROS,,,,,80,6800
,,,,,,,,,,
,,,,,,,,,,
,,,,,,,,,,
,,,,,,,,,,
,,29,01/05/2026,DESPAC,110,45,1110103000,,40040000,Sol.de Gastos
,,,,,,,,,,
,,,2.1.1.00478.0019,AGUA MINERAL - TIPO SIN GASIFICAR - ENVASE BIDON - CAPACIDAD 20L. CON ENTREGAS DE APROXIMADAMENTE 300 DISPENSERS FRIO/CALOR EN COMODATO,,,,,9100,4400
,,,,,,,,,,
,,,,,,,,,,
,,,,,,,,,,
,,,,,,,,,,
,,30,01/05/2026,26ALBV,110,58,1110116000,,3283500,Sol.de Gastos
,,,,,,,,,,
,,,2.1.1.00709.0009,CAFE - PRESENTACION POR KILO ESTADO MOLIDO. TIPO LA MORENITA O CABRALES.,,,,,25,51000
,,,,,,,,,,
,,,,,,,,,,
,,,,,,,,,,
,,,,,,,,,,
,,31,01/05/2026,DHMORO,110,12,1110104000,,3669000,Sol.de Gastos
,,,,,,,,,,
,,,2.5.2.02551.0445,REACTIVO - SOLUCIÓN IDENTIFICACIÓN DILUYENTE - PRESENTACION 2 x 500ml.,,,,,3,200000
,,,,,,,,,,
,,,,,,,,,,
,,,,,,,,,,
,,,,,,,,,,
,,32,01/05/2026,26ALBV,110,58,1110116000,,1630000,Ped.Suministros
,,,,,,,,,,
,,,2.2.2.02859.0007,REMERA - 100 % DE ALGODON COLOR ROJA CON LOGO. TALLES   8 EN TALLE M  14 EN TALLE L  4 EN TALLE XL  8 EN TALLE XXL  4 EN TALLE XXXL,,,,,38,24000
,,,,,,,,,,
,,,,,,,,,,
,,,,,,,,,,
,,,,,,,,,,
,,33,01/05/2026,DHMORO,110,12,1110104000,,340748500,Sol.de Gastos
,,,,,,,,,,
,,,2.5.2.01821.0027,ANTIBIOTICOS - DROGA GENERICA IMIPENEM - FORMA FARMACEUTICA FRASCO/AMPOLLA LIOFILIZADO - PRESENTACION 500mg. I.V.,,,,,200,7000
,,,,,,,,,,
,,,,,,,,,,
,,,,,,,,,,
,,,,,,,,,,
,,34,01/05/2026,DPSCAP,110,12,1110104000,,3360000,Ped.Suministros
,,,,,,,,,,
,,,2.1.1.00478.0019,AGUA MINERAL - SIN GASIFICAR - ENVASE BIDON - CAPACIDAD 20 LITROS (AGUA POTABLE PARA LOS SECTORES DONDE NO SE PUEDE INSTALAR FILTROS),,,,,800,4200
,,,,,,,,,,
,,,,,,,,,,
,,,,,,,,,,
,,,,,,,,,,
,,35,01/05/2026,DPSCAP,110,12,1110104000,,6840000,Sol.de Gastos
,,,,,,,,,,
,,,3.2.2.02014.0001,ALQUILER DE DISPENSERS - C/CONEXION AGUA CORRIENTE  - ALTO 90Cm - ANCHO 35Cm - PROFUNDIDAD 35Cm - TIPO AGUA FRIA Y CALIENTE.      INCLUIR MANTENIMIENTO DE CADA DISPENSER  Y CAMBIO DE FILTROS EN LOS 19 CENTROS QUE A CONTINUACION SE DETALLAN:  - Caps Santa ,,,,,6,1140000
,,,,,,,,,,
,,,,,,,,,,
,,,,,,,,,,
,,,,,,,,,,
,,36,01/05/2026,DPSCAP,110,12,1110104000,,2580000,Sol.de Gastos
,,,,,,,,,,
,,,3.4.9.03457.0001,SERVICIO DE DOSIMETRIA - DESCRIPCION PERSONAL GAMMA PARA CUERPO ENTERO CON DOSIMETROS TERMOLUMINISCENTES.  EL SERVICIO MENSUAL CONSTA DE ENVIO POR CORREO A LOS CAPS DR. SPRINGOLO Y DR.GELPI; SERVICIO DE EVALUACION DE VALORES DOSIMETRICOS; SERVICIO DE EMER,,,,,6,430000
,,,,,,,,,,
,,,,,,,,,,
,,,,,,,,,,
,,,,,,,,,,
,,37,01/05/2026,DPSCAP,110,12,1110104000,,5340000,Sol.de Gastos
,,,,,,,,,,
,,,3.3.3.02440.0007,"MANT. EQUIPO DE RADIOLOGIA - MANTENIMIENTO PREVENTIVO Y CORRECTIVO DE LOS EQUIPOS DE RADIOLOGIA GENERAL Y EQUIPOS DE RX ODONTOLOGICOS.  EQUIPO DE RAYOS MARCA  GBA MOD 300MA CON MESA BASCULANTE, COLUMNA PISO TECHO CON FRENOS ELECTROMAGNETICOS, COLIMADOR LU",,,,,6,890000
,,,,,,,,,,
,,,,,,,,,,
,,,,,,,,,,
,,,,,,,,,,
,,38,01/05/2026,DPSCAP,110,12,1110104000,,6100000,Sol.de Gastos
,,,,,,,,,,
,,,3.3.3.01400.0001,"MANTENIMIENTO ASCENSORES - MANTENIMIENTO MENSUAL DE 5 (CINCO)  ASCENSORES  UBICADOS EN:   *CAPS DR JORGE SALINAS , DIRECCION PERGAMINO 1820 ENTRE TUCUMAN Y MUNILLA  *DIRECCION DE SALUD Y TERRITORIO, PELLEGRINI 622  CAPS DR MONTE, DIRECCION GRITO DE ALCORT",,,,,4,1525000
,,,,,,,,,,
,,,,,,,,,,
,,,,,,,,,,
,,,,,,,,,,
,,39,01/05/2026,DPSCAP,110,12,1110104000,,3600000,Sol.de Gastos
,,,,,,,,,,
,,,3.3.1.02828.0002,DESAGOTE  DE POZO CIEGO - SERVICIO HASTA AGOTAR ORDEN DE COMPRA DE $3.600.000.-    EL PROVEEDOR DEBERA INDICAR PRECIO UNITARIO DEL SERVICIO  ,,,,,1,3600000
,,,,,,,,,,
,,,,,,,,,,
,,,,,,,,,,
,,,,,,,,,,
,,40,01/06/2026,6LOGIS,110,45,1110103000,,71019000,Ped.Suministros
,,,,,,,,,,
,,,2.3.1.01612.0002,"LIBRO DE ACTAS - TAMAÑO 22 X 34 CM. - CANTIDAD DE HOJA 100 - Nº 200 FOLIOS - HOJA RAYADA, COSIDA,  CALIDAD SIMILAR ARENALES",,,,,200,8000
,,,,,,,,,,
,,,,,,,,,,
,,,,,,,,,,
,,,,,,,,,,
,,41,01/06/2026,DHMORO,110,12,1110104000,,15090000,Sol.de Gastos
,,,,,,,,,,
,,,2.9.1.00642.0033,JABON P/LAVAR ROPA - LAVADO LAVARROPAS AUTOMATICO - CONTENIDO LIQUIDO - ENVASE BIDON CON ROTULO - BAJA ESPUMA - PRESENTACION x 5 LITROS (SE DEBERA ENTREGAR EN CAJA),,,,,120,6000
,,,,,,,,,,
,,,,,,,,,,
,,,,,,,,,,
,,,,,,,,,,
,,42,01/06/2026,DHMORO,110,12,1110104000,,7000000,Sol.de Gastos
,,,,,,,,,,
,,,3.4.6.02354.0006,SERVICIO SISTEMAS ESPECIFICOS - DESCRIPCION MANTENIMIENTO CORRECTIVO PLATAFORMA CLOUD PARA LA ADMINISTRACION DEL SERVICIO DE SALUD EN HOSPITAL MUNICIPAL OSTACIANA B. DE LAVIGNOLLE Y SUS CONSULTORIOS EXTERNOS. EL SERVICIO DE GESTION ON LINE DEBERA INCLUIR:,,,,,2,3500000
,,,,,,,,,,
,,,,,,,,,,
,,,,,,,,,,
,,,,,,,,,,
,,43,01/06/2026,6SAEE,132,24,1110107000,,21592000,Sol.de Gastos
,,,,,,,,,,
,,,5.1.5.07284.0003,COCINA - INDUSTRIAL A GAS DE 5 o 6 HORNALLAS DE ACERO INOXIDABLE CON HORNO CON PISO DE LADRILLOS REFRACTARIOS - ANCHO 82 CM APROX,,,,,7,520000
,,,,,,,,,,
,,,,,,,,,,
,,,,,,,,,,
,,,,,,,,,,
,,44,01/06/2026,6EDUDC,131,24,1110107000,,25474.76,Ped.Suministros
,,,,,,,,,,
,,,2.7.4.06937.0003,"KIT FRENTE PLACARD - MEDIDAS 3,02 M. - DESCRIPCION ................",,,,,2,12737.38
,,,,,,,,,,
,,,,,,,,,,
,,,,,,,,,,
,,,,,,,,,,
,,45,01/06/2026,SOBPUB,110,15,1110105000,,8000000,Sol.de Gastos
,,,,,,,,,,
,,,3.2.2.06153.0002,"ALQUILER MINICARGADORA TIPO BOBCAT - DESCRIPCION - POR LA CANTIDAD DE 15 DIAS, CON CHOFER Y TRASLADO DIARIO A LOS PUNTOS DE OBRA INCLUIDO- IMPLEMENTO DE MARTILLO INCLUIDO- SEGURO DE MAQUINARIA SIN FRANQUICIA NI COSTO ALGUNO ADICIONAL A CARGO DEL MUNICIPIO",,,,,1,8000000
,,,,,,,,,,
,,,,,,,,,,
,,,,,,,,,,
,,,,,,,,,,
,,46,01/06/2026,DHMORO,110,12,1110104000,,7437220,Sol.de Gastos
,,,,,,,,,,
,,,2.5.2.02551.0398,REACTIVO - ROTAVIRUS Y ADENOVIRUS 4041 TIRAS x 25,,,,,2,104340
,,,,,,,,,,
,,,,,,,,,,
,,,,,,,,,,
,,,,,,,,,,
,,47,01/06/2026,6EDUDC,131,24,1110107000,,17990000,Sol.de Gastos
,,,,,,,,,,
,,,2.9.1.07096.0004,KIT DE LIMPIEZA - TIPO N° 1 COMPLEJO - DESCRIPCION EN ARCHIVO ADJUNTO,,,,,4,840000
,,,,,,,,,,
,,,,,,,,,,
,,,,,,,,,,
,,,,,,,,,,
,,48,01/06/2026,DHMORO,110,12,1110104000,,39578000,Sol.de Gastos
,,,,,,,,,,
,,,2.5.2.01723.0017,ANTISEPTICO LOCAL - DROGA GENERICA GLUTARALDEHIDO C/ACTIVADOR PH NEUTRO USO MEDICO DE 28 DIAS DE ACT. C/SURFRACTACTES - FORMA FARMACEUTICA SOLUCION AL 2% - PRESENTACION x 1 LITRO,,,,,200,5000
,,,,,,,,,,
,,,,,,,,,,
,,,,,,,,,,
,,,,,,,,,,
,,49,01/06/2026,SCIUDA,131,50,1110117000,,5800000,Sol.de Gastos
,,,,,,,,,,
,,,3.4.6.07853.0001,"PLATAFORMA  TECNOLOGICA INTEGRAL - MANTENIMIENTO MOBILE ANDROID ALERTA MORON. DETALLE: A EFECTOS DE PODER SUBSANAR POSIBLES ERRORES  POR CAMBIOS DE VERSIONES DE SISTEMA OPERATIVO Y GARANTIZAR AL VECINO ALTA DISPONIBILIDAD, IMPLEMENTACION Y CAPACIDAD DE UN",,,,,2,2900000
,,,,,,,,,,
,,,,,,,,,,
,,,,,,,,,,
,,,,,,,,,,
,,50,01/06/2026,6EDUDC,131,24,1110107000,,3637193,Sol.de Gastos
,,,,,,,,,,
,,,2.1.1.00514.0015,SAL - CONSISTENCIA GRUESA - ENVASE BOLSA - PESO 1Kg. - TIPO  DOS ANCLAS/ CELUSAL,,,,,14,3080
,,,,,,,,,,
,,,,,,,,,,
,,,,,,,,,,
,,,,,,,,,,
,,51,01/06/2026,SCIUDA,131,50,1110117000,,7860000,Sol.de Gastos
,,,,,,,,,,
,,,3.2.9.05074.0001,"ALQUILER DE BAÑOS QUÍMICOS - INCLUYE 4 DESAGOTES MENSUALES Y LIMPIEZA, PARA CABINA DE SEGURIDAD MOVIL.",,,,,3,320000
,,,,,,,,,,
,,,,,,,,,,
,,,,,,,,,,
,,,,,,,,,,
,,52,01/06/2026,6EDUDC,131,24,1110107000,,4134800,Sol.de Gastos
,,,,,,,,,,
,,,2.1.1.00611.0007,CREMA - TIPO PASTEURIZADA - ENVASE POTE PLASTICO - CONTENIDO 200cm¦.,,,,,550,2020
,,,,,,,,,,
,,,,,,,,,,
,,,,,,,,,,
,,,,,,,,,,
,,53,01/06/2026,6EDUDC,131,24,1110107000,,1839000,Sol.de Gastos
,,,,,,,,,,
,,,2.1.1.00621.0001,"AVE - ESPECIE POLLOS FRESCOS, NO CONGELADOS - PRESENTACION EN CAJONES CUBIERTOS DE HIELO,PESO APROXIMADO 2 KG. C/U - EVISCERADO CON MENUDOS.",,,,,70,4000
,,,,,,,,,,
,,,,,,,,,,
,,,,,,,,,,
,,,,,,,,,,
,,54,01/06/2026,6DARC,110,41,1110111000,,940000,Sol.de Gastos
,,,,,,,,,,
,,,2.9.6.01355.0045,"CARTUCHO DE TINTA - JUEGO COMPLETO DE CARTUCHOS ORIGINALES HP 711, 4(CUATRO COLORES), CIAN ,MAGENTA, AMARILLO Y NEGRO- PARA PLOTTER LASER DESIGNETJET T520.",,,,,2,470000
,,,,,,,,,,
,,,,,,,,,,
,,,,,,,,,,
,,,,,,,,,,
,,55,01/06/2026,SCIUDA,131,50,1110117000,,31200000,Sol.de Gastos
,,,,,,,,,,
,,,3.2.2.06521.0001,"ALQUILER DE CAMION - TIPO IVECO 7017, CON CARGA MAXIMA 5TN, MALACATE PARA 4 TONELADAS, PLANCHA DE 2.30 X 5.30 PARA ACARREO DE VEHICULO LIVIANO Y/O MEDIANO. EL SERVICIO INCLUYE CHOFER, DISPONIBLE LAS 24 HS Y COMBUSTIBLE",,,,,4,7800000
,,,,,,,,,,
,,,,,,,,,,
,,,,,,,,,,
,,,,,,,,,,
,,56,01/06/2026,6EDUDC,131,24,1110107000,,70850000,Sol.de Gastos
,,,,,,,,,,
,,,3.5.1.02464.0003,"SERVICIO DE CHARTER - DESCRIPCION SERVICIO DE TRANSPORTE DE ALUMNOS, CON DISCAPACIDAD MENTAL MODERADA Y SEVERA, DESDE SU CASA HASTA LA ESCUELA Y VICEVERSA, CON CELADORA. RECORRIDO 2: TURNOS MAÑANA Y TARDE. KM. RECORRIDOS IDA Y VUELTA 35 KM APROXIMADAMENTE",,,,,50,208000
,,,,,,,,,,
,,,,,,,,,,
,,,,,,,,,,
,,,,,,,,,,
,,57,01/06/2026,6EDUDC,131,24,1110107000,,28800000,Sol.de Gastos
,,,,,,,,,,
,,,3.5.1.02464.0026,"SERVICIO DE CHARTER - DESCRIPCION CONTRATACION DE UN MICRO PARA TRANSPORTE DE ALUMNOS. RECORRIDO DE 120 KM APROX DENTRO DEL PARTIDO DE MORÓN. EL MICRO DEBERÁ TENER HABILITACION, VERIFICACION TECNICA VEHICULAR Y SEGURO DE TRANSPORTE DE PASAJEROS.",,,,,50,576000
,,,,,,,,,,
,,,,,,,,,,
,,,,,,,,,,
,,,,,,,,,,
,,58,01/06/2026,DHMORO,110,12,1110104000,,4473600,Sol.de Gastos
,,,,,,,,,,
,,,2.5.2.00711.0002,ALCOHOL USO MEDICINAL - PUREZA 96° - CAPACIDAD 1000cc.,,,,,72,3300
,,,,,,,,,,
,,,,,,,,,,
,,,,,,,,,,
,,,,,,,,,,
,,59,01/06/2026,DHMORO,110,12,1110104000,,7988200,Sol.de Gastos
,,,,,,,,,,
,,,2.9.5.00448.0001,FRASCO ESTERIL USO BIOL - PARA UROCULTIVO - CAPACIDAD 125ml - PRESENTACION CON TAPA DE PLASTICO.,,,,,5000,140
,,,,,,,,,,
,,,,,,,,,,
,,,,,,,,,,
,,,,,,,,,,
,,60,01/06/2026,DHMORO,110,12,1110104000,,19000000,Sol.de Gastos
,,,,,,,,,,
,,,4.3.3.05833.0005,"ACCESORIOS P/TORRE DE LAPAROSCOPÍA - DESCRIPCION ENDOCAMARA PROCAM HD2 - ULTRALIVIANA (HIGH DEFINITION 1920 x 1080 PARA TORRE DE LAPAROSCOPIA MARCA ECLERIS, SEGUN EL SIGUIENTE DETALLE:  VIDEOCAMARA DE ALTA DEFINICION, CON EXCELENTE REPRODUCCION DE LOS COL",,,,,2,9500000
,,,,,,,,,,
,,,,,,,,,,
,,,,,,,,,,
,,,,,,,,,,
,,61,01/06/2026,SCIUDA,131,50,1110117000,,30000000,Ped.Suministros
,,,,,,,,,,
,,,3.4.1.02184.0003,"ENCUESTA - MONITOREO DE OPINION PUBLICA. PROGRAMA INTEGRAL DE MONITOREO DE LA OPINION PUBLICA ORIENTADO A MEJORAR LA TOMA DE DECISIONES A PARTIR DE LA REALIZACION SISTEMICA DE GRUPOS FOCALES. OBJETIVOS: PERCEPCION DE LA INSEGURIDAD, NIVELS DE VICTIMIZACIO",,,,,10,3000000
,,,,,,,,,,
,,,,,,,,,,
,,,,,,,,,,
,,,,,,,,,,
,,62,01/06/2026,DHMORO,110,12,1110104000,,3360000,Sol.de Gastos
,,,,,,,,,,
,,,2.9.5.04339.0001,RESUCITADOR MANUAL - VALVULA DE SEGURIDAD SEGURIDAD CON BOLSA RESERVORIO DE 02 ADULTO -  GARANTIA 1 AÑO,,,,,15,60000
,,,,,,,,,,
,,,,,,,,,,
,,,,,,,,,,
,,,,,,,,,,
,,63,01/06/2026,DHMORO,110,12,1110104000,,2180000,Sol.de Gastos
,,,,,,,,,,
,,,3.3.3.02188.0040,"REPARACION DE EQUIPOS HOSPITALARIOS - REPARACION DE CARDIOVERSOR MARCA E&M MODELO C-12 SEGUN EL SIGUIENTE DETALLE:  -REPARACION, MANTENIMIENTO, VERIFICACION DE PERFORMANCE Y CUMPLIMIENTO DE NORMAS APLICABLES DE CARDIOVERSOR E&M MODELO C-12 SERIE N°132-010",,,,,1,290000
,,,,,,,,,,
,,,,,,,,,,
,,,,,,,,,,
,,,,,,,,,,
,,64,01/07/2026,6EDUDC,131,24,1110107000,,9220000,Sol.de Gastos
,,,,,,,,,,
,,,3.3.1.02828.0007,DESAGOTE  DE POZO CIEGO - DESCRIPCION DESAGOTE DE CAMARA DE GRASA DE COCINA.,,,,,2,520000
,,,,,,,,,,
,,,,,,,,,,
,,,,,,,,,,
,,,,,,,,,,
,,65,01/07/2026,6EDUDC,131,24,1110107000,,10450000,Sol.de Gastos
,,,,,,,,,,
,,,4.3.9.01296.0043,MATAFUEGO - TIPO ABC - AGENTE EXTINTOR POLVO QUIMICO TRICLASE - CAPACIDAD 5Kg.- CON OBLEA- GANCHO PARA COLGAR Y BALIZA,,,,,22,160000
,,,,,,,,,,
,,,,,,,,,,
,,,,,,,,,,
,,,,,,,,,,
,,66,01/07/2026,6EDUDC,131,24,1110107000,,341300,Sol.de Gastos
,,,,,,,,,,
,,,2.5.5.00728.0099,PINTURA AL LATEX - TIPO ANTIHONGO - USO EXTERIORES - COLOR BLANCO - CAPACIDAD 20 LT,,,,,1,80000
,,,,,,,,,,
,,,,,,,,,,
,,,,,,,,,,
,,,,,,,,,,
,,67,01/07/2026,6EDUDC,131,24,1110107000,,1017500,Sol.de Gastos
,,,,,,,,,,
,,,2.9.6.07647.0001,TUBOS DE SILICONA - CARTUCHO X 250 GRAMOS- TRANSPARENTE,,,,,1,6500
,,,,,,,,,,
,,,,,,,,,,
,,,,,,,,,,
,,,,,,,,,,
,,68,01/07/2026,6EDUDC,131,24,1110107000,,3182000,Sol.de Gastos
,,,,,,,,,,
,,,2.7.9.03473.0003,"FLEXIBLE P/AGUA - MEDIDAS 1/2"" X 30 CM. - CORRUGADO- MATERIAL ACERO INOXIDABLE",,,,,2,12000
,,,,,,,,,,
,,,,,,,,,,
,,,,,,,,,,
,,,,,,,,,,
,,69,01/07/2026,6EDUDC,131,24,1110107000,,9185728,Sol.de Gastos
,,,,,,,,,,
,,,2.1.1.00541.0002,CARNE - ESPECIE VACUNO - CORTE MILANESA DE NALGA,,,,,158,18500
,,,,,,,,,,
,,,,,,,,,,
,,,,,,,,,,
,,,,,,,,,,
,,70,01/07/2026,6EDUDC,131,24,1110107000,,8515368.2,Sol.de Gastos
,,,,,,,,,,
,,,2.1.1.00599.0001,"ZAPALLITO - TIPO VERDE, VARIEDAD REDONDA, TAMAÑO PAREJO - PRESENTACION POR KILO.",,,,,201,1450
,,,,,,,,,,
,,,,,,,,,,
,,,,,,,,,,
,,,,,,,,,,
,,71,01/07/2026,6EDUDC,131,24,1110107000,,10570640,Ped.Suministros
,,,,,,,,,,
,,,2.3.1.01612.0002,"LIBRO DE ACTAS - TAMAÑO 22 X 34 CM. - CANTIDAD DE HOJA 100 - Nº 200 FOLIOS - HOJA RAYADA, COSIDA,  CALIDAD SIMILAR ARENALES",,,,,120,5800
,,,,,,,,,,
,,,,,,,,,,
,,,,,,,,,,
,,,,,,,,,,
,,72,01/07/2026,6EDUDC,131,24,1110107000,,7432113.86,Sol.de Gastos
,,,,,,,,,,
,,,2.1.1.00481.0010,"AZUCAR - TIPO ""A"" COMUN - ESTADO BLANCA MOLIDA - PESO 1000GR - ENVASE BOLSA DE POLIETILENO. TIPO DOMINO",,,,,141,1010.7
,,,,,,,,,,
,,,,,,,,,,
,,,,,,,,,,
,,,,,,,,,,
,,73,01/07/2026,INFRA,110,15,1110105000,,7935000,Sol.de Gastos
,,,,,,,,,,
,,,2.5.6.03443.0001,ACEITES LUBRICANTES - Destino: Carter Diesel - Semisintético - Tipo: Castrol GTX 10w 40  A3 / B4 (AXION * XV500 10w 40 (YPF) * Rimula R6 LM 10w 40 (SHELL) - Presentación: Tambor x 205 Lts    ,,,,,2,1190000
,,,,,,,,,,
,,,,,,,,,,
,,,,,,,,,,
,,,,,,,,,,
,,74,01/07/2026,DHMORO,110,12,1110104000,,6000000,Sol.de Gastos
,,,,,,,,,,
,,,3.2.9.03558.0001,ALQUILER DE EQUIPAMIENTO HOSPITALARIO - AQUILER DE 30 BOMBAS DE INFUSION VOLUMETRICA BENEFUSION VP-3.   LAS BOMBAS DEBERAN CONTAR CON CERTIFICADO DE CALIBRACION /MP VIGENTE.    EN CASO DE FALLA PROPIA DEL EQUIPO O FALLA POR MAL USO SE PROCEDERA AL REEEMPL,,,,,2,3000000
,,,,,,,,,,
,,,,,,,,,,
,,,,,,,,,,
,,,,,,,,,,
,,75,01/07/2026,6LOGIS,110,45,1110103000,,36959500,Ped.Suministros
,,,,,,,,,,
,,,2.5.1.07605.0001,"SANITIZANTE - TIPO AMONIO CUATERNARIO- PARA DESINFECTAR PISOS, PAREDES, BAÑOS, ETC.  BIDON POR 5 LITROS- ( SE DEBERÁ ENTREGAR EN CAJAS REFORZADAS)",,,,,400,12100
,,,,,,,,,,
,,,,,,,,,,
,,,,,,,,,,
,,,,,,,,,,
,,76,01/07/2026,DHMORO,110,12,1110104000,,7640000,Sol.de Gastos
,,,,,,,,,,
,,,3.3.9.07280.0001,MANTENIMIENTO DE EQUIPOS - MANTENIMIENTO PREVENTIVO DE EQUIPOS DEL SERVICIO DE TERAPIA INTENSIVA Y SERVICIO NEONATOLOGIA QUE INCLUYE EL FUNCIONAMIENTO DE 9 CAMAS DE UTI Y 15 UNIDADES DE NEONATOLOGIA DE ACUERDO AL SIGUIENTE EQUIPAMIENTO:  -MONITORES MULTIP,,,,,2,3820000
,,,,,,,,,,
,,,,,,,,,,
,,,,,,,,,,
,,,,,,,,,,
,,77,01/07/2026,DHMORO,110,12,1110104000,,7800000,Sol.de Gastos
,,,,,,,,,,
,,,2.9.5.02204.0007,GUIA DE SUERO - USO PARA ADMINISTRACION DE ALIMENTACION ENTERAL - TIPO FLEXIFLO,,,,,650,12000
,,,,,,,,,,
,,,,,,,,,,
,,,,,,,,,,
,,,,,,,,,,
,,78,01/07/2026,DHMORO,110,12,1110104000,,4950000,Sol.de Gastos
,,,,,,,,,,
,,,2.5.2.03485.0002,LECHE MATERNIZADA - TIPO SANCOR BEBE - PRESENTACION LIQUIDA - CAPACIDAD ENVASE X 200ML,,,,,3000,1650
,,,,,,,,,,
,,,,,,,,,,
,,,,,,,,,,
,,,,,,,,,,
,,79,01/07/2026,6LOGIS,110,45,1110103000,,86174100,Sol.de Gastos
,,,,,,,,,,
,,,2.9.5.01909.0013,GUANTES USO MEDICINAL - TIPO DESCARTABLE - TAMAÑO MEDIANO - MATERIAL LATEX PRESENTACIÓN CAJA X 100 UNIDADES,,,,,100,11000
,,,,,,,,,,
,,,,,,,,,,
,,,,,,,,,,
,,,,,,,,,,
,,80,01/07/2026,6EDUDC,131,24,1110107000,,12930000,Sol.de Gastos
,,,,,,,,,,
,,,3.3.3.02435.0001,MANTENIMIENTO DE CALDERA - MANTENIMIENTO MENSUAL DE CALDERAS DE JARDINES MUNICIPALES 1-7-10-12-14-EE RAMON CARRILLO- INCLUYE REPUESTOS Y MANO DE OBRA,,,,,6,2155000
,,,,,,,,,,
,,,,,,,,,,
,,,,,,,,,,
,,,,,,,,,,
,,81,01/07/2026,6EDUDC,110,24,1110107000,,29192964,Sol.de Gastos
,,,,,,,,,,
,,,4.3.9.04265.0007,PROCESADORA DE ALIMENTOS - TIPO PROCESADORA DE ALIMENTOS - MINIPIMER - MODELO . - POTENCIA . - DESCRIPCION . - GARANTIA .,,,,,9,48000
,,,,,,,,,,
,,,,,,,,,,
,,,,,,,,,,
,,,,,,,,,,
,,82,01/07/2026,6EDUDC,131,24,1110107000,,878026.46,Sol.de Gastos
,,,,,,,,,,
,,,2.5.9.01055.0006,BANDEJA  DESCARTABLE - MATERIAL POLIPROPILENO - FORMATO OVAL - COLOR NATURAL - MEDIDA 18 X 13 X 4,,,,,300,105
,,,,,,,,,,
,,,,,,,,,,
,,,,,,,,,,
,,,,,,,,,,
,,83,01/07/2026,6SAEE,132,24,1110107000,,25327800.56,Sol.de Gastos
,,,,,,,,,,
,,,5.1.5.07349.0003,ARTICULOS DE BAZAR - TAZA/JARRITOS PLASTICOS 300 CC,,,,,1490,1299
,,,,,,,,,,
,,,,,,,,,,
,,,,,,,,,,
,,,,,,,,,,
,,84,01/07/2026,DPSCAP,110,12,1110104000,,11499388,Sol.de Gastos
,,,,,,,,,,
,,,2.5.9.02246.0002,GEL - USO PARA ECOGRAFIAS - CAPACIDAD X KG. - PRESENTACION POTES,,,,,6,2000
,,,,,,,,,,
,,,,,,,,,,
,,,,,,,,,,
,,,,,,,,,,
,,85,01/07/2026,DPSCAP,110,12,1110104000,,4690000,Ped.Suministros
,,,,,,,,,,
,,,2.5.2.04521.0016,MATERIAL P/ ODONTOLOGIA - DESCRIPCION FORMOCRESOL X 20 ML.,,,,,9,10000
,,,,,,,,,,
,,,,,,,,,,
,,,,,,,,,,
,,,,,,,,,,
,,86,01/07/2026,DPDPSN,132,24,1110107000,,1025530,Sol.de Gastos
,,,,,,,,,,
,,,2.3.4.00734.0002,CINTA P/EMBALAJE - DE PAPEL- TIPO AUCA MEDIDAS 18MM X 40MM,,,,,20,6380
,,,,,,,,,,
,,,,,,,,,,
,,,,,,,,,,
,,,,,,,,,,
,,87,01/07/2026,SCIUDA,131,50,1110117000,,6092320,Sol.de Gastos
,,,,,,,,,,
,,,3.2.9.05074.0001,"ALQUILER DE BAÑOS QUÍMICOS - CUATRO BAÑOS CON LAVAMANO Y RETRETE, INCLUYE 4 DESAGOTES MENSUALES",,,,,4,1080
,,,,,,,,,,
,,,,,,,,,,
,,,,,,,,,,
,,,,,,,,,,
,,88,01/07/2026,DHMORO,110,12,1110104000,,900000,Sol.de Gastos
,,,,,,,,,,
,,,2.9.5.00441.0080,AGUJA QUIRURGICA - PARA PUNCIONHISTOLOGICA MAMARIA 14Ga x 10cm.  PARA SISTEMA AUTOMATICO - PRESENTACION CAJA x 10 UNIDADES - CODIGO 551420 TIPO HISTO BIOCORE II MG.,,,,,5,180000
,,,,,,,,,,
,,,,,,,,,,
,,,,,,,,,,
,,,,,,,,,,
,,89,01/07/2026,DHMORO,110,12,1110104000,,18000000,Sol.de Gastos
,,,,,,,,,,
,,,2.5.2.03350.0001,FIBRINOLITICO - FORMA FARMACEUTICA ESTREPTOQUINASA 1.500.000 U.I. - PRESENTACION FRASCO AMPOLLA.,,,,,10,1800000
,,,,,,,,,,
,,,,,,,,,,
,,,,,,,,,,
,,,,,,,,,,
,,90,01/08/2026,26CIUD,110,58,1110116000,,78461639.76,Sol.de Gastos
,,,,,,,,,,
,,,3.1.5.01384.0001,"DISTRIBUCION DE CORREOS - CONTRATACION DE SERVICIO PARA ENVIO DE CORRESPONDENCIA HASTA LA SUMA DE $78.461.639,76 (PESOS SETENTA Y OCHO  MILLONES CUATROCIENTOS SESENTA Y UN MIL SEISCIENTOS TREINTA Y NUEVE CON SETENTA Y SEIS CENTAVOS) PARA EL ENVÍO MENSUAL ",,,,,1,78461639.76
,,,,,,,,,,
,,,,,,,,,,
,,,,,,,,,,
,,,,,,,,,,
,,91,01/08/2026,DHMORO,110,12,1110104000,,7408720,Sol.de Gastos
,,,,,,,,,,
,,,2.5.4.00506.0050,INSECTICIDA - PRINCIPIO ACTIVO JERINGAS TIPO MAXFORCE CUCARCHICIDA - USO P/CONTROL DE CUCARACHAS - CAPACIDAD 30GRS.,,,,,120,20570
,,,,,,,,,,
,,,,,,,,,,
,,,,,,,,,,
,,,,,,,,,,
,,92,01/08/2026,DHMORO,110,12,1110104000,,60000000,Sol.de Gastos
,,,,,,,,,,
,,,2.5.2.03441.0003,BOLSAS DE ALIMENTACION PARENTERAL - DESCARTABLE PARA  ADULTOS DE 1500 a 3000ml.   CON O SIN LIPIDOS - CON FILTROS.  PROVISION PARA PACIENTES QUE REQUIEREN APORTE NUTRICIONAL ARTIFICIAL. LA COMPOSICION DE LAS FORMULAS ES VARIABLE SEGUN REQUERIMIENTO INDIVI,,,,,50,1200000
,,,,,,,,,,
,,,,,,,,,,
,,,,,,,,,,
,,,,,,,,,,
,,93,01/08/2026,SCIUDA,131,50,1110117000,,6617792,Sol.de Gastos
,,,,,,,,,,
,,,2.9.6.00625.0005,PASTILLA DE FRENO - JUEGO TIPO PEUGEOT 208,,,,,1,47403
,,,,,,,,,,
,,,,,,,,,,
,,,,,,,,,,
,,,,,,,,,,
,,94,01/08/2026,DESARR,110,24,1110107000,,21049353,Sol.de Gastos
,,,,,,,,,,
,,,5.1.4.04378.0002,"QUESOS - TIPO CREMOSO, PRESENTACION POR HORMA",,,,,441,30080
,,,,,,,,,,
,,,,,,,,,,
,,,,,,,,,,
,,,,,,,,,,
,,95,01/08/2026,DESARR,110,24,1110107000,,15790500,Sol.de Gastos
,,,,,,,,,,
,,,5.1.4.06788.0001,Pollo - POLLO TIPO PATA MUSLO PRESENTACION POR KG,,,,,5445,2900
,,,,,,,,,,
,,,,,,,,,,
,,,,,,,,,,
,,,,,,,,,,
,,96,01/08/2026,DESARR,110,24,1110107000,,4741898,Sol.de Gastos
,,,,,,,,,,
,,,2.1.1.02124.0003,AVENA - TIPO INSTANTANEA QUAKER - ESTADO NATURAL - PRESENTACION CAJA - PESO 400 GS INSTANTANEA,,,,,10,2100
,,,,,,,,,,
,,,,,,,,,,
,,,,,,,,,,
,,,,,,,,,,
,,97,01/08/2026,DESARR,110,24,1110107000,,120610000,Sol.de Gastos
,,,,,,,,,,
,,,5.1.4.03451.0001,"AZUCAR - TIPO ""A"" COMUN - ESTADO BLANCA MOLIDA - PRESENTACION BOLSA DE POLIETILENO X 1000 GRS.",,,,,20000,1000
,,,,,,,,,,
,,,,,,,,,,
,,,,,,,,,,
,,,,,,,,,,
,,98,01/09/2026,DHMORO,110,12,1110104000,,7983000,Sol.de Gastos
,,,,,,,,,,
,,,2.9.6.04131.0002,SENSORES DE SP02 - SpO2 - SENSOR ADULTO REUSABLE PARA MONITOR MINDRAY VS800 - 3M - ORANTECH.,,,,,2,125000
,,,,,,,,,,
,,,,,,,,,,
,,,,,,,,,,
,,,,,,,,,,
,,99,01/09/2026,DERECR,110,58,1110116000,,16700000,Ped.Suministros
,,,,,,,,,,
,,,2.1.1.00606.0002,"MANZANA - TIPO RED DELICIOSA - PRESENTACION POR KILO, TAMAÑO PAREJO DE PESO APROX. 200 GR. POR UNIDAD.  SE SOLICITA ENTREGAR EN SEDES DE COLONIA, CANTIDADES A ACORDAR CON SUBSEC DE DEPORTE Y RECREACION.  SEDES:   SITAS (ING MARCONI 1225, EL PALOMAR)  ATEN",,,,,2200,3500
,,,,,,,,,,
,,,,,,,,,,
,,,,,,,,,,
,,,,,,,,,,
,,100,01/09/2026,DERECR,110,58,1110116000,,23184000,Sol.de Gastos
,,,,,,,,,,
,,,2.9.1.07580.0001,"HIPOCLORITO DE SODIO - TIPO CLORO LIQUIDO PARA PILETAS - PRESENTACION BIDONES DE 20 LITROS  ENTREGAR EN SEIS SEDES DE COLONIA DE VERANO, CANTIDADES POR SEDE A ACORDAR CON LA SUBSECRETARIA DE DEPORTE Y RECREACION.   CLUB SOCIAL (R. GUTIERREZ 702, V. SARMIE",,,,,750,30000
,,,,,,,,,,
,,,,,,,,,,
,,,,,,,,,,
,,,,,,,,,,
,,101,01/12/2026,DHMORO,110,12,1110104000,,2950000,Sol.de Gastos
,,,,,,,,,,
,,,2.9.6.07627.0001,REPUESTOS P/ MESA DE ANESTESIA - DESCRIPCION BATERIA LI-ION 20/30 MINDRAY LI23S001A PARA MESA DE ANESTESIA MINDRAY WATO 30,,,,,5,590000
,,,,,,,,,,
,,,,,,,,,,
,,,,,,,,,,
,,,,,,,,,,
,,102,01/12/2026,DHMORO,110,12,1110104000,,2090000,Sol.de Gastos
,,,,,,,,,,
,,,2.9.6.04074.0002,REPUESTOS P/APARATOS NEONATOLOGIA - TRANDUCTOR DE US BISTOS BT350 - GARANTIA 6 MESES.,,,,,2,420000
,,,,,,,,,,
,,,,,,,,,,
,,,,,,,,,,
,,,,,,,,,,
,,103,01/12/2026,DHMORO,110,12,1110104000,,1461918,Ped.Suministros
,,,,,,,,,,
,,,2.1.1.00599.0001,"ZAPALLITO - TIPO VERDE, TAMAÑO PAREJO - PRESENTACION POR KILO.",,,,,35,1026
,,,,,,,,,,
,,,,,,,,,,
,,,,,,,,,,
,,,,,,,,,,
,,104,01/12/2026,DHMORO,110,12,1110104000,,1461918,Ped.Suministros
,,,,,,,,,,
,,,2.1.1.00617.0001,"PAPA - TIPO BLANCA, TAMAÑO PAREJO, SIN BROTES - PRESENTACION POR KILO, DE 150 A 200 GR. C/UNIDAD",,,,,144,990
,,,,,,,,,,
,,,,,,,,,,
,,,,,,,,,,
,,,,,,,,,,
,,105,01/12/2026,DERECR,110,58,1110116000,,7767000,Sol.de Gastos
,,,,,,,,,,
,,,2.1.1.00705.0029,"LECHE - ESTADO LIQUIDA - AGREGADO CHOCOLATE - ENVASE TETRA BRIK - CONTENIDO 250cm3 - PRESENTACION PACK POR 18 UNIDADES  ENTREGA POR SEDES, SEGUN LO ACORDADO CON LASUBSECRETARIA DE DEPORTE Y RECREACION.  SEDES:   SITAS (ING MARCONI 1225, EL PALOMAR)  ATENE",,,,,450,17260
,,,,,,,,,,
,,,,,,,,,,
,,,,,,,,,,
,,,,,,,,,,
,,106,01/12/2026,DESARR,110,24,1110107000,,3930000,Sol.de Gastos
,,,,,,,,,,
,,,2.1.1.00669.0033,PAN - TIPO FELIPE (FLAUTA) - PRESENTACION POR KILO,,,,,1300,3000
,,,,,,,,,,
,,,,,,,,,,
,,,,,,,,,,
,,,,,,,,,,
,,107,01/12/2026,6YORES,132,24,1110107000,,7862000,Sol.de Gastos
,,,,,,,,,,
,,,5.1.7.08130.0001,ENDUIDO - TIPO PLASTICO INTERIOR- PAPACIDAD X 20 LITROS,,,,,12,46000
,,,,,,,,,,
,,,,,,,,,,
,,,,,,,,,,
,,,,,,,,,,
,,108,01/12/2026,DERECR,110,58,1110116000,,580796,Ped.Suministros
,,,,,,,,,,
,,,4.3.5.07093.0001,GAZEBO - DESCRIPCION CON PAREDES LATERALES DE 3 M X 3M - COLOR ROJO - TELA OXFORD CON PROTECCION IMPERMEABLE CONTRA RAYOS UV - CON BOLSO TRANSPORTABLE - LOGO DEL MUNICIPIO DE MORON Y LEYENDA A ACORDAR EN 3 LATERALES,,,,,4,145199
,,,,,,,,,,
,,,,,,,,,,
,,,,,,,,,,
,,,,,,,,,,
,,109,01/13/2026,DHMORO,110,12,1110104000,,7950000,Sol.de Gastos
,,,,,,,,,,
,,,3.3.3.02440.0001,"MANT. EQUIPO DE RADIOLOGIA - DESCRIPCION SERVICIO DE MANTENIMIENTO PREVENTIVO-CORRECTIVO DE EQUIPOS DE RX, DEPENDIENTES DEL SERVICIO DE DIAGNOSTICO POR IMAGENES. EL SERVICIO INCLUYE 1 VISITA PROGRAMADA MENSUAL Y LLAMADAS DE URGENCIAS. INCLUYE LA PROVISION",,,,,3,2650000
,,,,,,,,,,
,,,,,,,,,,
,,,,,,,,,,
,,,,,,,,,,
,,110,01/13/2026,DPSCAP,110,12,1110104000,,1815080,Sol.de Gastos
,,,,,,,,,,
,,,2.5.9.00945.0004,PLACA RADIOGRAFICA - SENSIBILIDAD AL VERDE - DIMENSION 35 X 43Cm. - PRESENTACION CAJA X 100,,,,,2,200000
,,,,,,,,,,
,,,,,,,,,,
,,,,,,,,,,
,,,,,,,,,,
,,111,01/13/2026,RCONTA,110,45,1110103000,,80000,Sol.de Gastos
,,,,,,,,,,
,,,3.3.3.02040.0001,MANT. AIRE ACONDICIONADO - Aire Acondicionado Sub Contaduría. Marca Surrey. Cambio de Capacitor,,,,,1,80000
,,,,,,,,,,
,,,,,,,,,,
,,,,,,,,,,
,,,,,,,,,,
,,112,01/13/2026,DPDPSN,132,24,1110107000,,1151950,Sol.de Gastos
,,,,,,,,,,
,,,2.9.4.00690.0013,CUCHARA - TIPO CUCHARITA - INFANTIL DE PLASTICO TIPO IKEA CHILDREN,,,,,20,1300
,,,,,,,,,,
,,,,,,,,,,
,,,,,,,,,,
,,,,,,,,,,
,,113,01/13/2026,DPSCAP,110,12,1110104000,,3942000,Sol.de Gastos
,,,,,,,,,,
,,,3.3.3.07183.0001,"MANTENIMIENTO Y REPARACION DE EQUIPOS HOSPITALARIOS - REPARACION DE LOS SIGUIENTES EQUIPOS:  DOS BALANZAS MECANICAS CON ALTIMETRO: SE NECESITA LA CALIBRACION DE CARGA, LIMPIEZA Y LUBRICACION.    ECG CARDIO TECNICA RG-401 SERIE Nº 9498: SE NECESITA REPARAC",,,,,1,3942000
,,,,,,,,,,
,,,,,,,,,,
,,,,,,,,,,
,,,,,,,,,,
,,114,01/13/2026,DPSCAP,110,12,1110104000,,690000,Ped.Suministros
,,,,,,,,,,
,,,3.3.2.02460.0023,REPARACION DE CAMION CAMIONETA Y EQ.VIALES - REPARACION DE PERDIDA DE GASOIL Y CAMBIO DE CORREA POLI V DE MOVIL IAV404.    COLOCACION Y RECAMBIO DE BATERIA 12*65 TIPO WILLARD  PARA MOVIL AE992SS,,,,,1,690000
,,,,,,,,,,
,,,,,,,,,,
,,,,,,,,,,
,,,,,,,,,,
,,115,01/13/2026,DERECR,110,58,1110116000,,7427462.5,Sol.de Gastos
,,,,,,,,,,
,,,4.3.9.01316.0004,"HIDROLAVADORA - MOTOR ELECTRICO DE REDIMIENTO HOMOLOGADO - MOTOR CON CASACA DE ALUMINIO - MAGUERA DE ALTA PRESION DE 8m -  BOQUILLA DE CONEXION RAPIDA 0º, 25º, 40º - PISTOLA PROFECIONAL CON CIERRE DE SEGURIDAD - LLANTA SEMILLENA DE 8 PULGADAS - FLTRO DE A",,,,,1,1346316.5
,,,,,,,,,,
,,,,,,,,,,
,,,,,,,,,,
,,,,,,,,,,
,,116,01/13/2026,DERECR,110,58,1110116000,,4990098.24,Sol.de Gastos
,,,,,,,,,,
,,,3.9.9.07396.0001,"SERVICIO DE DISTRIBUCION DE VIANDAS - COMPUESTA POR:  COLITA DE CUADRIL CON VERDURAS - POSTRE: GELATINA - BEBIDA: AGUA SABORIZADA DE 500 CM3  EL MENU DEBE CONTAR CON CUBIERTOS DESCARTABLES, SERVILLETAS, PAN, SAL, ADEREZOS NECESARIOS.  LA MISMA DEBERA SER ",,,,,288,17326.73
,,,,,,,,,,
,,,,,,,,,,
,,,,,,,,,,
,,,,,,,,,,
,,117,01/14/2026,DIRVH,110,15,1110105000,,6500000,Sol.de Gastos
,,,,,,,,,,
,,,2.5.1.01502.0004,ALQUITRAN Y BITALCO - Tipo Emulsión Cationica Asfáltica - Corte Rápido - Base Acusa y con incorporaciones de Elastomeros - Presentación = Tambor x 205 Lts - Tipo: DAKOBRA  ,,,,,10,650000
,,,,,,,,,,
,,,,,,,,,,
,,,,,,,,,,
,,,,,,,,,,
,,118,01/14/2026,ALUMP,110,15,1110105000,,75000000,Sol.de Gastos
,,,,,,,,,,
,,,2.9.3.02301.0001,FOTOCONTROL - Uso iluminación exterior - Corriente nominal 10 A - Tensión 220 V - Potencia 1000 W - Electromecanico - Normas IRAM AADL J20-24/J20-25 - Con Enchufe Universal - Tipo: LUMNIA - MOD 8FN2C - GARANTIA : 01 AÑO    OBSERVACIONES =  PRESENTAR MUEST,,,,,6000,12500
,,,,,,,,,,
,,,,,,,,,,
,,,,,,,,,,
,,,,,,,,,,
,,119,01/14/2026,DHMORO,110,12,1110104000,,25835000,Sol.de Gastos
,,,,,,,,,,
,,,2.9.5.06920.0001,OBTURADORES DE JERINGAS - DESCRIPCION DESCARTABLE - ESTERIL.,,,,,8000,100
,,,,,,,,,,
,,,,,,,,,,
,,,,,,,,,,
,,,,,,,,,,
,,120,01/14/2026,DPSCAP,110,12,1110104000,,7200000,Ped.Suministros
,,,,,,,,,,
,,,3.3.3.04981.0001,"MANT. DE EQUIPO ODONTOLÓGICO - Mantenimiento preventivo y correctivo para los equipos de  odontología pertenecientes a los siguientes CAPS del partido de Morón:  Juana Azurduy, Malvinas Argentinas, Dr. Gelpi, Dr. Springolo, Pte. Ibañez, Azucena Villaflor,",,,,,2,3600000
,,,,,,,,,,
,,,,,,,,,,
,,,,,,,,,,
,,,,,,,,,,
,,121,01/14/2026,6DESAH,110,24,1110107000,,500000,Sol.de Gastos
,,,,,,,,,,
,,,3.1.5.01384.0001,DISTRIBUCION DE CORREOS - HASTA AGOTAR LA SUMA DE $ 500.000.- TIPO DE CARTA SOLICITADA: ENVIO DE CARTA CERTIFICADA PLUS HASTA 150 GRS  COTIZAR COSTO UNITARIO DEL SERVICIO.-,,,,,1,500000
,,,,,,,,,,
,,,,,,,,,,
,,,,,,,,,,
,,,,,,,,,,
,,122,01/14/2026,DHMORO,110,12,1110104000,,33299800,Sol.de Gastos
,,,,,,,,,,
,,,2.5.2.03397.0006,"SUPLEMENTO NUTRICIONAL - SUPLEMENTO BEBIBLE HIPERCALORICA 1,5KCAL - SABOR VAINILLA - CAPACIDAD x 200ml. TIPO ENSURE O FORTISIP",,,,,840,4000
,,,,,,,,,,
,,,,,,,,,,
,,,,,,,,,,
,,,,,,,,,,
,,123,01/14/2026,6DESAH,131,24,1110107000,,8000000,Sol.de Gastos
,,,,,,,,,,
,,,5.1.4.03278.0001,SERVICIOS DE SEPELIOS PARA INDIGENTES - TRASLADO DENTRO DEL PARTIDO DE  MORON HASTA AGOTAR LA SUMA DE $ 8.000.000.-  EL PROVEEDOR DEBERA INDICAR EL PRECIO UNITARIO DE :    VALOR DEL KM EXTRA  INHUMACION EN EL CEMENTERIO DE MORON  ATAUD STANDARD  ATAUD MED,,,,,1,8000000
,,,,,,,,,,
,,,,,,,,,,
,,,,,,,,,,
,,,,,,,,,,
,,124,01/14/2026,DESARR,110,24,1110107000,,1020860,Ped.Suministros
,,,,,,,,,,
,,,4.3.3.00188.0001,BALANZA - TIPO SYSTEL ELECTRONICA DIGITAL - CAPACIDAD HASTA 30 KGS. - SENSIBILIDAD ALTA - ESCALA DE PESO GRADUACION MINIMA 1 GR. - PLATILLO PLATO DE ACERO INOXIDABLE ESTAMPADO Y CARCAZA DE VISOR EN MATERIAL PLASTICO -MULTIRANGO-ACCESORIO CON VISOR AMBOS L,,,,,4,255215
,,,,,,,,,,
,,,,,,,,,,
,,,,,,,,,,
,,,,,,,,,,
,,125,01/14/2026,6DESAH,110,24,1110107000,,8000000,Sol.de Gastos
,,,,,,,,,,
,,,5.1.4.03278.0001,SERVICIOS DE SEPELIOS PARA INDIGENTES - TRASLADO DENTRO DEL PARTIDO DE  MORON HASTA AGOTAR LA SUMA DE $ 8.000.000.-  EL PROVEEDOR DEBERA INDICAR EL PRECIO UNITARIO DE :    VALOR DEL KM EXTRA  INHUMACION EN EL CEMENTERIO DE MORON  ATAUD STANDARD  ATAUD MED,,,,,1,8000000
,,,,,,,,,,
,,,,,,,,,,
,,,,,,,,,,
,,,,,,,,,,
,,126,01/14/2026,6DIEME,110,12,1110104000,,880000,Ped.Suministros
,,,,,,,,,,
,,,2.1.1.00478.0019,AGUA MINERAL - TIPO SIN GASIFICAR - ENVASE BIDON - CAPACIDAD 20L.   ,,,,,200,4400
,,,,,,,,,,
,,,,,,,,,,
,,,,,,,,,,
,,,,,,,,,,
,,127,01/14/2026,DESARR,110,24,1110107000,,900519,Sol.de Gastos
,,,,,,,,,,
,,,2.1.1.00541.0001,CARNE - ESPECIE VACUNO - CORTE MILANESA DE BOLA DE LOMO FETEADA - NO EN TROZOS,,,,,32.3,13068
,,,,,,,,,,
,,,,,,,,,,
,,,,,,,,,,
,,,,,,,,,,
,,128,01/14/2026,DHMORO,110,12,1110104000,,690000,Sol.de Gastos
,,,,,,,,,,
,,,3.3.3.02418.0008,MANTENIMIENTO DE EQUIPO DE LABORATORIO - MANTENIMIENTO Y HOSTING DEL SISTEMA DE PROTOCOLOS ON LINE LWCLOUD PARA EQUIPOS DE LABORATORIO DEL HOSPITAL MUNICIPAL DE MORON (SERVICIO ANUAL). INCLUYE MANTENIMIENTO Y HOSTING.,,,,,1,690000
,,,,,,,,,,
,,,,,,,,,,
,,,,,,,,,,
,,,,,,,,,,
,,129,01/14/2026,DHMORO,110,12,1110104000,,2000000,Sol.de Gastos
,,,,,,,,,,
,,,3.3.3.08134.0001,"MANTENIMIENTO PREVENTIVO INSTRUMENTAL QUIERURGICO - INCLUYE AFILADO, ELECTROPULIDO, GRABADO LASER Y ARREGLOS EN GENERAL DE CADA INSTRUMENTAL, SEGUN EL SIGUIENTE DETALLE:  -CLIPADORA  -TROCARS  -PUNZON  -PINZA GRASPER  -PINZA BIPOLAR  -TIJERAS DE LAPARO  -",,,,,1,2000000
,,,,,,,,,,
,,,,,,,,,,
,,,,,,,,,,
,,,,,,,,,,
,,130,01/14/2026,DHMORO,110,12,1110104000,,10560000,Sol.de Gastos
,,,,,,,,,,
,,,2.5.2.02551.0973,REACTIVO - GASES EN SANGRE - SODIO/ POTASIO/ CLORURO/ CALCIO IONICO/ HEMATOCRITO/ LACTATO - INCLUYE 8 CAJAS DE CONTROL NORMAL/CONTROL ALTO/CONTROL BAJO - LOS MISMOS SERAN PROVISTOS A REQUERIMIENTO.,,,,,1200,8800
,,,,,,,,,,
,,,,,,,,,,
,,,,,,,,,,
,,,,,,,,,,
,,131,01/14/2026,FSO,110,37,1110200000,,5490000,Sol.de Gastos
,,,,,,,,,,
,,,3.3.3.01400.0001,MANTENIMIENTO ASCENSORES - MANTENIMIENTO DE TRES ASCENSORES UBICADOS EN EL HONORABLE CONCEJO DELIBERANTE DE MORON. DESDE ENERO HASTA JUNIO DEL AÑO EN CURSO.,,,,,6,915000
,,,,,,,,,,
,,,,,,,,,,
,,,,,,,,,,
,,,,,,,,,,
,,132,01/14/2026,FSO,110,37,1110200000,,1200000,Sol.de Gastos
,,,,,,,,,,
,,,2.9.9.03508.0001,ARREGLO FLORAL - TIPO CORONA DE LAURELES - ADQUISICION DE OFRENDAS CORONA DE LAURELES Y ARREGLOS FLORALES - HOMENAJE NATALICIO Y FALLECIMIENTO DE PROCERES Y EX PRESIDENTES.,,,,,10,120000
,,,,,,,,,,
,,,,,,,,,,
,,,,,,,,,,
,,,,,,,,,,
,,133,01/14/2026,FSO,110,37,1110200000,,9600000,Sol.de Gastos
,,,,,,,,,,
,,,3.3.3.02040.0001,"MANT. AIRE ACONDICIONADO - MANTENIMIENTO DE 28 AIRES TIPO SPLIT Y 25 TIPO VENTANA, INCLUYENDO: LIMPIEZA DE FILTROS, LIMPIEZA DE SERPENTINAS EVAPORADORAS Y CONDENSADORES, MEDICION DE PRESION DE TRABAJO DE GAS REFRIGERANTE Y RECARGA DE GAS DE SER NECESARIO,",,,,,6,1600000
,,,,,,,,,,
,,,,,,,,,,
,,,,,,,,,,
,,,,,,,,,,
,,136,01/14/2026,DERECR,110,58,1110116000,,52080000,Sol.de Gastos
,,,,,,,,,,
,,,3.5.1.02464.0001,SERVICIO DE CHARTER - VIAJES DESDE DISINTOS PUNTOS DEL PARTIDO DE MORON Y ALRREDEDORES AL POLIDEPORTIVO GORKI GRANA (BLAS PARERA 130 - CASTELAR) Y SU REGRESO - PARA LOS DIAS SABADOS DE 12:00HS (IDA) A 17:30HS (VUELTA)  EN EL PERIODO DE MARZO A DICIEMBRE  ,,,,,124,420000
,,,,,,,,,,
,,,,,,,,,,
,,,,,,,,,,
,,,,,,,,,,
,,137,01/14/2026,DERECR,110,58,1110116000,,852000,Ped.Suministros
,,,,,,,,,,
,,,3.2.9.05074.0001,ALQUILER DE BAÑOS QUÍMICOS - CONECIONAL- MODELOS CON RETRETE - INCLUYE 4 SERVICIOS DE  DESAGOTES POR MES   1 BAÑO PARA EL PARQUE RECREATIVO EL PALOMAR SITO EN DERQUI Y COLECTORA - EL PALOMAR  1 BAÑO PARA EL PARQUE  RECREATIVO AMBIENTAL DE MORON SITO EN CO,,,,,2,204000
,,,,,,,,,,
,,,,,,,,,,
,,,,,,,,,,
,,,,,,,,,,
,,139,01/15/2026,ALUMP,110,15,1110105000,,36377000,Sol.de Gastos
,,,,,,,,,,
,,,2.9.3.05921.0008,LÁMPARA LED - de 50 w - E 40 - Color de la luz: Blanco frío - Galponera - Potenciada - Flujo luminoso: 3.510 lm - Tipo: SICA - Modelo: 911683    ,,,,,300,17500
,,,,,,,,,,
,,,,,,,,,,
,,,,,,,,,,
,,,,,,,,,,
,,140,01/15/2026,6YORES,132,24,1110107000,,1718800,Sol.de Gastos
,,,,,,,,,,
,,,5.1.7.04615.0001,PELOTA - DE ESFERODINAMIA 55 CM,,,,,20,28600
,,,,,,,,,,
,,,,,,,,,,
,,,,,,,,,,
,,,,,,,,,,
,,142,01/15/2026,6DESAH,131,24,1110107000,,6771000,Sol.de Gastos
,,,,,,,,,,
,,,5.1.4.05125.0004,PAÑALES - DESCARTABLES CON GEL PARA NIÑOS TAMAÑO  XG,,,,,5000,375
,,,,,,,,,,
,,,,,,,,,,
,,,,,,,,,,
,,,,,,,,,,
,,143,01/15/2026,DESARR,132,24,1110107000,,880000,Sol.de Gastos
,,,,,,,,,,
,,,3.3.1.03820.0001,"DESAGOTE DE CAMARA - SÉPTICA CAPACIDAD DE 6.000 LT,",,,,,1,880000
,,,,,,,,,,
,,,,,,,,,,
,,,,,,,,,,
,,,,,,,,,,
,,145,01/15/2026,6 SIT,110,45,1110103000,,8000000,Sol.de Gastos
,,,,,,,,,,
,,,3.5.3.02165.0001,"SERVICIO DE IMPRESION - (BLANCO Y NEGRO) Y FOTOCOPIADORAS- PALACIO MUNICIPAL Y EDIFICIOS ANEXOS-ESPECIFICACIONES: EL SERVICIO DEBERA INCLUIR TODOS LOS INSUMOS Y  REPUESTOS NECESARIOS PARA EL NORMAL FUNCIONAMIENTO DE LOS EQUIPOS, COMO SER :TONER, REVELADOR",,,,,1,8000000
,,,,,,,,,,
,,,,,,,,,,
,,,,,,,,,,
,,,,,,,,,,
,,146,01/16/2026,ALUMP,110,15,1110105000,,120450000,Sol.de Gastos
,,,,,,,,,,
,,,2.9.3.04358.0001,REPUESTOS P/ELECTRONICA - Descripción: Led - Modulo tipo PHILCO 60 W - Disipador de aluminio con grasa grafitada adhiriendo a placa de led - SE DEBER PRESENTAR  MUESTRA Y CERTFICADO DE GARANTIA DE AL MENOS 5 AÑOS.  ,,,,,1650,73000
,,,,,,,,,,
,,,,,,,,,,
,,,,,,,,,,
,,,,,,,,,,
,,147,01/16/2026,6DLOGI,110,15,1110105000,,4280200,Sol.de Gastos
,,,,,,,,,,
,,,3.3.2.02460.0017,REPARACION DE CAMION CAMIONETA Y EQ.VIALES - DESCRIPCION = REPARACION DE EMBRAGUE - DESMONTE Y COLOCACION NUEVO DE VOLANTE BIMASA CON CRAPODINA NUEVA PARA VEHICULO AMAROK (HIDROELEVADOR) - USO DOMINIO AD 325 CT    ,,,,,1,4280200
,,,,,,,,,,
,,,,,,,,,,
,,,,,,,,,,
,,,,,,,,,,
,,148,01/16/2026,DHMORO,110,12,1110104000,,2600000,Sol.de Gastos
,,,,,,,,,,
,,,3.2.9.03558.0010,"ALQUILER DE EQUIPAMIENTO HOSPITALARIO - ALQUILER MENSUAL DE 3 MAQUINAS DE ANESTESIA, MODELO 9100 C - CADA MAQUINA INCLUYE VAPORIZADOR - INCLUYE MANTENIMIENTO PREVENTIVO DE LOS EQUIPOS. MARCA GENERAL ELECTRIC.",,,,,1,2600000
,,,,,,,,,,
,,,,,,,,,,
,,,,,,,,,,
,,,,,,,,,,
,,149,01/16/2026,6COMBN,110,24,1110107000,,4962300,Ped.Suministros
,,,,,,,,,,
,,,2.5.4.05853.0004,REPELENTE PARA MOSQUITOS - TIPO LIQUIDO - PRESENTACION EN AEROSOL - CAPACIDAD 131g/170cm-  TIPO  OFF,,,,,1400,3544.5
,,,,,,,,,,
,,,,,,,,,,
,,,,,,,,,,
,,,,,,,,,,
,,150,01/16/2026,6COMBN,110,24,1110107000,,3430000,Ped.Suministros
,,,,,,,,,,
,,,3.5.1.06775.0008,SERVICIO DE TRASLADO DE PERSONAS - PARA COLECTIVO PARA TRASLADO DE PERSONAS.DENTRO Y FUERA DEL MUNICIPIO,,,,,7,490000
,,,,,,,,,,
,,,,,,,,,,
,,,,,,,,,,
,,,,,,,,,,
,,151,01/16/2026,DHMORO,110,12,1110104000,,106938900,Sol.de Gastos
,,,,,,,,,,
,,,2.9.5.03360.0002,ESPATULAS - TIPO DE AYRE - PRESENTACION CAJA x 100 UNIDADES.,,,,,2,5500
,,,,,,,,,,
,,,,,,,,,,
,,,,,,,,,,
,,,,,,,,,,
,,152,01/19/2026,1DVENT,110,41,1110111000,,1600000,Sol.de Gastos
,,,,,,,,,,
,,,3.5.3.02165.0078,SERVICIO DE IMPRESION - 2000 UNIDADES DE TAPA DE LIBRO D EINSPECCIONES FORMARO ABIERTO 345 MMDE ANCHO X 220MM DE ALTO IMPRESOS A4/0 COLORES(ROJO) PAPEL ILUSTRACION BRILLANTE DE 300 GRAMOS INCLUYE LACA UV,,,,,1,1600000
,,,,,,,,,,
,,,,,,,,,,
,,,,,,,,,,
,,,,,,,,,,
,,153,01/19/2026,DHMORO,110,12,1110104000,,18655680,Sol.de Gastos
,,,,,,,,,,
,,,2.5.2.01723.0016,ANTISEPTICO LOCAL - TIPO MONODROGA - DROGA GENERICA FORMOL  PRESENTACION AL 40% x LITRO,,,,,20,11000
,,,,,,,,,,
,,,,,,,,,,
,,,,,,,,,,
,,,,,,,,,,
,,154,01/19/2026,DHMORO,110,12,1110104000,,7036980,Sol.de Gastos
,,,,,,,,,,
,,,2.9.6.04670.0003,ACCESORIOS P/ OXIGENO - REDUCTOR DE BAJA PRESIÓN PARA AIRE COMPRIMIDO. RANGO: 0/10 KG/CM2. TIPO ACOPLE RÁPIDO TIPO ON.,,,,,2,177290
,,,,,,,,,,
,,,,,,,,,,
,,,,,,,,,,
,,,,,,,,,,
,,155,01/19/2026,DPDPSN,132,24,1110107000,,523600,Sol.de Gastos
,,,,,,,,,,
,,,2.9.9.06847.0001,"LADRILLO COMUN -  - MEDIDA 5,5 X 12 CM. X 25 CM",,,,,100,300
,,,,,,,,,,
,,,,,,,,,,
,,,,,,,,,,
,,,,,,,,,,
,,156,01/19/2026,DPDPSN,110,24,1110107000,,1255700,Sol.de Gastos
,,,,,,,,,,
,,,2.5.5.00728.0075,PINTURA AL LATEX - TIPO - USO INTERIORES - COLOR BLANCO - CAPACIDAD 20 LTS.,,,,,2,50000
,,,,,,,,,,
,,,,,,,,,,
,,,,,,,,,,
,,,,,,,,,,
,,157,01/19/2026,DPSCAP,110,12,1110104000,,41355000,Ped.Suministros
,,,,,,,,,,
,,,2.5.2.02551.0611,REACTIVO - TIPO PROTEINAS TOTALES - TIPO MARCA ROCHE,,,,,120,1500
,,,,,,,,,,
,,,,,,,,,,
,,,,,,,,,,
,,,,,,,,,,
,,158,01/19/2026,TINTED,110,58,1110116000,,1600000,Sol.de Gastos
,,,,,,,,,,
,,,3.9.9.06805.0002,SERVICIO DE DESAYUNO - 120 PERSONAS  -BEBIDAS VARIAS.  -INFUSIONES  -MASAS  -MEDIALUNAS  VAJILLA/MANTELERIA.,,,,,1,1600000
,,,,,,,,,,
,,,,,,,,,,
,,,,,,,,,,
,,,,,,,,,,
,,159,01/19/2026,DPSCAP,110,12,1110104000,,6720000,Sol.de Gastos
,,,,,,,,,,
,,,2.5.2.02551.0157,REACTIVO - TIPO DETERMINACION DE APTT EN EQUIPO SEMIAUTOMATIZADO START MAX MARCA STAGO - PRESENTACION POR 140,,,,,420,8000
,,,,,,,,,,
,,,,,,,,,,
,,,,,,,,,,
,,,,,,,,,,
,,160,01/19/2026,DPSCAP,110,12,1110104000,,6381703.1,Ped.Suministros
,,,,,,,,,,
,,,2.5.2.02551.0001,REACTIVO - TIPO TOXOPLASMA IgG - CODIGO TOXOG.CE - TOXO IgG - PRESENTACION 96 DETERMINACIONES - TIPO MARCA DIA.PRO,,,,,3,197775.71
,,,,,,,,,,
,,,,,,,,,,
,,,,,,,,,,
,,,,,,,,,,
,,161,01/19/2026,DPSCAP,110,12,1110104000,,2483230,Ped.Suministros
,,,,,,,,,,
,,,2.5.2.02551.0895,REACTIVO - TIPO CAJA DE DISCOS DE ANTIBIOGRAMA PARA INFECCIONES URINARIAS DE ADULTOS - TIPO BRITANIA,,,,,3,40000
,,,,,,,,,,
,,,,,,,,,,
,,,,,,,,,,
,,,,,,,,,,
,,162,01/19/2026,DPSCAP,110,12,1110104000,,4226041.42,Ped.Suministros
,,,,,,,,,,
,,,2.5.2.02551.0184,REACTIVO - TIPO EQUIPO DE HEMOAGLUTINACION INDIRECTA PARA CHAGAS TIPO POLICHACO,,,,,3,175000
,,,,,,,,,,
,,,,,,,,,,
,,,,,,,,,,
,,,,,,,,,,
,,163,01/20/2026,SOBPUB,110,15,1110105000,,103704980,Sol.de Gastos
,,,,,,,,,,
,,,2.8.4.02107.0003,PIEDRA PARTIDA - Diámetro 10 a 30 - Presentación a Granel    ,,,,,140,156890
,,,,,,,,,,
,,,,,,,,,,
,,,,,,,,,,
,,,,,,,,,,
,,164,01/20/2026,DHMORO,110,12,1110104000,,1866820,Sol.de Gastos
,,,,,,,,,,
,,,2.9.6.00401.0113,CARTUCHO TONER - PANTUM PD219 1600 PAGINAS P2509 M6559 ORIGINAL - COLOR NEGRO,,,,,4,56655
,,,,,,,,,,
,,,,,,,,,,
,,,,,,,,,,
,,,,,,,,,,
,,165,01/20/2026,DHMORO,110,12,1110104000,,1700000,Sol.de Gastos
,,,,,,,,,,
,,,2.5.8.07570.0001,"BOLSA PARA CONSERVACIÓN - PARA CADAVERES - DESCRIPCION CON CIERRE REFORZADO - 150 MICRONES - TAMAÑO ADULTO - COLOR NEGRO - MEDIDAS 0,90x2 mts - CIERRE CENTRAL A CREMALLERA - PORTA TARJETA IDENTIFICADORA - SISTEMA ANTIFUGA DE FLUIDOS - PRESENTACION POR UNI",,,,,200,8500
,,,,,,,,,,
,,,,,,,,,,
,,,,,,,,,,
,,,,,,,,,,
,,166,01/20/2026,DHMORO,110,12,1110104000,,23253700,Sol.de Gastos
,,,,,,,,,,
,,,2.9.5.03253.0005,TERMOMETRO - CALIDAD CLINICO DIGITAL,,,,,50,2100
,,,,,,,,,,
,,,,,,,,,,
,,,,,,,,,,
,,,,,,,,,,
,,167,01/20/2026,DPDPSN,110,24,1110107000,,2313400,Sol.de Gastos
,,,,,,,,,,
,,,2.9.9.06847.0001,LADRILLO COMUN - LADRILLO COMUN 5 X 12 X 25CM,,,,,2000,300
,,,,,,,,,,
,,,,,,,,,,
,,,,,,,,,,
,,,,,,,,,,
,,168,01/20/2026,DHMORO,110,12,1110104000,,56327000,Sol.de Gastos
,,,,,,,,,,
,,,2.5.2.02551.0968,REACTIVO - REACTIVO - ELECTRODO DE POTASIO - USO PARA EQUIPO COBAS C311  ,,,,,1,390000
,,,,,,,,,,
,,,,,,,,,,
,,,,,,,,,,
,,,,,,,,,,
,,169,01/20/2026,DPSCAP,110,12,1110104000,,4494000,Ped.Suministros
,,,,,,,,,,
,,,2.5.2.02551.0890,REACTIVO - DILUYENTE TIPO MINDRAY - M-52 X 20L,,,,,5,120000
,,,,,,,,,,
,,,,,,,,,,
,,,,,,,,,,
,,,,,,,,,,
,,170,01/20/2026,DESPAC,110,45,1110103000,,360000,Sol.de Gastos
,,,,,,,,,,
,,,3.2.1.02024.0002,ALQUILER DE COCHERA - ZONA CENTRICA - UBICACION CUBIERTA - TIPO MOVIL - HORARIO COMPLETO.,,,,,3,120000
,,,,,,,,,,
,,,,,,,,,,
,,,,,,,,,,
,,,,,,,,,,
,,171,01/21/2026,DHMORO,110,12,1110104000,,5600000,Sol.de Gastos
,,,,,,,,,,
,,,3.3.3.02188.0006,"REPARACION DE EQUIPOS HOSPITALARIOS - REPARACION DE ARCO EN ""C"" MARCA DINAN MODELO DINAR SEGUN EL SIGUIENTE DETALLE:  -REEMPLAZO DE PLACA DE CONTROL DE FILAMENTO.     GARANTIA 6 MESES.   ",,,,,1,5600000
,,,,,,,,,,
,,,,,,,,,,
,,,,,,,,,,
,,,,,,,,,,
,,172,01/21/2026,DPRDNN,132,24,1110107000,,4110000,Sol.de Gastos
,,,,,,,,,,
,,,2.6.1.00557.0004,TEJA - TIPO FRANCESA - LARGO 45Cm - ANCHO 26.2Cm - PESO X M^2 43Kg - COLOR ROJO.,,,,,30,7000
,,,,,,,,,,
,,,,,,,,,,
,,,,,,,,,,
,,,,,,,,,,
,,173,01/21/2026,DPDPSN,110,24,1110107000,,3120000,Sol.de Gastos
,,,,,,,,,,
,,,2.7.9.02768.0003,PORTON - DE EMERGENCIA - 2 PANELES EN CHAPA DOBLE BWG N°18 DD - REFUERZO INTERNOS- DOBLE CONTACTO - ESPESOR DE HOJA 40 MM- RELLENO AISLANTE TERMICO - BISAGRA MUNICION DE TRES DISCOS DE 130 MM - CANTIDAD 4 - CERRADURA MODELO PUSH CON POMO DE ACCESO EXTERIO,,,,,1,3120000
,,,,,,,,,,
,,,,,,,,,,
,,,,,,,,,,
,,,,,,,,,,
,,174,01/21/2026,6DARC,110,41,1110111000,,342000,Sol.de Gastos
,,,,,,,,,,
,,,2.9.6.04085.0001,BIELETAS PARA PEUGEOT PARTNER DIESEL(DWJ566)-MATERIAL METALICAS STANDART.,,,,,2,23000
,,,,,,,,,,
,,,,,,,,,,
,,,,,,,,,,
,,,,,,,,,,
,,175,01/21/2026,DPRDNN,132,24,1110107000,,2770000,Sol.de Gastos
,,,,,,,,,,
,,,2.5.5.00576.0002,BARNIZ - TIPO BRILLANTE - COLOR MARINO - CAPACIDAD LATA X 4L. - CON FILTRO UV,,,,,2,65000
,,,,,,,,,,
,,,,,,,,,,
,,,,,,,,,,
,,,,,,,,,,
,,176,01/21/2026,DESARR,132,24,1110107000,,929620.13,Ped.Suministros
,,,,,,,,,,
,,,2.5.8.03966.0001,"TEE - TEES DE RED 1"" X 3/4 EPOXI (NEO M)",,,,,1,7388.31
,,,,,,,,,,
,,,,,,,,,,
,,,,,,,,,,
,,,,,,,,,,
,,177,01/21/2026,DPRDNN,132,24,1110107000,,4009000,Sol.de Gastos
,,,,,,,,,,
,,,2.9.1.03290.0002,PEINE - MATERIAL METAL - USO PARA PEDICULOSIS - DIENTES LARGOS TIPO CORONET O SIMILAR,,,,,5,15000
,,,,,,,,,,
,,,,,,,,,,
,,,,,,,,,,
,,,,,,,,,,
,,178,01/21/2026,DPRDNN,132,24,1110107000,,2095000,Sol.de Gastos
,,,,,,,,,,
,,,2.2.2.00828.0101,"ZAPATILLAS - USO TODO ANDAR, ESTILO DEPORTIVO, CON ABROJO Y/O CORDONES - DESTINATARIO NIÑA / NIÑO / ADOLESCENTES - ESTILO kAPPA O SIMILAR, TALLE 26 AL 35    ",,,,,15,60000
,,,,,,,,,,
,,,,,,,,,,
,,,,,,,,,,
,,,,,,,,,,
,,179,01/21/2026,DHMORO,110,12,1110104000,,810360,Sol.de Gastos
,,,,,,,,,,
,,,2.1.1.00788.0088,GALLETITAS - VARIEDAD DULCES - TIPO VAINILLAS - PRESENTACION CAJA x 3kg,,,,,12,29730
,,,,,,,,,,
,,,,,,,,,,
,,,,,,,,,,
,,,,,,,,,,
,,180,01/21/2026,DPDPSN,132,24,1110107000,,850000,Sol.de Gastos
,,,,,,,,,,
,,,3.3.1.07138.0001,SERVICIO DE DESAGOTE - DE POZO SEPTICO Y CAMARA - 12.000 LITROS - PERIODO DE PRESTACION DEL SERVCICIO : 3 MESES.,,,,,2,425000
,,,,,,,,,,
,,,,,,,,,,
,,,,,,,,,,
,,,,,,,,,,
,,181,01/21/2026,SECMUJ,110,64,1110113000,,490000,Sol.de Gastos
,,,,,,,,,,
,,,3.3.3.01627.0037,MANTENIMIENTO MATAFUEGOS - TIPO POLVO QUIMICO ABC - TAREA RECARGA DE MATAFUEGO CON SELLO IRAM CON TARJETA HABILITANTE D.P.S. - CAPACIDAD DE CARGA (ELEM) 5 KG.,,,,,11,30000
,,,,,,,,,,
,,,,,,,,,,
,,,,,,,,,,
,,,,,,,,,,
,,182,01/21/2026,6COMBN,110,24,1110107000,,40595000,Ped.Suministros
,,,,,,,,,,
,,,2.2.2.02859.0011,REMERA - MATERIAL JERSEY DE ALGODON - TALLE S AL  5XL   COLOR ROJO- CON LOGO DEL MUNICIPIO  AL FRENTE,,,,,250,12100
,,,,,,,,,,
,,,,,,,,,,
,,,,,,,,,,
,,,,,,,,,,
,,183,01/22/2026,RLPROC,110,66,1110125000,,5325000,Sol.de Gastos
,,,,,,,,,,
,,,4.3.6.08135.0001,IMPRESORA DE TARJETAS - DESCRIPCION TIPO ZEBRA ZC 320 DUAL KIT,,,,,1,3800000
,,,,,,,,,,
,,,,,,,,,,
,,,,,,,,,,
,,,,,,,,,,
,,184,01/22/2026,DHMORO,110,12,1110104000,,85000000,Sol.de Gastos
,,,,,,,,,,
,,,3.4.2.02686.0002,"SERVICIO DE ESTERILIZACION - DE MATERIAL HOSPITALARIO POR METODO A VAPOR DE AGUA SEGUN EL SIGUIENTE DETALLE:   MEDIDA x M3 FRACCION - SERVICIO DIARIO (LUNES A SABADOS) - PRESENTAR PROTOCOLO CORRESPONDIENTE A CADA PROCESO -   BOLSA DE POLIETILENO DE 0,70 X",,,,,1,85000000
,,,,,,,,,,
,,,,,,,,,,
,,,,,,,,,,
,,,,,,,,,,
,,185,01/22/2026,6LOGIS,110,45,1110103000,,52500000,Ped.Suministros
,,,,,,,,,,
,,,2.3.4.00786.0035,PAPEL HIGIENICO - PRESENTACION PAQUETE X 4 UNIDADES - TIPO PRECORTADO - HOJA SIMPLE - ANCHO 10 CM. - LARGO 80 MTS. - TIPO ELEGANTE/ HIGIENOL,,,,,15000,3500
,,,,,,,,,,
,,,,,,,,,,
,,,,,,,,,,
,,,,,,,,,,
,,186,01/22/2026,6LOGIS,110,45,1110103000,,52500000,Sol.de Gastos
,,,,,,,,,,
,,,2.3.4.00786.0035,PAPEL HIGIENICO - PRESENTACION PAQUETE X 4 UNIDADES - TIPO PRECORTADO - HOJA SIMPLE - ANCHO 10 CM. - LARGO 80 MTS. - TIPO ELEGANTE/ HIGIENOL,,,,,15000,3500
,,,,,,,,,,
,,,,,,,,,,
,,,,,,,,,,
,,,,,,,,,,
,,188,01/22/2026,6 SIT,110,45,1110103000,,720000,Sol.de Gastos
,,,,,,,,,,
,,,2.3.2.01093.0006,"PAPEL P/PLOTTER - MATERIAL PAPEL BLANCO BOND/ OBRA- PARA INYECCCIÓN DE TINTA H.P DESIGNJET FORMATO: ROLLO DE PAPEL ANCHO = 0,914 m (36"") - LARGO 50 M - CALIDAD TIPO ""HUSARES"" O ""BOREAL""  - GRAMAJE 90  GR",,,,,10,72000
,,,,,,,,,,
,,,,,,,,,,
,,,,,,,,,,
,,,,,,,,,,
,,190,01/22/2026,SECMUJ,110,64,1110113000,,275840,Sol.de Gastos
,,,,,,,,,,
,,,2.3.3.07305.0001,"BANNER - DE LONA REFORZADO, 2 TENSORES, MEDIDAS 90 X 190 CM,  MODELO ROLL UP. FONDO BLANCO CON LA LEYENDA ""MUJERES, GENEROS Y DIVERSIDAD"", MUNICIPIO DE MORON, E INTENDENTE LUCAS GHI EN LETRAS COLOR GRIS Y CON EL LOGO DE MORON Y WWW.MORON.GOB.AR EN LETRAS ",,,,,2,137920
,,,,,,,,,,
,,,,,,,,,,
,,,,,,,,,,
,,,,,,,,,,
,,191,01/22/2026,DPRDNN,132,24,1110107000,,2511856,Sol.de Gastos
,,,,,,,,,,
,,,2.3.1.00533.0001,"SOBRE DE PAPEL SIN IMPRESION - TIPO COMERCIAL - FORMATO 11,4 X 16.2 - GRAMAJE 80 GR - COLOR BLANCO. - PRESENTACION POR CAJA DE 500 UNIDADES",,,,,1,25000
,,,,,,,,,,
,,,,,,,,,,
,,,,,,,,,,
,,,,,,,,,,
,,192,01/22/2026,SECMUJ,110,64,1110113000,,420000,Sol.de Gastos
,,,,,,,,,,
,,,3.3.2.04903.0002,SERVICIO DE MANT. DE VEHÍCULO - DESCRIPCION: SERVICE COMPLETO POR CAMBIO DE ACEITE Y FILTROS PARA VEHICULO DE FLOTA PEUGEOT PARTNER PATAGONICA - DOMINIO AF524DE.,,,,,1,420000
,,,,,,,,,,
,,,,,,,,,,
,,,,,,,,,,
,,,,,,,,,,
,,193,01/22/2026,DPRDNN,132,24,1110107000,,1608000,Sol.de Gastos
,,,,,,,,,,
,,,2.9.4.05897.0002,FILM ADHERENTE - MEDIDAS ANCHO 80 CM. X 300 MTS. LARGO,,,,,10,30000
,,,,,,,,,,
,,,,,,,,,,
,,,,,,,,,,
,,,,,,,,,,
,,194,01/22/2026,DPRDNN,132,24,1110107000,,1925000,Sol.de Gastos
,,,,,,,,,,
,,,2.2.9.03951.0001,"MOCHILA - REFORZADAS, ESCOLARES - ESTILO WILSON, UNICROSS, COLORES VARIADOS, HOMBROS, COSTURAS Y CIERRES REFORZADOS",,,,,25,60000
,,,,,,,,,,
,,,,,,,,,,
,,,,,,,,,,
,,,,,,,,,,
,,196,01/22/2026,BLETEC,110,66,1110125000,,1593906,Sol.de Gastos
,,,,,,,,,,
,,,2.9.3.01803.0005,CABLE SUBTERRANEO - 4 X 6 KALOP,,,,,170,8396.12
,,,,,,,,,,
,,,,,,,,,,
,,,,,,,,,,
,,,,,,,,,,
,,197,01/22/2026,DESARR,110,24,1110107000,,1050000,Ped.Suministros
,,,,,,,,,,
,,,3.5.1.06775.0008,SERVICIO DE TRASLADO DE PERSONAS - PARA COLECTIVO PARA TRASLADO DE PERSONAS.,,,,,7,150000
,,,,,,,,,,
,,,,,,,,,,
,,,,,,,,,,
,,,,,,,,,,
,,198,01/23/2026,6DIEME,110,12,1110104000,,4300000,Sol.de Gastos
,,,,,,,,,,
,,,2.9.6.07387.0001,"KIT DE EMBRAGUE - COMPLETO CON CRAPODINA INCLUYE VOLANTE, PLACA, DISCO Y RULEMAN DE EMPUJE",,,,,1,2450000
,,,,,,,,,,
,,,,,,,,,,
,,,,,,,,,,
,,,,,,,,,,
,,199,01/23/2026,6DIEME,110,12,1110104000,,13543388,Sol.de Gastos
,,,,,,,,,,
,,,2.5.2.01724.0018,ANALGESICOS - TIPO MONODROGA - DROGA GENERICA PARACETAMOL 2GR/100ML FORMA FARMACEUTICA JARABE - PRESENTACION 120 ML,,,,,100,3500
,,,,,,,,,,
,,,,,,,,,,
,,,,,,,,,,
,,,,,,,,,,
,,200,01/23/2026,DPDPSN,132,24,1110107000,,1380000,Sol.de Gastos
,,,,,,,,,,
,,,4.3.7.03540.0012,"BIBLIOTECA - MATERIAL MELAMINA 18 MM- COLOR BLANCO- MEDIDAS: 75 FRENTE X 35 PROF. X 1,88 ALTO- CON DOS PUERTAS DE ABRIR CON BISAGRA METALICAS-  CUATRO ESTANTES Y CERRADURA. MARCA: PERALTA",,,,,2,690000
,,,,,,,,,,
,,,,,,,,,,
,,,,,,,,,,
,,,,,,,,,,
,,201,01/26/2026,SOBPUB,110,15,1110105000,,102013800,Sol.de Gastos
,,,,,,,,,,
,,,2.8.9.02770.0001,TIERRA - Tipo: Tosca - Presentación a Granel    ,,,,,450,36250
,,,,,,,,,,
,,,,,,,,,,
,,,,,,,,,,
,,,,,,,,,,
,,202,01/26/2026,TDDITR,110,45,1110103000,,474000,Sol.de Gastos
,,,,,,,,,,
,,,3.5.3.02165.0080,SERVICIO DE IMPRESION - PARA LA IMPRESION DE LA EMISION DE DERECHO DE PUBLICIDAD Y PROPAGANDA- DESCRIPCION- DIMENSION 210 X 297- PAPEL A4- GRAMAJE 75/80 GR/M2- SISTEMA DE IMPRESI0N LASER- IMPRESION AL FRENTE -FONDO DE SEGURIDAD FUCSIA- IMPRESION AL DORSO ,,,,,6000,79
,,,,,,,,,,
,,,,,,,,,,
,,,,,,,,,,
,,,,,,,,,,
,,203,01/26/2026,SCIUDA,131,50,1110117000,,32982000,Sol.de Gastos
,,,,,,,,,,
,,,3.4.6.08044.0001,"SERVICIO DE MANTENIMIENTO DE SISTEMAS ESPECIFICOS - PARA 50 EQUIPOS PROPIOS TIPO PPT CYRUS, INCLUYE LICENCIAMIENTO DE PLATAFORMA TIPO PPT CYRUS Y MDM, PLAN DE DATOS ADMINISTRABLE POR EQUIPO, TIPO TEAM ON THE RUN",,,,,6,5497000
,,,,,,,,,,
,,,,,,,,,,
,,,,,,,,,,
,,,,,,,,,,
,,204,01/26/2026,6YORES,132,24,1110107000,,3250000,Sol.de Gastos
,,,,,,,,,,
,,,5.1.7.08133.0001,PINTURA AL LATEX - PINTURA AL LATEX- TIPO ANTIHONGOS-USO INTERIOR-COLOR BLANCO-CAPACIDAD X 20 LITROS,,,,,25,130000
,,,,,,,,,,
,,,,,,,,,,
,,,,,,,,,,
,,,,,,,,,,
,,205,01/27/2026,DHMORO,110,12,1110104000,,7221500,Sol.de Gastos
,,,,,,,,,,
,,,2.6.9.03895.0001,FIELTRO ASFALTICO - RUBEROID - PESADO - PRESENTACION ROLLO - MEDIDAS 40 mts DE LARGO x 1 mts. DE ANCHO.,,,,,5,35000
,,,,,,,,,,
,,,,,,,,,,
,,,,,,,,,,
,,,,,,,,,,
,,206,01/27/2026,SCIUDA,131,50,1110117000,,23982000,Sol.de Gastos
,,,,,,,,,,
,,,3.4.6.02354.0001,"SERVICIO SISTEMAS ESPECIFICOS - COMPLEMENTO RELACIONADO A LA BUSQUEDA Y PLATAFORMA DE GESTION DE LECTURA DE PATENTES, SEGUN ESPECIFICACIONES TECNICAS PARTICULARES, TIPO TACTICO.",,,,,6,3997000
,,,,,,,,,,
,,,,,,,,,,
,,,,,,,,,,
,,,,,,,,,,
,,207,01/27/2026,FGAJEF,110,58,1110116000,,110500,Sol.de Gastos
,,,,,,,,,,
,,,2.9.6.07886.0001,KIT PARA CONEXIÓN DE AIRE ACONDICIONADO - - 7 METROS DE CAÑO DE COBRE 3/8 Y 1/4  - 4 AISLACIONES DE 3/8 Y 1/4  - 8 METROS DE CABLE TIPO TALLER 5X 1 1/2  - 2 KIT DE TORNILLOS  - 2 ROLLOS DE CINTA SIN PEGAMENTO  - 8 METROS DE MANGUERA CRISTAL 5/8  - 8 GRAMP,,,,,1,110500
,,,,,,,,,,
,,,,,,,,,,
,,,,,,,,,,
,,,,,,,,,,
,,209,01/27/2026,DHMORO,110,12,1110104000,,11600000,Sol.de Gastos
,,,,,,,,,,
,,,2.5.2.02551.0375,REACTIVO - TIPO HEMOCULTIVO BACK ALERT ESTANDAR AERÓBICO - PRESENTACION x 100 FRASCOS,,,,,2,2900000
,,,,,,,,,,
,,,,,,,,,,
,,,,,,,,,,
,,,,,,,,,,
,,210,01/27/2026,6PERCA,132,24,1110107000,,5787415,Sol.de Gastos
,,,,,,,,,,
,,,2.5.2.02551.1031,REACTIVO - TIPO TEST DE DETECCION DE EMBARAZO RAPIDO - TIPO EVATEST O SIMILAR - USO - - PRESENTACION -,,,,,10,3859
,,,,,,,,,,
,,,,,,,,,,
,,,,,,,,,,
,,,,,,,,,,
,,211,01/28/2026,DHMORO,110,12,1110104000,,8000000,Sol.de Gastos
,,,,,,,,,,
,,,3.4.2.04467.0001,SERVICIO DE DIAGNOSTICO DE ALTA COMPLEJIDAD - ESTUDIOS DIAGNOSTICOS POR IMAGEN Y ALTA COMPLEJIDAD PARA PACIENTES INTERNADOS Y AMBULATORIOS -   SERVICIO HASTA AGOTAR LA SUMA DE $8.000.000. - SE DEBERA INDICAR PRECIOS UNITARIOS POR ESTUDIO.,,,,,1,8000000
,,,,,,,,,,
,,,,,,,,,,
,,,,,,,,,,
,,,,,,,,,,
,,212,01/28/2026,SCIUDA,131,50,1110117000,,1106000,Sol.de Gastos
,,,,,,,,,,
,,,2.9.9.01888.0002,"CINTA P/VALLADO - TIPO DE SEGURIDAD,DE FONDO BLANCO LÍNEAS ROJAS, ANCHO 12 CM - LARGO 200 MTS, MATERIAL POLIETILENO, IMPRESA EN UN SOLO LADO, CON LEYENDA PELIGRO",,,,,100,3800
,,,,,,,,,,
,,,,,,,,,,
,,,,,,,,,,
,,,,,,,,,,
,,213,01/28/2026,TUDES,132,24,1110107000,,640000,Sol.de Gastos
,,,,,,,,,,
,,,2.2.2.07877.0001,TAZAS - TAZA PARA SUBLIMAR -MATERIAL POLIMERO BLANCO-5 MM DE ESPESOR-CAPACIDAD VOLUMEN 250 ML.,,,,,200,3200
,,,,,,,,,,
,,,,,,,,,,
,,,,,,,,,,
,,,,,,,,,,
,,214,01/28/2026,PCVMER,110,66,1110125000,,2558000,Ped.Suministros
,,,,,,,,,,
,,,2.2.9.05139.0002,"BOLSA DE TELA - BOLSAS DE TELA - PLANA CON FUELLE INFERIOR, 40 CM DE ALTO X 40CM DE ANCHO X 10 CM DE FUELLE. FRISELINA ROJO, PRIMERA CALIDAD. TERMINACION SOLDADO POR ULTRASONIDO",,,,,3000,520
,,,,,,,,,,
,,,,,,,,,,
,,,,,,,,,,
,,,,,,,,,,
,,215,01/28/2026,PCVMER,110,66,1110125000,,1560000,Ped.Suministros
,,,,,,,,,,
,,,2.2.9.05139.0003,"BOLSA DE TELA - BOLSA DE TELA - PLANA CON FUELLE INFERIOR. 40 CM DE ALTO X 40 CM DE ANCHO X 10 CM DE FUELLE. FRISELINA ROJO, PRIMERA CALIDAD. IMPRESION SERIGRAFIA 1 COLOR. MANIJA EXTERNA. TERMINACION SOLDADO POR ULTRASONIDO.",,,,,3000,520
,,,,,,,,,,
,,,,,,,,,,
,,,,,,,,,,
,,,,,,,,,,
,,216,01/28/2026,DESPAC,110,45,1110103000,,74000,Ped.Suministros
,,,,,,,,,,
,,,2.5.1.06726.0006,GAS REFRIGERANTE - DESCRIPCION R 22 -  FREON PRESENTACION POR KILO,,,,,1,59000
,,,,,,,,,,
,,,,,,,,,,
,,,,,,,,,,
,,,,,,,,,,
,,217,01/28/2026,DHMORO,110,12,1110104000,,7800000,Sol.de Gastos
,,,,,,,,,,
,,,3.4.2.02099.0006,SERVICIO MEDICO - DESCRIPCION TRATAMIENTO DE HEMODIALISIS PARA PACIENTES INTERNADOS EN TERAPIA INTENSIVA Y CLINICA MEDICA. EL SERVICIO INCLUYE LA VISITA DEL PROFESIONAL Y LOS INSUMOS NECESARIOS PARA LLEVAR A CABO EL TRATAMIENTO. SERVICIO HASTA AGOTAR LA S,,,,,1,7800000
,,,,,,,,,,
,,,,,,,,,,
,,,,,,,,,,
,,,,,,,,,,
,,218,01/29/2026,DHMORO,110,12,1110104000,,7500000,Sol.de Gastos
,,,,,,,,,,
,,,3.3.3.02440.0001,MANT. EQUIPO DE RADIOLOGIA - DESCRIPCION SERVICIO DE MANTENIMIENTO PREVENTIVO-CORRECTIVO MENSUAL DE:  -1 EQUIPO CR ELITE CON MAMO N° K54848231 SERIE N°2005078  -1 IMPRESORA LASER DV5950 N° K54826154 SERIE N°59538979  EL SERVICIO INCLUYE:  -SOPORTE TELEFON,,,,,3,2500000
,,,,,,,,,,
,,,,,,,,,,
,,,,,,,,,,
,,,,,,,,,,
,,219,01/29/2026,DHMORO,110,12,1110104000,,13988000,Sol.de Gastos
,,,,,,,,,,
,,,2.9.3.03825.0014,CABLE UNIPOLAR - MEDIDAS SECCIÓN 4 MM. COLOR ROJO - PRESENTACION ROLLO x 100mts.,,,,,2,140000
,,,,,,,,,,
,,,,,,,,,,
,,,,,,,,,,
,,,,,,,,,,
,,220,01/29/2026,SECTYT,110,73,1110127000,,6450000,Sol.de Gastos
,,,,,,,,,,
,,,3.2.9.07456.0002,SERVICIO DE ALQUILER - REALIZACION DE TRASLADOS MENSUALES ( GRUA) TURNO ( 21 HS A 9 HS) CON CHOFER PARA ACARREO EN VIA PUBLICA,,,,,1,3500000
,,,,,,,,,,
,,,,,,,,,,
,,,,,,,,,,
,,,,,,,,,,
,,221,01/29/2026,6DIRIN,110,24,1110107000,,133200,Sol.de Gastos
,,,,,,,,,,
,,,2.9.6.00401.0087,CARTUCHO TONER - *-CANTIDAD 6 (SEIS)  ALTERNATIVO- COLOR NEGRO- MOD. HP285U CON CHIP PARA USO DE IMPRESORA LASER JET P1102W.---------------------------    *-CANTIDAD 6 (SEIS) DE CARTUCHOS TONER ALTERNATIVO- COLOR NEGRO MOD. HP2612A CON CHIP-PARA USO DE IM,,,,,12,11100
,,,,,,,,,,
,,,,,,,,,,
,,,,,,,,,,
,,,,,,,,,,
,,222,01/29/2026,6PERCA,132,24,1110107000,,5787415,Ped.Suministros
,,,,,,,,,,
,,,2.9.5.00461.0011,VENDA USO MEDICO - TIPO ELASTICA - MEDIDAS 10 X 3 MTS,,,,,150,4441
,,,,,,,,,,
,,,,,,,,,,
,,,,,,,,,,
,,,,,,,,,,
,,223,01/29/2026,DHMORO,110,12,1110104000,,6170000,Sol.de Gastos
,,,,,,,,,,
,,,2.9.3.00554.0009,TUBO FLUORESCENTE - RECTILINEO DE D.26MM - LUZ TIPO DIA - 220V - 50HS -LOMGITUD 1200mm - 6500K - 18W T8 LED,,,,,500,4000
,,,,,,,,,,
,,,,,,,,,,
,,,,,,,,,,
,,,,,,,,,,
,,224,01/29/2026,SCIUDA,131,50,1110117000,,4347085,Sol.de Gastos
,,,,,,,,,,
,,,2.5.6.01621.0010,ACEITE ROSCADO - PARA TURBO DIESEL 5W40 SINTETICO TIPO CASTROL. PRESENTACON 4 LITROS,,,,,2,130342
,,,,,,,,,,
,,,,,,,,,,
,,,,,,,,,,
,,,,,,,,,,
,,225,01/29/2026,SCIUDA,131,50,1110117000,,315000,Sol.de Gastos
,,,,,,,,,,
,,,2.1.1.00478.0020,"AGUA MINERAL - ENVASE PLASTICO, CAPACIDAD 500 CM3 TIPO MANAOS.",,,,,700,450
,,,,,,,,,,
,,,,,,,,,,
,,,,,,,,,,
,,,,,,,,,,
,,226,01/30/2026,SOBPUB,110,15,1110105000,,39036800,Sol.de Gastos
,,,,,,,,,,
,,,2.7.1.00256.0001,"ALAMBRE DE FARDO - Tratamiento Alambre Recocido Negro Nº 16  - Diámetro 1,63 mm - Presentación Rollo x 1 kg - Tipo Acindar    ",,,,,120,9000
,,,,,,,,,,
,,,,,,,,,,
,,,,,,,,,,
,,,,,,,,,,
,,227,01/30/2026,1PARTI,110,41,1110111000,,8000000,Sol.de Gastos
,,,,,,,,,,
,,,3.4.6.08044.0001,SERVICIO DE MANTENIMIENTO DE SISTEMAS ESPECIFICOS - SERVICIO DE MANTENIMIENTO DE PLATAFORMA ADMINISTRACION Y GESTION DE TRAMITES VISADO DE PLANOS DIGITALES,,,,,4,2000000
,,,,,,,,,,
,,,,,,,,,,
,,,,,,,,,,
,,,,,,,,,,
,,228,01/30/2026,SECTYT,110,73,1110127000,,1200000,Sol.de Gastos
,,,,,,,,,,
,,,2.3.3.04756.0001,FAJA DE CLAUSURA - FORMATO ABIERTO 200 MM DE ANCHO X 550 DE ALTO- IMPRESOS A 2/0 COLORES PAPEL : AUTOADHESIVO DE 80 G. INCLUYE TROQUELADO Y ARREGLO-  IMPRESION SEGÚN MODELO ADJUNTO,,,,,400,3000
,,,,,,,,,,
,,,,,,,,,,
,,,,,,,,,,
,,,,,,,,,,
,,229,01/30/2026,6POEDU,110,24,1110107000,,5143298.52,Sol.de Gastos
,,,,,,,,,,
,,,2.1.1.00704.0017,ALFAJOR - DE ARROZ SIN TACC . RELLENO DULCE DE LECHE - COBERTURA CHOCOLATE - PESO 55GR - PRESENTACION CAJA X 30 UNIDADES. TIPO CHOCOARROZ,,,,,10,12185
,,,,,,,,,,
,,,,,,,,,,
,,,,,,,,,,
,,,,,,,,,,
,,230,02/02/2026,6EDUDC,131,24,1110107000,,4560340,Sol.de Gastos
,,,,,,,,,,
,,,3.3.1.07030.0001,SERVICIO DE MANTENIMIENTO EDILICIO - CAMBIO  DE CAJA DE MEDIDOR DE LUZ- RETIRO DE CAJA ANTERIOR- AMURADO DE CAJA TRIFASICA CON CAÑO DE BAJADA- ARMADO DE TABLERO GENERAL- CABLEADO DESDE CAJA GENERAL A TABLERO SECCIONAL- TAPADO DE CAÑERIA- REALIZACION DE CE,,,,,1,4560340
,,,,,,,,,,
,,,,,,,,,,
,,,,,,,,,,
,,,,,,,,,,
,,231,02/02/2026,6EDUDC,110,24,1110107000,,85000,Sol.de Gastos
,,,,,,,,,,
,,,2.3.3.07305.0001,BANNER - BANNER CON PORTA BANNER ROLL UP ALUMINIO- LONA DE 85 CM X 200 CM- IMPRESO CON DISEÑO INSTITUCIONAL,,,,,1,85000
,,,,,,,,,,
,,,,,,,,,,
,,,,,,,,,,
,,,,,,,,,,
,,232,02/02/2026,6LOGIS,110,45,1110103000,,210000,Sol.de Gastos
,,,,,,,,,,
,,,2.7.9.03629.0008,"CANDADOS - SRGURIDAD DOBLE PALETA, LLAVES, ACERO IOXIDABLE -MEDIDA 50 MM.",,,,,7,30000
,,,,,,,,,,
,,,,,,,,,,
,,,,,,,,,,
,,,,,,,,,,
,,233,02/02/2026,6EDUDC,110,24,1110107000,,8336481.44,Sol.de Gastos
,,,,,,,,,,
,,,2.1.1.04660.0002,CEREAL - TIPO SIN AZUCAR - PRESENTACION BOLSA X 1 KG.,,,,,28,4678.7
,,,,,,,,,,
,,,,,,,,,,
,,,,,,,,,,
,,,,,,,,,,
,,234,02/02/2026,DHMORO,110,12,1110104000,,67320000,Sol.de Gastos
,,,,,,,,,,
,,,2.5.2.03481.0001,"OXIGENO - CONSISTENCIA LIQUIDO - PRESENTACION LA PROVISION DEL MISMO DEBERA SER EN FORMA CONTINUA , CON LOS M3 y PRESION ADECUADOS y DEBIDAMENTE ESPECIFICADOS SIN AFECTAR LAS INSTALACIONES y CUMPLIR LA PRESENTACION DE LOS CORRESPONDIENTES  REMITOS EN TIEM",,,,,36000,1870
,,,,,,,,,,
,,,,,,,,,,
,,,,,,,,,,
,,,,,,,,,,
,,235,02/02/2026,6DMAYO,110,15,1110105000,,2400000,Sol.de Gastos
,,,,,,,,,,
,,,3.3.3.01400.0003,MANTENIMIENTO ASCENSORES - REEMPLAZO DE RODAMIENTO DE MOTOR y RESORTES DE FRENO y CINTA (UBICADO EN EL HALL CENTRAL)    ,,,,,1,1950000
,,,,,,,,,,
,,,,,,,,,,
,,,,,,,,,,
,,,,,,,,,,
,,236,02/02/2026,TINTED,110,58,1110116000,,5960000,Sol.de Gastos
,,,,,,,,,,
,,,3.5.9.06997.0001,SERVICIO DE SONIDO - RESPALDO PARA COLGADO DE PANTALLA.  ESCALERAS.  4 TORRES LATERALES A 6 MTS.  TECHO A DOS AGUAS.  SONIDO DE 4 CAJAS.  ILUMINACION.  COBERTURA DE TRES FECHAS.,,,,,1,5960000
,,,,,,,,,,
,,,,,,,,,,
,,,,,,,,,,
,,,,,,,,,,
,,237,02/02/2026,FSO,110,37,1110200000,,840000,Sol.de Gastos
,,,,,,,,,,
,,,2.1.1.00478.0019,AGUA MINERAL - TIPO SIN GASIFICAR - ENVASE BIDON - CAPACIDAD 20L. CON ENTREGA DE DISPENSERS EN COMODATO.,,,,,200,4200
,,,,,,,,,,
,,,,,,,,,,
,,,,,,,,,,
,,,,,,,,,,
,,238,02/02/2026,6POEDU,110,24,1110107000,,400000,Sol.de Gastos
,,,,,,,,,,
,,,2.1.1.00606.0002,"MANZANA - TIPO RED DELICIOSA - PRESENTACION EN CAJON X 20 KILOS, TAMAÑO PAREJO DE PESO APROX. 200 GR. 1 ENTREGA POR MES: DE MANERA BIMESTRAL",,,,,5,50000
,,,,,,,,,,
,,,,,,,,,,
,,,,,,,,,,
,,,,,,,,,,
,,239,02/03/2026,6EDUDC,131,24,1110107000,,18327000,Ped.Suministros
,,,,,,,,,,
,,,2.2.2.00836.0001,"AMBO - SACO Y PANTALON ESCOTE EN V, MANGA CORTA - TELA ALGODON- COLOR ROJO - ESTAMPADO EN BOLSILLO DELANTERO CON EL LOGO MUNICIPAL- PRESENTAR MUESTRA DE TELA- TALLES ENTRE S Y XXXXL CON PRUEBA DE TALLES (SE DEFINEN LUEGO DE LA PRUEBA DE TALLES)",,,,,150,48000
,,,,,,,,,,
,,,,,,,,,,
,,,,,,,,,,
,,,,,,,,,,
,,240,02/03/2026,6EDUDC,110,24,1110107000,,4038674,Sol.de Gastos
,,,,,,,,,,
,,,2.9.3.03825.0003,"CABLE UNIPOLAR - MEDIDAS SECCION 2,5 MM2 PRESENTACION ROLLO X 100 MTS- COLOR ROJO- NORMALIZADO",,,,,3,106848
,,,,,,,,,,
,,,,,,,,,,
,,,,,,,,,,
,,,,,,,,,,
,,241,02/03/2026,DHMORO,110,12,1110104000,,61477000,Sol.de Gastos
,,,,,,,,,,
,,,2.5.2.03486.0002,AGUA DESTILADA - USO MEDICINAL - PRESENTACION SACHET x 500ml.,,,,,2000,1500
,,,,,,,,,,
,,,,,,,,,,
,,,,,,,,,,
,,,,,,,,,,
,,242,02/03/2026,6EDUDC,131,24,1110107000,,8814630,Sol.de Gastos
,,,,,,,,,,
,,,2.7.1.00978.0006,"HIERRO EN PLANCHUELA - LONGITUD 6000MM - MEDIDAS ANCO X ESP 31.7 X 4,8 MM.",,,,,10,23575
,,,,,,,,,,
,,,,,,,,,,
,,,,,,,,,,
,,,,,,,,,,
,,243,02/03/2026,DLOGTI,110,24,1110107000,,4402500,Sol.de Gastos
,,,,,,,,,,
,,,2.9.6.04004.0003,"BIELETAS - PARA TREN DELANTERO, JUEGO QUE INCLUYE AMBOS LADOS. PARA PEUGEOT MODELO BOXER AÑO 2010.",,,,,1,32000
,,,,,,,,,,
,,,,,,,,,,
,,,,,,,,,,
,,,,,,,,,,
,,244,02/03/2026,RCONTA,110,45,1110103000,,1800000,Sol.de Gastos
,,,,,,,,,,
,,,4.3.7.03506.0013,EQUIPO AIRE ACONDICIONADO - -PROVICION E INTALACION DE EQUIPO DE AIRE ACONDICIONADO TIPO SPLIT - DESCRIPCION 4500 FRIGORIAS FRIO/CALOR - DE TECNOLOGIA INVERTER. SE INCLUYE INSTALACION DEL MISMO Y RETIRO DE EQUIPO EXISTENTE - GARANTIA MINIMA 1 AÑO,,,,,1,1800000
,,,,,,,,,,
,,,,,,,,,,
,,,,,,,,,,
,,,,,,,,,,
,,245,02/03/2026,DPSCAP,110,12,1110104000,,600000,Sol.de Gastos
,,,,,,,,,,
,,,3.4.6.07708.0001,"SERVICIO TECNICO - SOPORTE TECNICO QUE CONSISTA EN ASESORAMIENTO TELEFONICO DE LUNES A VIERNES DE 8 A 17HS Y SABADOS DE 9 A 13HS; RESOLUCION DE PROBLEMAS VIA VNC; SOPORTE PARA EL DISEÑO DE ANALISIS Y LISTADOS, RECUPERACION DE BASES DE DATOS, REANUDAR CAID",,,,,1,600000
,,,,,,,,,,
,,,,,,,,,,
,,,,,,,,,,
,,,,,,,,,,
,,246,02/03/2026,TINTED,110,58,1110116000,,1750000,Sol.de Gastos
,,,,,,,,,,
,,,3.9.9.06805.0002,SERVICIO DE DESAYUNO - -120 PERSONAS.  -BEBIDAS.  -INFUSIONES.  -MASAS.  -MEDIALUNAS.  -VAJILLA/MANTELERIA.,,,,,1,1750000
,,,,,,,,,,
,,,,,,,,,,
,,,,,,,,,,
,,,,,,,,,,
,,247,02/03/2026,DESARR,110,24,1110107000,,21811948,Sol.de Gastos
,,,,,,,,,,
,,,2.1.1.00541.0033,CARNE - ESPECIE VACUNA - CORTE BOLA DE LOMO EN TROZOS NO MAYORES A 5 KG- FRESCO SIN CONGELAR.,,,,,28,17220
,,,,,,,,,,
,,,,,,,,,,
,,,,,,,,,,
,,,,,,,,,,
,,248,02/03/2026,DESARR,110,24,1110107000,,12111700,Sol.de Gastos
,,,,,,,,,,
,,,2.1.1.00599.0001,"ZAPALLITO - TIPO VERDE, VARIEDAD REDONDA, TAMAÑO PAREJO - PRESENTACION POR KILO.",,,,,144,2500
,,,,,,,,,,
,,,,,,,,,,
,,,,,,,,,,
,,,,,,,,,,
,,249,02/03/2026,DESARR,110,24,1110107000,,9399880,Sol.de Gastos
,,,,,,,,,,
,,,2.1.1.00611.0001,CREMA - TIPO DE LECHE PARA COCCION - ENVASE CAJA CARTON - CONTENIDO 200cml.,,,,,268,2600
,,,,,,,,,,
,,,,,,,,,,
,,,,,,,,,,
,,,,,,,,,,
,,250,02/03/2026,FSO,110,37,1110200000,,3371230,Sol.de Gastos
,,,,,,,,,,
,,,2.9.2.00261.0001,ABROCHADORA PAPELES - PINZA TIPO KARTEC NRO. 50 PINTADA,,,,,24,16570
,,,,,,,,,,
,,,,,,,,,,
,,,,,,,,,,
,,,,,,,,,,
,,251,02/04/2026,6EDUDC,131,24,1110107000,,12300670,Sol.de Gastos
,,,,,,,,,,
,,,2.3.1.00752.0034,"CUADERNO - HOJA RAYADA - TAPA BLANDA - TAMAÑO HOJA 21 X 27,9 CM. (A4) - CANTIDAD DE HOJA 84 - ENCUADERNACION ESPIRAL.",,,,,150,3940
,,,,,,,,,,
,,,,,,,,,,
,,,,,,,,,,
,,,,,,,,,,
,,252,02/04/2026,6DARC,110,41,1110111000,,107800,Ped.Suministros
,,,,,,,,,,
,,,2.7.9.01653.0028,"CAÑO - MATERIAL COBRE - TIPO DE ALTA MALEABILIDAD - DIAMETRO 3/8"", USO PARA AIRE ACONDICIONADO.",,,,,5,7500
,,,,,,,,,,
,,,,,,,,,,
,,,,,,,,,,
,,,,,,,,,,
,,253,02/05/2026,DHMORO,110,12,1110104000,,15270000,Sol.de Gastos
,,,,,,,,,,
,,,2.9.5.03498.0004,PAÑAL DESCARTABLE - TAMAÑO ADULTO EXTRA GRANDE,,,,,40000,320
,,,,,,,,,,
,,,,,,,,,,
,,,,,,,,,,
,,,,,,,,,,
,,254,02/05/2026,DHMORO,110,12,1110104000,,11452500,Sol.de Gastos
,,,,,,,,,,
,,,2.5.9.00587.0008,CUBIERTO PLASTICO DESCARTABLE - MATERIAL PVC O SIMIL - ELEMENTO CUCHILLO - COLOR BLANCO - PRESENTACION CAJA x 1000 UNIDADES.,,,,,10,17500
,,,,,,,,,,
,,,,,,,,,,
,,,,,,,,,,
,,,,,,,,,,
,,255,02/05/2026,6DRINF,132,41,1110111000,,1039032706.741,Sol.de Gastos
,,,,,,,,,,
,,,4.2.2.05214.0004,"PAVIMENTO - CARTEL DE OBRA; RECONSTRUCCION DE PAVIMENTOS (1157,70 M2): Demolición de losas, Suelo seleccionado estabilizado al 4% C.U.V. y compactado Espesor: 0.20m, Base de Hormigón Pobre H13 Espesor: 0.12m, Pavimento de Hormigón Simple H30 Espesor: 0.18",,,,,1,1039032706.74103
,,,,,,,,,,
,,,,,,,,,,
,,,,,,,,,,
,,,,,,,,,,
,,256,02/06/2026,DHMORO,110,12,1110104000,,1819800,Ped.Suministros
,,,,,,,,,,
,,,2.9.5.03372.0001,CINTA AUTOADHESIVA CONTROL VIRAJE - DESCRIPCION CALOR HUMEDO - (18mm x 50mts) - CON TESTIGO QUIMICO DE VIRAJE NETO Y DEFINIDO CADA 10mm A 15mm Y CON ADHESIVO RESISTENTE AL PROCESO Y BUEN PODER ADHERENTE - PRESENTACION ROLLO - TIPO KIMS,,,,,200,5347
,,,,,,,,,,
,,,,,,,,,,
,,,,,,,,,,
,,,,,,,,,,
,,257,02/06/2026,DHMORO,110,12,1110104000,,39800000,Sol.de Gastos
,,,,,,,,,,
,,,2.9.5.00473.0012,GASA - HIDROFILA TEJIDO TUBULAR DOBLE - MEDIDAS 80cm. DE ANCHO x 40mts. PESO 1800grs. - ENVASE INDIVIDUAL DE POLIETILENO ROTULADO - TRAMA 24/1 - PRESENTACION PIEZA - DEBERA RESPONDER A A NORMAS IRAM Y FARMACOPEA ARGENTINA. SE DEBERA PRESENTAR MUESTRA Y PR,,,,,1400,12000
,,,,,,,,,,
,,,,,,,,,,
,,,,,,,,,,
,,,,,,,,,,
,,258,02/06/2026,GREPUB,110,45,1110103000,,20792800,Ped.Suministros
,,,,,,,,,,
,,,3.5.3.02165.0001,SERVICIO DE IMPRESION - RECIBOS PARA LA EMISION DE LA TASA POR INSPECCION DE SEGURIDAD E HIGIENE- DIMENSION 210 X 297 mm-PAPEL A4 GRAMAJE 75/80 Gr/m2-SISTEMA IMPRESIÓN LASER-IMPRESIÓN AL FRENTE SEGÚN MODELO ADJUNTO (FONDO DE SEGURIDAD COLOR VERDE AGUA-IMP,,,,,30000,79
,,,,,,,,,,
,,,,,,,,,,
,,,,,,,,,,
,,,,,,,,,,
,,259,02/06/2026,TINTED,110,58,1110116000,,1300000,Sol.de Gastos
,,,,,,,,,,
,,,2.9.9.03508.0001,ARREGLO FLORAL - TIPO CORONA DE LAURELES - TAMAÑO CHICA,,,,,10,130000
,,,,,,,,,,
,,,,,,,,,,
,,,,,,,,,,
,,,,,,,,,,
,,260,02/06/2026,6POEDU,110,24,1110107000,,2459231.3,Sol.de Gastos
,,,,,,,,,,
,,,2.9.2.00323.0004,CORRECTOR DE ESCRITURA - CAPACIDAD 7ml - ENVASE LAPIZ (PUNTA METAL). CAJA X24 UNIDADES,,,,,5,12910
,,,,,,,,,,
,,,,,,,,,,
,,,,,,,,,,
,,,,,,,,,,
,,261,02/09/2026,PCVMER,110,66,1110125000,,2558000,Sol.de Gastos
,,,,,,,,,,
,,,2.2.9.05139.0002,"BOLSA DE TELA -  PLANA CON FUELLE INFERIOR, MEDIDAS: 40 CM DE ALTO X 35 CM DE ANCHO X 10 CM DE FUELLE, FRISELINA BLANCA, CON IMPRESION FLEXOGRAFICA A UN COLOR, CON MANIJA EXTERNA, TERMINACION SOLDADO POR ULTRASONIDO.",,,,,2000,499
,,,,,,,,,,
,,,,,,,,,,
,,,,,,,,,,
,,,,,,,,,,
,,262,02/09/2026,6SSEGO,110,41,1110111000,,225621.6,Sol.de Gastos
,,,,,,,,,,
,,,4.3.7.02209.0002,"SOPORTE PARA TELEVISOR - TAMAÑO LED 50"" - MATERIAL METALICO REFORSADO NEGRO, ARTICULADO GIRO HASTA 90 GRADOS.",,,,,2,112810.8
,,,,,,,,,,
,,,,,,,,,,
,,,,,,,,,,
,,,,,,,,,,
,,263,02/09/2026,DESARR,132,24,1110107000,,16411558,Sol.de Gastos
,,,,,,,,,,
,,,2.1.1.00439.0018,ACEITE COMESTIBLE - TIPO DE GIRASOL - ENVASE BOTELLA DE PLASTICO - CAPACIDAD 900 cc.,,,,,206,2300
,,,,,,,,,,
,,,,,,,,,,
,,,,,,,,,,
,,,,,,,,,,
,,264,02/09/2026,DESARR,110,24,1110107000,,1572000,Sol.de Gastos
,,,,,,,,,,
,,,3.4.9.05834.0001,SERVICIO DE JUEGOS INFLABLES - CON ENTREGA Y RETIRO,,,,,1,1572000
,,,,,,,,,,
,,,,,,,,,,
,,,,,,,,,,
,,,,,,,,,,
,,265,02/09/2026,26DECI,110,58,1110116000,,286687.42,Ped.Suministros
,,,,,,,,,,
,,,2.9.3.03825.0003,CABLE UNIPOLAR - CABLE NORMALIZADO 1X4 MM2 - COLOR VERDE-AMARILLO,,,,,10,1650.96
,,,,,,,,,,
,,,,,,,,,,
,,,,,,,,,,
,,,,,,,,,,
,,266,02/09/2026,SEDELO,110,57,1110122000,,958830,Sol.de Gastos
,,,,,,,,,,
,,,2.7.9.01742.0001,SOLERA - ESPESOR 70MM - TIPO PARA DURLOCK.,,,,,12,7000
,,,,,,,,,,
,,,,,,,,,,
,,,,,,,,,,
,,,,,,,,,,
,,267,02/09/2026,SEDELO,110,57,1110122000,,2594106,Sol.de Gastos
,,,,,,,,,,
,,,2.9.6.01355.0361,"CARTUCHO DE TINTA - JUEGO DE CARTUCHOS DE TINTA HP ORIGINALES PARA IMPRESORA HP OFFICEJET PRO 7740- CODIGO 954XL -INCLUYE 1 COLOR NEGRO, 1 COLOR CYAN, 1 COLOR MAGENTA, 1 COLOR AMARILLO-",,,,,3,540726
,,,,,,,,,,
,,,,,,,,,,
,,,,,,,,,,
,,,,,,,,,,
,,268,02/10/2026,6DIRDH,110,24,1110107000,,1532232,Sol.de Gastos
,,,,,,,,,,
,,,2.5.5.07130.0002,PINTURA PARA PISO - base acuosa acrilico para pisos gris x 10 LT,,,,,12,66000
,,,,,,,,,,
,,,,,,,,,,
,,,,,,,,,,
,,,,,,,,,,
,,269,02/10/2026,6SSEGO,110,41,1110111000,,290000,Sol.de Gastos
,,,,,,,,,,
,,,3.3.3.03729.0001,"REP.AIRE ACONDICIONADO - DEL VEHICULO RENAULT KANGOO PATENTE AA311 RS,   COMPRENDE MANO DE OBRA Y MATERIALES PARA EL CAMBIO DE FILTROS Y CARGA DE GAS CON FREON R22, CAMBIO DE O-RING DE VALVULAS DE EXPANSION-PRESURIZACION- VACIO Y CARGA DE REFRIGERANTE-  I",,,,,1,290000
,,,,,,,,,,
,,,,,,,,,,
,,,,,,,,,,
,,,,,,,,,,
,,270,02/10/2026,6DIRDH,110,24,1110107000,,2185500,Ped.Suministros
,,,,,,,,,,
,,,4.3.5.00241.0024,TELEVISOR - smart tv 40 pulgadas - marca RCA/PHILIPS o similar. Debe contener entrada HDMI Y USB. Con control remoto.,,,,,3,621000
,,,,,,,,,,
,,,,,,,,,,
,,,,,,,,,,
,,,,,,,,,,
,,271,02/10/2026,6DIRDH,110,24,1110107000,,5295000,Sol.de Gastos
,,,,,,,,,,
,,,3.5.3.02165.0059,"SERVICIO DE IMPRESION - IMPRESION DE VINILOS FULL COLOR 2,44 X 0,8 MTS. CON COLOCACION. LA ESTRUCTURA YA EXISTE.",,,,,9,98000
,,,,,,,,,,
,,,,,,,,,,
,,,,,,,,,,
,,,,,,,,,,
,,272,02/10/2026,SSTYT,110,73,1110127000,,599400,Ped.Suministros
,,,,,,,,,,
,,,2.9.6.00941.0001,BATERIA - PARA AUTO TIPO EXTREME O SIMILAR 12X75 AMPER - VEHICULOS CORRESPONDIENTE A LA SECRETARIA DE TRANSITO Y TRANSPORTE ( DOMINIO: GRF719 - NZF196 - OTZ935- HWZ805 - AG986SX- OTZ936),,,,,6,99900
,,,,,,,,,,
,,,,,,,,,,
,,,,,,,,,,
,,,,,,,,,,
,,273,02/10/2026,6DIRDH,110,24,1110107000,,184000,Sol.de Gastos
,,,,,,,,,,
,,,2.7.9.02434.0008,PASADOR - PASADOR PISTOLETE DE PISO HIERRO ZINCADO O CHAROLADO X 15CM,,,,,10,8000
,,,,,,,,,,
,,,,,,,,,,
,,,,,,,,,,
,,,,,,,,,,
,,274,02/10/2026,DESARR,110,24,1110107000,,1184600,Sol.de Gastos
,,,,,,,,,,
,,,2.1.1.04441.0001,GRASA - TIPO VACUNA X 500 GRS.,,,,,20,2100
,,,,,,,,,,
,,,,,,,,,,
,,,,,,,,,,
,,,,,,,,,,
,,275,02/10/2026,DESARR,110,24,1110107000,,732960,Sol.de Gastos
,,,,,,,,,,
,,,2.1.1.00598.0002,MORRON - TIPO AJI - ESTADO NATURAL - PRESENTACION CAJON POR 5 KG,,,,,16,3645
,,,,,,,,,,
,,,,,,,,,,
,,,,,,,,,,
,,,,,,,,,,
,,276,02/10/2026,SEDELO,110,57,1110122000,,7388285.45,Sol.de Gastos
,,,,,,,,,,
,,,2.9.6.05224.0003,CABLE - CABLE UNIPOLAR 2.5mm COLOR VERDE,,,,,52,1403
,,,,,,,,,,
,,,,,,,,,,
,,,,,,,,,,
,,,,,,,,,,
,,277,02/10/2026,6POEDU,110,24,1110107000,,2561000,Sol.de Gastos
,,,,,,,,,,
,,,4.3.5.00206.0005,MICROFONO - TIPO DINAMICO USO GRAL.,,,,,3,130000
,,,,,,,,,,
,,,,,,,,,,
,,,,,,,,,,
,,,,,,,,,,
,,278,02/11/2026,6EDUDC,110,24,1110107000,,1499050,Sol.de Gastos
,,,,,,,,,,
,,,4.3.6.00005.0002,IMPRESORA LASER - USO PERSONAL - VELOCIDAD IMPRESION 4PPI - RESOLUCION 300 X 300DPI - IMPRESION BLANCO Y NEGRO:TONER Y CORREA OPC. - GARANTIA 1 AÑO- TIPO HP 107W,,,,,5,299810
,,,,,,,,,,
,,,,,,,,,,
,,,,,,,,,,
,,,,,,,,,,
,,279,02/11/2026,MESIZO,110,12,1110104000,,7979000,Sol.de Gastos
,,,,,,,,,,
,,,2.9.6.00625.0029,PASTILLA DE FRENO - SPRINTER 415 - NCD 196 Y NCD 199,,,,,1,125000
,,,,,,,,,,
,,,,,,,,,,
,,,,,,,,,,
,,,,,,,,,,
,,280,02/11/2026,SEDELO,110,57,1110122000,,395369.6,Ped.Suministros
,,,,,,,,,,
,,,2.9.3.01454.0001,BASTIDOR - LINEA SXXI / SXXII LUJO TIPO CAMBRE,,,,,17,1409.4
,,,,,,,,,,
,,,,,,,,,,
,,,,,,,,,,
,,,,,,,,,,
,,281,02/11/2026,MESIZO,110,12,1110104000,,3205300,Sol.de Gastos
,,,,,,,,,,
,,,2.1.2.02875.0003,ALIMENTO P/PERROS - BOLSA 21Kg - SABOR CARNE - POLLO - PERRO ADULTO.,,,,,80,39200
,,,,,,,,,,
,,,,,,,,,,
,,,,,,,,,,
,,,,,,,,,,
,,283,02/11/2026,DPRDNN,132,24,1110107000,,821093.76,Ped.Suministros
,,,,,,,,,,
,,,2.3.4.00786.0006,PAPEL HIGIENICO - PRESENTACION BOLSON X 12 PAQUETES  X  4 UNIDADES- TIPO ROLLO - HOJA SIMPLE - ANCHO 10Cm - LARGO 40 mts.,,,,,21,16599.87
,,,,,,,,,,
,,,,,,,,,,
,,,,,,,,,,
,,,,,,,,,,
,,284,02/11/2026,PREYCO,110,58,1110116000,,720000,Sol.de Gastos
,,,,,,,,,,
,,,2.5.8.06222.0001,"VINILO ARENADO/ESMERILADO - Rollo de vinilo esmerilado color gris, de de 0.60 cm de ancho.",,,,,2,360000
,,,,,,,,,,
,,,,,,,,,,
,,,,,,,,,,
,,,,,,,,,,
,,285,02/11/2026,PREYCO,110,58,1110116000,,10000000,Sol.de Gastos
,,,,,,,,,,
,,,3.4.9.07075.0003,"SERVICIO DE CONSULTORIA - Consultoria Integral de comunicación - Diagnostico, diseño de estrategias digitales y mediaticas - Monitoreo de la conversación digitaL.",,,,,2,5000000
,,,,,,,,,,
,,,,,,,,,,
,,,,,,,,,,
,,,,,,,,,,
,,286,02/11/2026,PREYCO,110,58,1110116000,,7000000,Sol.de Gastos
,,,,,,,,,,
,,,3.4.9.04617.0002,"SERVICIO DE PRODUCCION PUBLICITARIA - Producción, diseño y realización de piezas audiovisuales - Servicio de filmación de drone",,,,,1,7000000
,,,,,,,,,,
,,,,,,,,,,
,,,,,,,,,,
,,,,,,,,,,
,,287,02/11/2026,SEDELO,110,57,1110122000,,995000,Sol.de Gastos
,,,,,,,,,,
,,,2.5.8.07359.0001,CAJON PLASTICO - MULTIUSO APILABLE 40LTS  COLOR NEGRO 25 UNIDADES  COLOR BLANCO 25 UNIDADES  SE ADJUNTA IMAGEN,,,,,50,19900
,,,,,,,,,,
,,,,,,,,,,
,,,,,,,,,,
,,,,,,,,,,
,,288,02/12/2026,DHMORO,110,12,1110104000,,12900000,Sol.de Gastos
,,,,,,,,,,
,,,2.5.2.03485.0001,LECHE MATERNIZADA - PREMATURO - PRESENTACION LIQUIDA EN BRICK O BOTELLA - CAPACIDAD ENVASE x 70ml. TIPO ENFAMIL/NUTRILON,,,,,1200,6000
,,,,,,,,,,
,,,,,,,,,,
,,,,,,,,,,
,,,,,,,,,,
,,289,02/12/2026,DHMORO,110,12,1110104000,,7946000,Sol.de Gastos
,,,,,,,,,,
,,,3.2.2.02819.0001,ALQ. TUBO DE OXIGENO - DESCRIPCION OXIGENADOR ADULTO,,,,,70,32000
,,,,,,,,,,
,,,,,,,,,,
,,,,,,,,,,
,,,,,,,,,,
,,290,02/12/2026,6EDUDC,131,24,1110107000,,12888512,Sol.de Gastos
,,,,,,,,,,
,,,2.1.1.00541.0002,CARNE - ESPECIE VACUNO - CORTE MILANESA DE NALGA,,,,,162,20500
,,,,,,,,,,
,,,,,,,,,,
,,,,,,,,,,
,,,,,,,,,,
,,291,02/12/2026,6EDUDC,131,24,1110107000,,12503411.9,Sol.de Gastos
,,,,,,,,,,
,,,2.1.1.02605.0001,APIO - TIPO FRESCO - ESTADO NATURAL - PRESENTACION ATADO X 350 GRS.,,,,,46,2100
,,,,,,,,,,
,,,,,,,,,,
,,,,,,,,,,
,,,,,,,,,,
,,292,02/12/2026,POLMEJ,110,24,1110107000,,2997900,Sol.de Gastos
,,,,,,,,,,
,,,2.7.5.05636.0001,ATORNILLADORA - MANDRIL DE 13 MM 20 V CON CARGADOR Y BATERIA - CON GARANTIA.,,,,,1,360000
,,,,,,,,,,
,,,,,,,,,,
,,,,,,,,,,
,,,,,,,,,,
,,293,02/12/2026,SEDELO,110,57,1110122000,,111819.8,Sol.de Gastos
,,,,,,,,,,
,,,2.9.6.07232.0001,GRIFERIA - MONOCOMANDO PRESMATTI TIPO FV PARA LAVATORIO,,,,,1,56761
,,,,,,,,,,
,,,,,,,,,,
,,,,,,,,,,
,,,,,,,,,,
,,294,02/12/2026,DHMORO,110,12,1110104000,,41090100,Sol.de Gastos
,,,,,,,,,,
,,,2.1.1.00541.0021,CARNE - ESPECIE VACUNA - CORTE CUADRADA - FRESCA - NO ENVASADA AL VACIO,,,,,540,12815
,,,,,,,,,,
,,,,,,,,,,
,,,,,,,,,,
,,,,,,,,,,
,,295,02/12/2026,SCIUDA,131,50,1110117000,,610000,Sol.de Gastos
,,,,,,,,,,
,,,2.4.4.00634.0037,NEUMATICO P/AUTO - MEDIDAS 185-65-R15,,,,,2,130000
,,,,,,,,,,
,,,,,,,,,,
,,,,,,,,,,
,,,,,,,,,,
,,296,02/12/2026,DHMORO,110,12,1110104000,,15021000,Sol.de Gastos
,,,,,,,,,,
,,,2.1.1.00621.0001,AVE - ESPECIE POLLOS FRESCOS - NO CONGELADOS - PRESENTACION EN CAJONES CUBIERTOS CON HIELO - PESO APROXIMADO 2kg C/U - EVISCERADO CON MENUDOS,,,,,3600,3100
,,,,,,,,,,
,,,,,,,,,,
,,,,,,,,,,
,,,,,,,,,,
,,297,02/13/2026,DHMORO,110,12,1110104000,,107000000,Sol.de Gastos
,,,,,,,,,,
,,,3.9.9.02439.0001,"SERV. DE RECOLECCION DE RESIDUOS PATOLOGICOS - RETIRO, TRASLADO, TRATAMIENTO y DISPOSICION FINAL DE LOS RESIDUOS PATOGENICOS (Y01) y (Y06/Y16), QUE SE PRODUZCAN EN EL HOSPITAL DE MORON, CONSULTORIOS EXTERNOS DE PELLEGRINI, 15 CENTROS DE SALUD y DIRECCION ",,,,,1,107000000
,,,,,,,,,,
,,,,,,,,,,
,,,,,,,,,,
,,,,,,,,,,
,,298,02/13/2026,POLCUT,110,58,1110116000,,958080,Ped.Suministros
,,,,,,,,,,
,,,2.3.4.05032.0002,TOALLA DE PAPEL - INTERCALADAS BEIGE. PRESENTACIÓN CAJAS X 10 PAQUETES,,,,,20,11571
,,,,,,,,,,
,,,,,,,,,,
,,,,,,,,,,
,,,,,,,,,,
,,299,02/13/2026,POLCUT,110,58,1110116000,,2375500,Sol.de Gastos
,,,,,,,,,,
,,,3.9.9.04688.0003,TRATAMIENTO IGNIFUGO - PARA ESCUELA DE FORMACION ACTORAL PEDRO ESCUDERO-SISTEMA POR PULVERIZACION - DESCRIPCION: APLICACION DE RETARDANTE DE LLAMA PARA TEXTIL EN:TODAS LAS TELAS DEL TECHO- TELON- CORTINAS DE 2 VENTANAS ANTE SALA- TELA DE LOS COLCHONES- SI,,,,,1,600000
,,,,,,,,,,
,,,,,,,,,,
,,,,,,,,,,
,,,,,,,,,,
,,300,02/13/2026,POLCUT,110,58,1110116000,,7984100,Sol.de Gastos
,,,,,,,,,,
,,,3.3.9.04316.0001,SERVICIO DE LIMPIEZA DE TAPIZADOS Y ALFOMBRAS - TEATRO MUNICIPAL-DESCRIPCION LIMPIEZA Y DESMANCHE  DE 199 BUTACAS DE TERCIOPELO,,,,,1,4179000
,,,,,,,,,,
,,,,,,,,,,
,,,,,,,,,,
,,,,,,,,,,
,,301,02/13/2026,POLCUT,110,58,1110116000,,1283205,Ped.Suministros
,,,,,,,,,,
,,,3.2.2.02014.0001,ALQUILER DE DISPENSERS - C/CONEXION AGUA CORRIENTE - ALTO 90Cm - ANCHO 35Cm - PROFUNDIDAD 35Cm - TIPO AGUA FRIA Y CALIENTE.,,,,,3,427735
,,,,,,,,,,
,,,,,,,,,,
,,,,,,,,,,
,,,,,,,,,,
,,302,02/13/2026,FGAJEF,110,58,1110116000,,2232094.56,Sol.de Gastos
,,,,,,,,,,
,,,2.1.1.00709.0015,CAFE - ENVASE PAQUETE - CONTENIDO 1000GR - ESTADO EN GRANO - PROCESO TOSTADO C/AZUCAR.,,,,,48,46501.97
,,,,,,,,,,
,,,,,,,,,,
,,,,,,,,,,
,,,,,,,,,,
,,303,02/18/2026,POLCUT,110,58,1110116000,,294515,Sol.de Gastos
,,,,,,,,,,
,,,3.3.2.04903.0001,SERVICIO DE MANT. DE VEHÍCULO -  CAMIONETA  MARCA RENAUL-MODELO KANGOO- DOMINIO AG 393  NH- DESCRIPCION DE LOS 10.000 KM.  DE VEHÍCULO NUEVO-INCLUYE: CAMBIO DE ACEITE- FILTRO DE HABITACULO- FILTRO DE AIRE- SE REALIZA UN CHEQUEO COMPUTARIZADO- SE REVISA TR,,,,,1,294515
,,,,,,,,,,
,,,,,,,,,,
,,,,,,,,,,
,,,,,,,,,,
,,304,02/18/2026,POLCUT,110,58,1110116000,,1412000,Sol.de Gastos
,,,,,,,,,,
,,,3.3.3.01627.0039,MANTENIMIENTO MATAFUEGOS - TIPO BC - TAREA RECARGA  - CAPACIDAD DE CARGA (ELEM) 5 KG.,,,,,1,40000
,,,,,,,,,,
,,,,,,,,,,
,,,,,,,,,,
,,,,,,,,,,
,,305,02/18/2026,6EDUDC,131,24,1110107000,,1397310,Sol.de Gastos
,,,,,,,,,,
,,,2.9.3.01803.0001,CABLE SUBTERRANEO - SINTENAX- HILOS 4 - SECCION HILO 25MM - AISLACION VAINA Y ANTIFLAMA.- NORMALIZADO,,,,,50,26840
,,,,,,,,,,
,,,,,,,,,,
,,,,,,,,,,
,,,,,,,,,,
,,306,02/18/2026,POLCUT,110,58,1110116000,,4789769,Sol.de Gastos
,,,,,,,,,,
,,,2.1.1.00788.0041,GALLETITAS - VARIEDAD DE AGUA - TIPO MEDIA TARDE - PACK X 3 UNIDADES,,,,,15,1586
,,,,,,,,,,
,,,,,,,,,,
,,,,,,,,,,
,,,,,,,,,,
,,307,02/18/2026,DERECR,110,58,1110116000,,750000,Sol.de Gastos
,,,,,,,,,,
,,,3.4.9.03388.0002,ARBITRAJES DEPORTIVOS - PARA PARTIDOS DE SOFTBOL,,,,,25,30000
,,,,,,,,,,
,,,,,,,,,,
,,,,,,,,,,
,,,,,,,,,,
,,308,02/19/2026,DPSCAP,110,12,1110104000,,17648000,Sol.de Gastos
,,,,,,,,,,
,,,5.1.4.03447.0005,LECHE EN POLVO - TIPO VITAL INFANTIL 2 FORMULA LACTEA - DESDE LOS 6 MESES A LOS 12 MESES DE EDAD - PRESENTACION EN POLVO - LATA X 1 KILOGRAMO,,,,,400,31000
,,,,,,,,,,
,,,,,,,,,,
,,,,,,,,,,
,,,,,,,,,,
,,309,02/19/2026,SCIUDA,110,50,1110117000,,3907390,Sol.de Gastos
,,,,,,,,,,
,,,2.9.6.07387.0001,KIT DE EMBRAGUE - EMBRAGUE BIMAZA CON CRAPODINA HIDRAULICA,,,,,1,1138500
,,,,,,,,,,
,,,,,,,,,,
,,,,,,,,,,
,,,,,,,,,,
,,310,02/19/2026,SEDELO,110,57,1110122000,,1528000,Sol.de Gastos
,,,,,,,,,,
,,,4.3.9.01296.0002,MATAFUEGO - TIPO ABC X 5KG CON SELLO IRAM Y SELLO DPS- INCLUYE BALIZA Y SOPORTE,,,,,1,160000
,,,,,,,,,,
,,,,,,,,,,
,,,,,,,,,,
,,,,,,,,,,
,,311,02/19/2026,DPSCAP,110,12,1110104000,,60139517.5,Sol.de Gastos
,,,,,,,,,,
,,,2.5.2.03249.0001,ADRENALINA - CALIDAD 1 X 1000 AMPOLLA,,,,,100,417
,,,,,,,,,,
,,,,,,,,,,
,,,,,,,,,,
,,,,,,,,,,
,,312,02/19/2026,DERECR,110,58,1110116000,,5535000,Ped.Suministros
,,,,,,,,,,
,,,3.2.9.05074.0002,ALQUILER DE BAÑOS QUÍMICOS - ADAPTADOS PARA PERSONAS CON DISCAPACIDAD - MODELO CON RETRETE - INCLUYE 4 DESAGOTES POR MES.   1 BAÑO PARA EL PARQUE RECREATIVO AMBIENTAL DE MORON SITO EN CORONEL ARENA 3330 - CASTELAR  1 BAÑO PARA EL PARQUE RECREATIVO EL PALO,,,,,3,1080000
,,,,,,,,,,
,,,,,,,,,,
,,,,,,,,,,
,,,,,,,,,,
,,313,02/19/2026,DERECR,110,58,1110116000,,2760000,Ped.Suministros
,,,,,,,,,,
,,,3.3.1.07138.0002,"SERVICIO DE DESAGOTE - DESCRIPCION SERVICIOS DE DESAGOTE Y LIMPIEZA DE BOMBEO CLOACAL PRINCIPAL, CAPACIDAD 6000 LTS",,,,,20,138000
,,,,,,,,,,
,,,,,,,,,,
,,,,,,,,,,
,,,,,,,,,,
,,314,02/20/2026,DPSCAP,110,12,1110104000,,18354320.52,Sol.de Gastos
,,,,,,,,,,
,,,2.5.2.03486.0001,AGUA DESTILADA - USO MEDICINAL - PRESENTACION AMPOLLA X 10 ML.,,,,,300,294.9
,,,,,,,,,,
,,,,,,,,,,
,,,,,,,,,,
,,,,,,,,,,
,,315,02/20/2026,DIRVH,110,15,1110105000,,7728000,Sol.de Gastos
,,,,,,,,,,
,,,2.5.9.03225.0001,CONCRETO ASFALTICO - PRESENTACION EN BOLSA DE 30 KG.  PARA BACHEO  ESTABILIZACIOON MINIMA 700 KG  APLICACION EN FRIO,,,,,420,18400
,,,,,,,,,,
,,,,,,,,,,
,,,,,,,,,,
,,,,,,,,,,
,,316,02/20/2026,6DIR1,110,57,1110122000,,320000,Sol.de Gastos
,,,,,,,,,,
,,,4.3.9.07796.0001,BOMBA DE AGUA - DE EXTRACCION- SUMERGIBLE DE AGUAS SUCIAS 750W- MATERIAL ACERO INOXIDABLE,,,,,1,320000
,,,,,,,,,,
,,,,,,,,,,
,,,,,,,,,,
,,,,,,,,,,
,,317,02/20/2026,6DLOGI,110,15,1110105000,,4640000,Sol.de Gastos
,,,,,,,,,,
,,,2.4.4.00636.0030,NEUMATICO P/CARGA Y TRANSPORTE - CONSTRUCCION RADIAL - Nº TELAS 4 - MEDIDAS 275-80-22.5 - CON TACO - USO CAMIONES     ,,,,,8,580000
,,,,,,,,,,
,,,,,,,,,,
,,,,,,,,,,
,,,,,,,,,,
,,318,02/23/2026,POLCUT,110,58,1110116000,,7500000,Sol.de Gastos
,,,,,,,,,,
,,,3.5.9.02170.0012,"SERVICIO DE LUCES Y  SONIDO - DESCRIPCION  SONIDO: 2 GABINETES 15"" EV ACTIVOS PARA P.A (1 SISTEMA X LADO)- 4 MONITORES ACTIVOS 12""- 1 CONSOLA DIGITAL 16 CH ALLEN HEATH- MICROFONOS- SOPORTES- CAJAS DIRECTAS Y ACCESORIOS SEGUN RAIDER- 1 MICROFONO INALAMBRIC",,,,,5,1500000
,,,,,,,,,,
,,,,,,,,,,
,,,,,,,,,,
,,,,,,,,,,
,,319,02/23/2026,FSO,110,37,1110200000,,2186000,Sol.de Gastos
,,,,,,,,,,
,,,2.1.1.03311.0003,JUGO - TIPO JUGO DE FRUTA T/BAGGIO O SIMILAR - ENVASE TETRABRICK - CAPACIDAD 250 CC - PACK POR 18 UNIDADES.,,,,,75,19280
,,,,,,,,,,
,,,,,,,,,,
,,,,,,,,,,
,,,,,,,,,,
,,320,02/23/2026,FSO,110,37,1110200000,,16400000,Sol.de Gastos
,,,,,,,,,,
,,,3.5.1.02464.0008,"SERVICIO DE CHARTER - VIAJES IDA Y VUELTA DESDE LOS DISTINTOS PUNTOS DEL DISTRITO DE MORON (ESCUELAS) AL HONORABLE CONCEJO DELIBERANTE DE MORON - LOS MICROS DEBEN TENER HABILITACION, VTV Y SEGURO DE TRANSPORTE DE PASAJEROS.",,,,,40,410000
,,,,,,,,,,
,,,,,,,,,,
,,,,,,,,,,
,,,,,,,,,,
,,321,02/24/2026,6DLOGI,110,15,1110105000,,5756000,Ped.Suministros
,,,,,,,,,,
,,,2.9.6.03465.0032,REPUESTOS  P/VEHICULO - DESCRIPCION = ARRANCA MOTORES W40 PARA VEHICULO - USO TALLER    ,,,,,6,30500
,,,,,,,,,,
,,,,,,,,,,
,,,,,,,,,,
,,,,,,,,,,
,,322,02/24/2026,6LOGIS,110,45,1110103000,,29495800,Sol.de Gastos
,,,,,,,,,,
,,,2.9.2.01354.0004,RESALTADOR - PUNTA 5 (CHANFLEADA)MM - ACCESORIO CON CLIPS - COLOR VARIOS. TIPO FABER CASTELL,,,,,1200,270
,,,,,,,,,,
,,,,,,,,,,
,,,,,,,,,,
,,,,,,,,,,
,,323,02/24/2026,SEDELO,110,57,1110122000,,320000,Sol.de Gastos
,,,,,,,,,,
,,,3.3.3.02101.0001,REPARACION DE BOMBA DE AGUA - ELECTROBOMBA TRIFASICA ZETA 5T 50HZ  380V,,,,,1,320000
,,,,,,,,,,
,,,,,,,,,,
,,,,,,,,,,
,,,,,,,,,,
,,324,02/25/2026,DHMORO,110,12,1110104000,,1410254,Sol.de Gastos
,,,,,,,,,,
,,,2.5.2.02551.0554,REACTIVO - PANEL P/DETECCIÓN DE ANTICUERPOS IRREGULARES EN DONANTES - PRESENTACION x 10mk ak 8% - (SE ENTREGA 1 PANEL POR MES),,,,,2,218417
,,,,,,,,,,
,,,,,,,,,,
,,,,,,,,,,
,,,,,,,,,,
,,325,02/25/2026,DHMORO,110,12,1110104000,,5136000,Sol.de Gastos
,,,,,,,,,,
,,,2.1.1.00669.0033,PAN - TIPO MIGNON - PRESENTACIÓN x KILOGRAMO,,,,,2400,1900
,,,,,,,,,,
,,,,,,,,,,
,,,,,,,,,,
,,,,,,,,,,
,,326,02/25/2026,DHMORO,110,12,1110104000,,1114050,Sol.de Gastos
,,,,,,,,,,
,,,3.4.9.03457.0001,SERVICIO DE DOSIMETRIA - DESCRIPCION PERSONAL POR FILMS MONITORING MARCADOS A PERCUSION CON RECAMBIO MENSUAL PARA 25 USUARIOS MARCA TLD 100,,,,,3,371350
,,,,,,,,,,
,,,,,,,,,,
,,,,,,,,,,
,,,,,,,,,,
,,327,02/25/2026,SEDELO,110,57,1110122000,,2519033,Sol.de Gastos
,,,,,,,,,,
,,,4.3.6.01610.0001,UPS - APC EASY UPS SRV 1000 SRV 1KI-AR 1000VA DE 230V COLOR NEGRO,,,,,1,1098370
,,,,,,,,,,
,,,,,,,,,,
,,,,,,,,,,
,,,,,,,,,,
,,328,02/25/2026,6ADGR,110,24,1110107000,,270320,Sol.de Gastos
,,,,,,,,,,
,,,2.7.5.00770.0007,MARTILLO - TIPO GALPONERO - (MANGO DE MADERA DE FRESNO) 27 MM. TIPO BREMEN,,,,,1,20700
,,,,,,,,,,
,,,,,,,,,,
,,,,,,,,,,
,,,,,,,,,,
,,329,02/26/2026,DIRPUB,110,15,1110105000,,1212440,Sol.de Gastos
,,,,,,,,,,
,,,2.9.6.02845.0002,"TANZA PARA BORDEADORA - DIAMETRO 2,4 MM. - PRESENTACION ROLLO x 1KG - TIPO LUSQTOFF    ",,,,,20,26000
,,,,,,,,,,
,,,,,,,,,,
,,,,,,,,,,
,,,,,,,,,,
,,330,02/26/2026,URIING,110,45,1110103000,,60780000,Sol.de Gastos
,,,,,,,,,,
,,,3.9.9.06763.0001,SERVICIO DE MENSAJERIA - SERVICIO DE MENSAJERIA PARA LA ENTREGA FUERA DE LA JURISDICCION SERVICIO TRIMESTRAL A REQUERIMIENTO DEL AREA,,,,,30000,2026
,,,,,,,,,,
,,,,,,,,,,
,,,,,,,,,,
,,,,,,,,,,
,,331,02/26/2026,6EDUDC,110,24,1110107000,,621500,Sol.de Gastos
,,,,,,,,,,
,,,2.8.4.00316.0002,"ARENA - GRANULOMETRIA SILICEA, MEDIANA TIPO CONSTR..- PRESENTACION EN BOLSON",,,,,2,55000
,,,,,,,,,,
,,,,,,,,,,
,,,,,,,,,,
,,,,,,,,,,
,,332,02/26/2026,6DCRES,110,15,1110105000,,11012000,Sol.de Gastos
,,,,,,,,,,
,,,2.9.1.01130.0012,"CEPILLO BARRENDERO - CON MANGO MADERA - CUERPO PVC REFORZADO ANCHO 30 CM  / ANCHO BARRIDO 40 CM - UNION MANGO CUERPO ROSCA - LONGITUD 1,60 MT - MATERIAL FIBRA NEGRA        ",,,,,100,7000
,,,,,,,,,,
,,,,,,,,,,
,,,,,,,,,,
,,,,,,,,,,
,,333,02/26/2026,SCIUDA,131,50,1110117000,,350000,Sol.de Gastos
,,,,,,,,,,
,,,3.3.3.06301.0001,"REPARACION DE EQUIPO - DESMONTAJE DEL EQUIPO DE AIRE ACONDIONADO DEL DATA CENTER. REVISIÓN, LIMPIEZA DESARMADO, REPARACION DE PÉRDIDA EN DESCARGA DE BANDEJA DE CONDENSADO Y ARMADO. REVISION GENERAL Y PUESTA EN MARCHA DEL EQUIPO.",,,,,1,350000
,,,,,,,,,,
,,,,,,,,,,
,,,,,,,,,,
,,,,,,,,,,
,,334,02/26/2026,6LOGIS,110,45,1110103000,,6015000,Sol.de Gastos
,,,,,,,,,,
,,,2.3.4.00783.0006,TOALLAS DE  PAPEL PARA COCINA - MATERIAL PAPEL TISSUE - GRAMAJE 55/60 Gr/M2 - DIMENSION 21 X 18.7 Cm. - COLOR BLANCO - PRESENTACION PAQUETE X 3 UNIDADES DE 50 PAÑOS C/U-  TIPO ELEGANTE    NOTA ; SE DEBERÁ PRESENTAR MUESTRA PARA SU POSTERIOR ADJUDICACIÓN. ,,,,,3000,2005
,,,,,,,,,,
,,,,,,,,,,
,,,,,,,,,,
,,,,,,,,,,
,,335,02/26/2026,DIRVIA,110,15,1110105000,,800000000,Ped.Suministros
,,,,,,,,,,
,,,2.5.5.00379.0005,DILUYENTE - MODIFICADOR REOLOGICO ACRILICO - USO PARA PINTURA VIAL- PRESENTACION LATA X 20 LTS. - RTIPO PRIMEX,,,,,450,290000
,,,,,,,,,,
,,,,,,,,,,
,,,,,,,,,,
,,,,,,,,,,
,,336,02/26/2026,6 SIT,110,45,1110103000,,2000000,Sol.de Gastos
,,,,,,,,,,
,,,4.3.8.07182.0001,SOLDADOR ELECTRICO MANUAL - 1 (una) unidad Estación de soldadura De aire caliente Proskit SS-989B completa.,,,,,1,500000
,,,,,,,,,,
,,,,,,,,,,
,,,,,,,,,,
,,,,,,,,,,
,,337,02/26/2026,DIRHUM,110,58,1110116000,,111600000,Sol.de Gastos
,,,,,,,,,,
,,,3.4.6.02139.0001,"SOPORTE TECNICO SOFTWARE - MANTINIMIENTO DE ADMINISTRACION DE PERSONAL Y PORTAL DE EMPLEADOS DEL SISTEMA MAJOR. INCLUYE MANTENIMIENTO CORRECTIVO, Y SOPORTE VIRTUAL",,,,,6,18600000
,,,,,,,,,,
,,,,,,,,,,
,,,,,,,,,,
,,,,,,,,,,
,,338,02/26/2026,SEDELO,110,57,1110122000,,1400000,Sol.de Gastos
,,,,,,,,,,
,,,4.3.4.00142.0001,TELEFONO CON CABLE - DE ESCRITORIO IP YEALINK SIP-T30P E2,,,,,8,175000
,,,,,,,,,,
,,,,,,,,,,
,,,,,,,,,,
,,,,,,,,,,
,,339,02/27/2026,6SSEGO,110,41,1110111000,,180000,Sol.de Gastos
,,,,,,,,,,
,,,2.9.6.04085.0001," BIELA - MATERIAL METALICAS , STANDART PARA CAMIONETA",,,,,2,15000
,,,,,,,,,,
,,,,,,,,,,
,,,,,,,,,,
,,,,,,,,,,
,,340,02/27/2026,DPRDNN,132,24,1110107000,,329000,Sol.de Gastos
,,,,,,,,,,
,,,2.9.6.00401.0003,CARTUCHO TONER - COLOR NEGRO - PRODUCTO TONER ALTERNATIVO - USO P/IMPRESORA LASER HP W2020 414 A - SIN CHIP - TIPO NAC-TONER,,,,,5,23500
,,,,,,,,,,
,,,,,,,,,,
,,,,,,,,,,
,,,,,,,,,,
,,341,02/27/2026,DIRVH,110,15,1110105000,,400000,Sol.de Gastos
,,,,,,,,,,
,,,3.3.3.06760.0001,REPARACION DE USINA ASFALTICA - DESCRIPCION = REPARACION Y BOBINADO DE MOTOR 1.5 hp TIPO WEG - CON CAMBIO DE RODAMIENTO SKF x 2  - VENTILADO PLASTICO Y CUBRE VENTILADOR - USO PLANTA DE CONCRETO ASFALTICO.    ,,,,,1,400000
,,,,,,,,,,
,,,,,,,,,,
,,,,,,,,,,
,,,,,,,,,,
,,342,02/27/2026,DESARR,110,24,1110107000,,7910700,Sol.de Gastos
,,,,,,,,,,
,,,5.1.4.07522.0001,GUARDAPOLVO - PARA NIÑOS - PINTOR CUADRILLE EN COLOR AZUL- MODELO RECTO- TALLE 2,,,,,3,12900
,,,,,,,,,,
,,,,,,,,,,
,,,,,,,,,,
,,,,,,,,,,
,,343,02/27/2026,6ADGR,110,24,1110107000,,691200,Ped.Suministros
,,,,,,,,,,
,,,2.9.9.08093.0001,"CARPA - MODELO APACHE PARA 6 PERSONAS DE 2.40 X 2.0 DOBLE PUERTA MOSQUITERO EN EL FRENTE Y VENTANA TRIANGULAR EN EL FONDO, PISO DE NYLON REVESTIDO EN PVC SOLDADO PARA EVITAR FILTRACIONES Y CON REFUERZO EN LA ESQUINAS.  FRENTE Y FONDO CONFECCIONADOS EN LON",,,,,2,316100
,,,,,,,,,,
,,,,,,,,,,
,,,,,,,,,,
,,,,,,,,,,
,,344,02/27/2026,DHMORO,110,12,1110104000,,3900000,Sol.de Gastos
,,,,,,,,,,
,,,2.5.2.01905.0012,VACUNA - DROGA GENERICA GLOBULINA ANTI D- FORMA FARMACEUTICA JERINGA PRELLENADA- PRESENTACION 150 mcg/ml x 2 mL,,,,,30,130000
,,,,,,,,,,
,,,,,,,,,,
,,,,,,,,,,
,,,,,,,,,,
,,345,02/27/2026,FSO,110,37,1110200000,,1590687,Sol.de Gastos
,,,,,,,,,,
,,,2.9.1.00646.0026,BOLSA DE RESIDUOS - DIMENSION 50 X 70 - PRESENTACION POR 50 UNIDADES,,,,,10,3061
,,,,,,,,,,
,,,,,,,,,,
,,,,,,,,,,
,,,,,,,,,,
,,346,02/27/2026,POLCUT,110,58,1110116000,,4495108,Sol.de Gastos
,,,,,,,,,,
,,,3.5.3.02165.0002,SERVICIO DE IMPRESION - DESCRIPCION: PLOTTERS DE CORTE (SIN COLOCACION) UN COLOR- MEDIDA 60 X 100 CM,,,,,12,43334
,,,,,,,,,,
,,,,,,,,,,
,,,,,,,,,,
,,,,,,,,,,
,,347,02/27/2026,6POEDU,110,24,1110107000,,1077608,Sol.de Gastos
,,,,,,,,,,
,,,2.3.4.00999.0044,PAPEL DE LIJA - LIJA AL AGUA GRANO 150. POR 10 UNIDADES,,,,,20,10017
,,,,,,,,,,
,,,,,,,,,,
,,,,,,,,,,
,,,,,,,,,,
,,348,02/27/2026,FSO,110,37,1110200000,,372000,Sol.de Gastos
,,,,,,,,,,
,,,2.5.5.00728.0001,PINTURA AL LATEX - USO INTERIORES - TIPO LATEX COLORIN ACRILATEX COLOR BLANCO MATE - BALDE DE 20 LITROS.,,,,,4,93000
,,,,,,,,,,
,,,,,,,,,,
,,,,,,,,,,
,,,,,,,,,,
,,349,03/02/2026,6COMBN,110,24,1110107000,,1819840,Sol.de Gastos
,,,,,,,,,,
,,,4.3.7.03506.0001,EQUIPO AIRE ACONDICIONADO - TIPO SPLIT DE 4500KCAL- FRIO/CALOR- INCLUYE INSTALACION,,,,,1,1819840
,,,,,,,,,,
,,,,,,,,,,
,,,,,,,,,,
,,,,,,,,,,
,,350,03/02/2026,6SSEGO,110,41,1110111000,,331400,Sol.de Gastos
,,,,,,,,,,
,,,2.9.6.08053.0001,"CARGADOR PARA CELULAR - CABLE CARGADOR ORIGINAL PARA NOTEBOOK DELL LATITUDE 3520, Voltaje de entrada: 110V/220V (Bivolt),  Cuenta con un voltaje de salida de 19.5 V. Conector de salida: Pin:4.5mmx3.0mm.",,,,,1,81400
,,,,,,,,,,
,,,,,,,,,,
,,,,,,,,,,
,,,,,,,,,,
,,351,03/02/2026,6DIR1,110,57,1110122000,,1800000,Sol.de Gastos
,,,,,,,,,,
,,,2.7.4.07764.0001,"ESCALERA CARACOL - MEDIDA 4 METROS CON ESCALONES DE 63 CM DE PROFUNDIDAD 27 CM DE ANCHO - SOLDADA AL REDONDO DE 8 CM - CAÑO CENTRAL 4 PULGADAS POR 2 MM DE ESPESOR - REBORDE DEL ESCALON ANGULO 1"" 1/4 x 3/16 - POR DENTRO MAYA 450-30-40 - INCLUYE COLOCACION ",,,,,1,1800000
,,,,,,,,,,
,,,,,,,,,,
,,,,,,,,,,
,,,,,,,,,,
,,352,03/03/2026,DHMORO,110,12,1110104000,,35005620,Sol.de Gastos
,,,,,,,,,,
,,,2.1.1.00542.0024,QUESO - BLANCO SIN SAL - SIN TACC (APTO CELIACO) - PRESENTACION POTE PLASTICO - PESO 20gr - CAJA x 108 UNIDADES - TIPO ILOLAY/VERONICA,,,,,24,31790
,,,,,,,,,,
,,,,,,,,,,
,,,,,,,,,,
,,,,,,,,,,
,,353,03/03/2026,FGAJEF,110,58,1110116000,,1966000,Sol.de Gastos
,,,,,,,,,,
,,,2.9.6.06808.0001,ACCESS POINT - ACCESS POINTUBIQUITI UNIFI UAP-AC-HD BLANCO,,,,,1,520000
,,,,,,,,,,
,,,,,,,,,,
,,,,,,,,,,
,,,,,,,,,,
,,354,03/03/2026,FSO,110,37,1110200000,,3000000,Sol.de Gastos
,,,,,,,,,,
,,,3.5.3.02165.0001,"SERVICIO DE IMPRESION - INCLUYE PROVISION DE EQUIPOS, SERVICIO TECNICO Y TODOS LOS INSUMOS Y REPUESTOS NECESARIOS PARA EL NORMAL FUNCIONAMIENTO DE LOS EQUIPOS COMO: CILINDRO, TONER, REVELADOR, FOTOCONDUCTOR, ACEITE SILICONADO, ETC. COMO ASI TAMBIEN EL SER",,,,,1,3000000
,,,,,,,,,,
,,,,,,,,,,
,,,,,,,,,,
,,,,,,,,,,
,,355,03/03/2026,DHMORO,110,12,1110104000,,32441320,Sol.de Gastos
,,,,,,,,,,
,,,2.1.1.00609.0001,CHAUCHA - TIPO CHATA - PRESENTACION x Kg.,,,,,160,2300
,,,,,,,,,,
,,,,,,,,,,
,,,,,,,,,,
,,,,,,,,,,
,,356,03/03/2026,DERECA,110,45,1110103000,,825000,Sol.de Gastos
,,,,,,,,,,
,,,2.9.6.00319.0058,CINTA P/IMPRESORA - MODELO NYLON EPSON EP-30V COMPATIBLE CON ERC-30-34/38 COLOR NEGRO O VIOLETA - TM 300/TM 370/TM 375/ TM 2000/ TMU 220,,,,,150,5500
,,,,,,,,,,
,,,,,,,,,,
,,,,,,,,,,
,,,,,,,,,,
,,357,03/03/2026,GREPUB,110,45,1110103000,,7923960,Sol.de Gastos
,,,,,,,,,,
,,,3.5.3.02165.0001,SERVICIO DE IMPRESION -  -RECIBOS PARA LA EMISION DE LA TASA POR INSPECCION DE SEGURIDAD E HIGIENE - DIMENSION 210X 297 mm- PAPEL A4 GRAMAJE 75/80 gr/m2- SISTEMA IMPRESION LASER4 -IMPRESION AL FRENTE  SEGUN MODELO ADJUNTO  ( FONDO DE SEGURIDAD COLOR VERDE,,,,,10000,87
,,,,,,,,,,
,,,,,,,,,,
,,,,,,,,,,
,,,,,,,,,,
,,358,03/03/2026,6EDUDC,110,24,1110107000,,25705921,Ped.Suministros
,,,,,,,,,,
,,,2.9.1.07096.0004,KIT DE LIMPIEZA - TIPO N° 1 COMPLEJO - DESCRIPCION EN ARCHIVO ADJUNTO,,,,,4,1266185
,,,,,,,,,,
,,,,,,,,,,
,,,,,,,,,,
,,,,,,,,,,
,,359,03/03/2026,6EDUDC,110,24,1110107000,,41357680.5,Sol.de Gastos
,,,,,,,,,,
,,,2.5.9.05922.0002,MEMBRANA ASFALTICA - MEDIDAS SIN - PRESENTACION PASTA  EN LATA DE  X 20 LITROS- TIPO RECUPLAST,,,,,60,124947
,,,,,,,,,,
,,,,,,,,,,
,,,,,,,,,,
,,,,,,,,,,
,,360,03/03/2026,6EDUDC,110,24,1110107000,,41357680.5,Ped.Suministros
,,,,,,,,,,
,,,2.5.5.00728.0072,PINTURA AL LATEX - TIPO CIBEL - USO INTERIOR/ EXTERIOR - COLOR BLANCO - CAPACIDAD 20 LTS.,,,,,120,104549
,,,,,,,,,,
,,,,,,,,,,
,,,,,,,,,,
,,,,,,,,,,
,,361,03/04/2026,6EDUDC,110,24,1110107000,,4121150,Sol.de Gastos
,,,,,,,,,,
,,,2.1.1.00611.0007,CREMA - TIPO PASTEURIZADA - ENVASE POTE PLASTICO - CONTENIDO 200cm¦.,,,,,550,2020
,,,,,,,,,,
,,,,,,,,,,
,,,,,,,,,,
,,,,,,,,,,
,,362,03/04/2026,6EDUDC,110,24,1110107000,,2182000,Sol.de Gastos
,,,,,,,,,,
,,,2.1.1.00541.0046,CARNE - ESPECIE VACUNA - CORTE CHORIZO FRESCO,,,,,4,8000
,,,,,,,,,,
,,,,,,,,,,
,,,,,,,,,,
,,,,,,,,,,
,,363,03/04/2026,DHMORO,110,12,1110104000,,8000000,Sol.de Gastos
,,,,,,,,,,
,,,2.5.2.01821.0021,"ANTIBIOTICOS - TIPO MONODROGA - DROGA GENERICA CEFTAZIDIMA 2  + AVIBACTAM 0,5 GR - FORMA FARMACEUTICA FRASCO/AMPOLLA",,,,,20,400000
,,,,,,,,,,
,,,,,,,,,,
,,,,,,,,,,
,,,,,,,,,,
,,364,03/04/2026,6EDUDC,110,24,1110107000,,3166113,Sol.de Gastos
,,,,,,,,,,
,,,2.1.1.00435.0001,ARROZ - GRANO LARGO - TIPO BLANCO - PROCESO SIN CASCARA - ENVASE CAJA - CAPACIDAD 1Kg.,,,,,30,4200
,,,,,,,,,,
,,,,,,,,,,
,,,,,,,,,,
,,,,,,,,,,
,,365,03/04/2026,BLETEC,110,66,1110125000,,6000000,Sol.de Gastos
,,,,,,,,,,
,,,2.3.3.01133.0015,"TARJETA -  MEDIDAS 8,5 CM X 5,3 CM - TROQUELADAS CON PUNTAS REDONDEADAS - CORTE SOBRE TINTA A UN COLOR EN UNA CARA - SE ADJUNTA MODELO",,,,,10000,600
,,,,,,,,,,
,,,,,,,,,,
,,,,,,,,,,
,,,,,,,,,,
,,366,03/04/2026,DHMORO,110,12,1110104000,,33150000,Sol.de Gastos
,,,,,,,,,,
,,,2.2.3.07132.0001,FUNDA - BLANCA PARA ALMOHADA - ALGODON - TAMAÑO 1mts x 50cm. - USO HOSPITALARIO.,,,,,100,6500
,,,,,,,,,,
,,,,,,,,,,
,,,,,,,,,,
,,,,,,,,,,
,,367,03/04/2026,TINTED,110,58,1110116000,,2943372,Sol.de Gastos
,,,,,,,,,,
,,,2.2.3.01353.0026,BANDERA - BANDERA-DIMENSION 135 X 216 CM- TELA POLIESTER-SOL ESTAMPADO-SOGA NYLON REFORZADO- TIPO ARGENTINA.,,,,,50,33740
,,,,,,,,,,
,,,,,,,,,,
,,,,,,,,,,
,,,,,,,,,,
,,368,03/04/2026,6ADGR,110,24,1110107000,,352000,Ped.Suministros
,,,,,,,,,,
,,,2.9.9.04055.0001,JUEGO DE TEJO - MATERIAL GOMA - DESCRIPCION 12 PIEZAS GRANDES Y UN TEJÍN.,,,,,1,37000
,,,,,,,,,,
,,,,,,,,,,
,,,,,,,,,,
,,,,,,,,,,
,,369,03/05/2026,DHMORO,110,12,1110104000,,850000,Sol.de Gastos
,,,,,,,,,,
,,,3.3.3.02188.0081,REPARACION DE EQUIPOS HOSPITALARIOS - REPARACION DE MESA DE ANESTESIA MARAC MINDRAY WATO EX30 SERIE N°DY-5A001986 SEGUN EL SIGUIENTE DETALLE:  -REEMPLAZO DE VENTILADOR INTERNO DE LA UNIDAD PRINCIPAL.,,,,,1,850000
,,,,,,,,,,
,,,,,,,,,,
,,,,,,,,,,
,,,,,,,,,,
,,370,03/05/2026,DHMORO,110,12,1110104000,,3200000,Sol.de Gastos
,,,,,,,,,,
,,,2.9.3.04162.0007,LAMPARA PARA EQUIPOS - LAMPARA DE XENON 100 VATIO PARA FUENTE DE LUZ MARCA STORZ MODELO 100 20132526,,,,,1,3200000
,,,,,,,,,,
,,,,,,,,,,
,,,,,,,,,,
,,,,,,,,,,
,,371,03/05/2026,DHMORO,110,12,1110104000,,7616000,Sol.de Gastos
,,,,,,,,,,
,,,2.5.2.03398.0002,CONTRASTE RADIOLOGICO - TIPO TRIYOSON C - DROGA GENERICA AMIDOTRIZOATO DE SODIO - FORMA FARMACEUTICA F/A - CAPACIDAD 25 G./ 50 ML.,,,,,160,47600
,,,,,,,,,,
,,,,,,,,,,
,,,,,,,,,,
,,,,,,,,,,
,,372,03/05/2026,26BIUR,110,58,1110116000,,7400000,Sol.de Gastos
,,,,,,,,,,
,,,3.2.9.05075.0001,ALQUILER DE CABINAS MÓVILES - TIPO TRAILER OFICINA - DESCRIPCION MEDIDA 5.96 M X 2.94 M DE ALTO. INCLUYE ENTREGA Y RETIRO.,,,,,5,1480000
,,,,,,,,,,
,,,,,,,,,,
,,,,,,,,,,
,,,,,,,,,,
,,373,03/05/2026,DHMORO,110,12,1110104000,,29638000,Sol.de Gastos
,,,,,,,,,,
,,,2.5.2.03355.0001,SOBRES NYLON MONOFILAMENTO - CALIBRE 3/0 - DESCRIPCION CON AGUJA RECTA DE 60mm. LANCEOLADA - PUNTA TRIANGULAR - HEBRA DE 75cm.,,,,,200,1100
,,,,,,,,,,
,,,,,,,,,,
,,,,,,,,,,
,,,,,,,,,,
,,374,03/05/2026,DIRHUM,110,58,1110116000,,1665000,Sol.de Gastos
,,,,,,,,,,
,,,2.2.2.01603.0013,"CHALECO - MODELO CON INSCRIPCIÓN ADELANTE LADO IZQUIERDO: MUNICIPIO DE MORON -  ATRAS SEGURIDAD LABORAL - MOTIVO LISO - TELA TRAKER, FORRADO EN MATELASE - COLOR GRIS O AZUL CON LETRAS COLOR BLANCAS.   MEDIDAS:  1 EN MEDIDA 53 CM ANCHO Y 63 CM ALTO   1 EN ",,,,,5,40000
,,,,,,,,,,
,,,,,,,,,,
,,,,,,,,,,
,,,,,,,,,,
,,375,03/05/2026,26BIUR,110,58,1110116000,,2670000,Sol.de Gastos
,,,,,,,,,,
,,,3.2.9.05074.0001,ALQUILER DE BAÑOS QUÍMICOS - mensual de contenedor 1 baño adaptado para movilidad reducida y dos baños convencionales con desagote y limpieza semanal.,,,,,3,890000
,,,,,,,,,,
,,,,,,,,,,
,,,,,,,,,,
,,,,,,,,,,
,,376,03/05/2026,6COMBN,110,24,1110107000,,41025000,Ped.Suministros
,,,,,,,,,,
,,,2.2.2.02859.0011,REMERA - MATERIAL JERSEY DE ALGODON - TALLE S al 5 XL- MANGA CORTA COLOR ROJO CON LOGO DEL MUNICIPIO  AL FENTE,,,,,150,22500
,,,,,,,,,,
,,,,,,,,,,
,,,,,,,,,,
,,,,,,,,,,
,,377,03/05/2026,6ADGR,110,24,1110107000,,596605,Sol.de Gastos
,,,,,,,,,,
,,,2.1.1.00481.0010,"AZUCAR - TIPO ""A"" COMUN -- PESO 1000GR - ENVASE BOLSA - TIPO PEREGRINA",,,,,5,1452
,,,,,,,,,,
,,,,,,,,,,
,,,,,,,,,,
,,,,,,,,,,
,,378,03/05/2026,FGAJEF,110,58,1110116000,,600000,Ped.Suministros
,,,,,,,,,,
,,,3.2.9.05074.0001,"ALQUILER DE BAÑOS QUÍMICOS - 2 SANITARIOS MÓVILES ESTÁNDAR. IONCLUYE EL SANEAMIENTO Y DESINFECCIÓN POR UNA JORNADA DE 6 HS. Y SERVICIO DE ENVÍO, RETIRO Y COLOCACIÓN.",,,,,1,600000
,,,,,,,,,,
,,,,,,,,,,
,,,,,,,,,,
,,,,,,,,,,
,,379,03/05/2026,6ADGR,110,24,1110107000,,5173000,Ped.Suministros
,,,,,,,,,,
,,,2.2.2.00802.0002,"GORRA - TELA GABARDINA SUPERIOR - CON ESTAMPA AL FRENTE ""5TO ACAMPA"" Y AL DORSO LOGO DE LA MUNICIPALIDAD DE MORON - COLOR VERDE BOTELLA. SE ADJUNTA LOGO Y MODELOS",,,,,500,8800
,,,,,,,,,,
,,,,,,,,,,
,,,,,,,,,,
,,,,,,,,,,
,,380,03/06/2026,DHMORO,110,12,1110104000,,2424200,Ped.Suministros
,,,,,,,,,,
,,,2.9.1.00761.0001,GUANTES P/LIMPIEZA - TAMAÑO 6 1/2 - (S) - MATERIAL LATEX,,,,,600,1360
,,,,,,,,,,
,,,,,,,,,,
,,,,,,,,,,
,,,,,,,,,,
,,381,03/06/2026,1VEGUE,110,70,1110110000,,863300,Sol.de Gastos
,,,,,,,,,,
,,,2.1.1.00705.0033,LECHE - ESTADO LIQUIDA - AGREGADO CHOCOLATE - ENVASE TETRA BRIK - CONTENIDO 1Lt.,,,,,240,2715
,,,,,,,,,,
,,,,,,,,,,
,,,,,,,,,,
,,,,,,,,,,
,,382,03/06/2026,DHMORO,110,12,1110104000,,21075000,Sol.de Gastos
,,,,,,,,,,
,,,2.5.2.02476.0002,ANTIALERGICO - ANTIHISTAMINICO - DROGA GENERICA PROMETAZINA - FORMA FARMACEUTICA COMPRIMIDO - PRESENTACION 50mg.,,,,,100,350
,,,,,,,,,,
,,,,,,,,,,
,,,,,,,,,,
,,,,,,,,,,
,,383,03/06/2026,DHMORO,110,12,1110104000,,2519000,Sol.de Gastos
,,,,,,,,,,
,,,2.9.4.01008.0021,SARTEN - MATERIAL ALUMINIO - DIAMETRO 26Cm.,,,,,2,35000
,,,,,,,,,,
,,,,,,,,,,
,,,,,,,,,,
,,,,,,,,,,
,,384,03/06/2026,DPRDNN,132,24,1110107000,,443831,Sol.de Gastos
,,,,,,,,,,
,,,2.9.2.00262.0025,ADHESIVO P/PAPEL - PRESENTACION 21GR - TIPO EN BARRA.,,,,,10,1575
,,,,,,,,,,
,,,,,,,,,,
,,,,,,,,,,
,,,,,,,,,,
,,385,03/06/2026,1VEGUE,110,70,1110110000,,600000,Sol.de Gastos
,,,,,,,,,,
,,,3.2.9.05074.0001,"ALQUILER DE BAÑOS QUÍMICOS - 2 SANITARIOS MOVILES ESTANDAR. INCLUYE EL SANEAMIENTO Y DESINFECCION POR UNA JORNADA DE 6HS. Y SERVICIO DE ENVIO, RETIRO Y COLOCACIÓN",,,,,1,600000
,,,,,,,,,,
,,,,,,,,,,
,,,,,,,,,,
,,,,,,,,,,
,,386,03/06/2026,SCIUDA,110,50,1110117000,,3428391.2,Sol.de Gastos
,,,,,,,,,,
,,,2.9.6.07199.0001,BATERIA PARA SISTEMA DE ALARMA - BATERIA 12V DE 1.3AH TIPO HI STARX ENERGY,,,,,40,38350.78
,,,,,,,,,,
,,,,,,,,,,
,,,,,,,,,,
,,,,,,,,,,
,,387,03/06/2026,6ADGR,110,24,1110107000,,436500,Sol.de Gastos
,,,,,,,,,,
,,,4.3.5.04045.0001,"BAFLE - PORTATIL 10 "" MARCA TIPO PHILIPPS MODELO TAX2206/77 CONECTIVIDAD BLUETOOTH, TARJETA DE MEMORIA, ENTRADA USB, BATERIA RECARGABLE",,,,,1,436500
,,,,,,,,,,
,,,,,,,,,,
,,,,,,,,,,
,,,,,,,,,,
,,388,03/06/2026,DERECA,110,45,1110103000,,2940300,Sol.de Gastos
,,,,,,,,,,
,,,3.3.9.07280.0001,"MANTENIMIENTO DE EQUIPOS - PARA DOS CONTADORAS DE BILLETES MARCA GLORY GFS-120 S Y GFS 220 CS QUE INCLUYE: MANTENIMIENTO PREVENTIVO MENSUAL(Limpieza Gral, Calibración, Lubricación y ajuste de mecanismos). ATENCION CORRECTIVA ANTE EVENTUALES INCIDENCIAS. M",,,,,9,326700
,,,,,,,,,,
,,,,,,,,,,
,,,,,,,,,,
,,,,,,,,,,
,,389,03/09/2026,DHMORO,110,12,1110104000,,5800000,Sol.de Gastos
,,,,,,,,,,
,,,2.5.1.03003.0001,ANHIDRIDO CARBONICO - PRESENTACION TUBO - CAPACIDAD 20Kg.,,,,,200,29000
,,,,,,,,,,
,,,,,,,,,,
,,,,,,,,,,
,,,,,,,,,,
,,390,03/09/2026,DHMORO,110,12,1110104000,,2500000,Sol.de Gastos
,,,,,,,,,,
,,,3.2.9.03558.0001,"ALQUILER DE EQUIPAMIENTO HOSPITALARIO - EQUIPOS - HASTA UN MAXIMO DE $ 2.500.000, INCLUYE EL ALQUILER DE BOMBAS DE INFUSION, CALENTADOR HUMIDIFICADOR, ELECTROBISTURI, CARDIODESFIBRILADOR, MONITOR DE ECG y CO2, OXIMETRO DE PULSO, RESPIRADOR NEONATAL MICROP",,,,,1,2500000
,,,,,,,,,,
,,,,,,,,,,
,,,,,,,,,,
,,,,,,,,,,
,,391,03/09/2026,FGAJEF,110,58,1110116000,,51000000,Sol.de Gastos
,,,,,,,,,,
,,,3.6.1.05564.0189,PUBLICIDAD PAGINA WEB - PUBLICIDAD MEDIOS DIGITALES. www.corta.com . Contenido a confirmar.,,,,,3,17000000
,,,,,,,,,,
,,,,,,,,,,
,,,,,,,,,,
,,,,,,,,,,
,,392,03/10/2026,1VEGUE,110,70,1110110000,,364100,Sol.de Gastos
,,,,,,,,,,
,,,2.5.9.00588.0005,VASO PLASTICO DESCARTABLE - MATERIAL PLASTICO - CAPACIDAD 220cm,,,,,1000,27
,,,,,,,,,,
,,,,,,,,,,
,,,,,,,,,,
,,,,,,,,,,
,,393,03/10/2026,FSO,110,37,1110200000,,150000,Sol.de Gastos
,,,,,,,,,,
,,,2.3.4.04622.0001,BOLSA DE PAPEL - BOLSA CRAFT 4A PAQUETE POR 100 UNIDADES DE 25 X 17 CM DE PAPEL MADERA,,,,,2500,60
,,,,,,,,,,
,,,,,,,,,,
,,,,,,,,,,
,,,,,,,,,,
,,394,03/11/2026,SEDELO,110,57,1110122000,,189376.36,Ped.Suministros
,,,,,,,,,,
,,,2.9.6.07232.0001,GRIFERIA - TEMPORIZADA VALVULA PARA MINGITORIO - MATERIAL:  METALICO COLOR: CROMO TIPO PIAZZA,,,,,2,38999
,,,,,,,,,,
,,,,,,,,,,
,,,,,,,,,,
,,,,,,,,,,
,,395,03/11/2026,DHMORO,110,12,1110104000,,720000,Sol.de Gastos
,,,,,,,,,,
,,,2.5.2.02551.1030,REACTIVO - TEST RAPIDO - USO DETECCION DE DROGAS MULTIPLES - PRUEBA RAPIDA CUALITATIVA  PRESENTACION CAJA x 25 TIRAS.,,,,,8,90000
,,,,,,,,,,
,,,,,,,,,,
,,,,,,,,,,
,,,,,,,,,,
,,396,03/11/2026,DHMORO,110,12,1110104000,,10560000,Sol.de Gastos
,,,,,,,,,,
,,,2.5.2.02551.0973,REACTIVO - GASES EN SANGRE - SODIO/ POTASIO/ CLORURO/ CALCIO IONICO/ HEMATOCRITO/ LACTATO - INCLUYE 8 CAJAS DE CONTROL NORMAL/CONTROL ALTO/CONTROL BAJO - LOS MISMOS SERAN PROVISTOS A REQUERIMIENTO.,,,,,1200,8800
,,,,,,,,,,
,,,,,,,,,,
,,,,,,,,,,
,,,,,,,,,,
,,397,03/11/2026,DHMORO,110,12,1110104000,,4200000,Sol.de Gastos
,,,,,,,,,,
,,,2.5.2.02551.0989,"REACTIVO - ACIDO BILIARES - ENZIMATICO 5ta. GENERACION - KIT PARA LA DETERMINACION CUANTITATIVA IN VITRO DE ACIDOS BILIARES EN SUERO O PLASMA. METODO: COLORIMETRICO DE 5ta: GENERACION - PRESENTACION: REACTIVO N°1 2 VIALES x 18ml., REACTIVO N°2  2 VIALES x",,,,,2,2100000
,,,,,,,,,,
,,,,,,,,,,
,,,,,,,,,,
,,,,,,,,,,
,,398,03/11/2026,6EDUDC,110,24,1110107000,,391000,Sol.de Gastos
,,,,,,,,,,
,,,4.3.1.01665.0002,BOMBA CENTRIFUGA - ELECTROBOMBA QB 60 PERIFERICA 1/2 HP QMAX 40L/MIN HMAX 20M MONOFASICA- PROTECTOR TERMICO- TURBINA DE BRONCE,,,,,1,76000
,,,,,,,,,,
,,,,,,,,,,
,,,,,,,,,,
,,,,,,,,,,
,,399,03/11/2026,6DLOGI,110,15,1110105000,,5756000,Sol.de Gastos
,,,,,,,,,,
,,,3.3.2.02460.0001,REPARACION DE CAMION CAMIONETA Y EQ.VIALES - DESCRIPCION = REPARACION DE COMPRESOR DE AIRE PARA VEHICULO - USO INT 275    ,,,,,1,275000
,,,,,,,,,,
,,,,,,,,,,
,,,,,,,,,,
,,,,,,,,,,
,,400,03/11/2026,6DIEME,110,12,1110104000,,7846250,Sol.de Gastos
,,,,,,,,,,
,,,2.9.5.03489.0004,MANOMETRO - VALVULA DE REDUCCION MEDICINAL  - CON 1 CAUDALIMETRO TIPO CLICK- DESTINO TUBO DE OXIGENO PORTATIL MEDICINAL DE 675 CM3 - TIPO YOKE,,,,,5,102500
,,,,,,,,,,
,,,,,,,,,,
,,,,,,,,,,
,,,,,,,,,,
,,401,03/11/2026,6DIEME,110,12,1110104000,,7829251.68,Sol.de Gastos
,,,,,,,,,,
,,,2.9.5.00467.0025,MASCARA - TIPO MASCARA LARINGUEA  DESCARTABLE PARA INTUBACIÓN N°1,,,,,12,13500
,,,,,,,,,,
,,,,,,,,,,
,,,,,,,,,,
,,,,,,,,,,
,,402,03/12/2026,SFAINF,110,69,1110106000,,6200000,Ped.Suministros
,,,,,,,,,,
,,,2.3.3.03235.0001,TALONARIOS DE ACTAS DE COMPROBACION - CALIDAD DE 25 X 3 NUMERADOS IMPRESOS EN EL PAPEL QUIMICO,,,,,500,12400
,,,,,,,,,,
,,,,,,,,,,
,,,,,,,,,,
,,,,,,,,,,
,,403,03/12/2026,SFAINF,110,69,1110106000,,6200000,Sol.de Gastos
,,,,,,,,,,
,,,2.3.3.03235.0001,TALONARIOS DE ACTAS DE COMPROBACION - CALIDAD DE 25 X 3 NUMERADOS IMPRESOS EN EL PAPEL QUIMICO LEY 11.430. MEDIDAS 14.3 CM X 19 CM POR TRIPLICADO NUMERO DE INICIO DEL PRIMER TALONARIO 519251 CON 25 ACTAS POR TALONARIO CON LOGO DEL MUNICIPIO EN COLOR ROJO.,,,,,500,12400
,,,,,,,,,,
,,,,,,,,,,
,,,,,,,,,,
,,,,,,,,,,
,,404,03/12/2026,6EDUDC,110,24,1110107000,,6017739.04,Sol.de Gastos
,,,,,,,,,,
,,,2.1.1.00705.0023,LECHE - ESTADO LIQUIDA - TIPO ENTERA - PROCESO PASTEURIZADA LARGA VIDA - ADITIVO HOMOGENEIZADA - AGREGADO SIN - ENVASE TETRA BRICK - CONTENIDO 1.000 CC. CALIDAD VERÓNICA/ LA CHELITA,,,,,524,1638
,,,,,,,,,,
,,,,,,,,,,
,,,,,,,,,,
,,,,,,,,,,
,,405,03/12/2026,DHMORO,110,12,1110104000,,2149000,Sol.de Gastos
,,,,,,,,,,
,,,2.9.5.03604.0002,CANULA NASAL - PARA CIRCUITO RESPIRATORIO - TAMAÑO 3mm,,,,,8,65000
,,,,,,,,,,
,,,,,,,,,,
,,,,,,,,,,
,,,,,,,,,,
,,406,03/12/2026,ALUMP,110,15,1110105000,,8061200,Sol.de Gastos
,,,,,,,,,,
,,,2.9.3.03569.0002,CABLE PREENSAMBLADO - DE ALUMINIO - MEDIDAS 2 x 4 MM. DE DIAMETRO    ,,,,,2000,1540
,,,,,,,,,,
,,,,,,,,,,
,,,,,,,,,,
,,,,,,,,,,
,,407,03/12/2026,TINTED,110,58,1110116000,,7100000,Sol.de Gastos
,,,,,,,,,,
,,,3.5.9.06997.0001,"SERVICIO DE SONIDO - -  SONIDO 4 CAJAS 450w EN TRIPODE  2 MONITORES  CONSOLA DE 8 CANALES  MICROFONOS  PC  TARIMA 7,30x3x30cms  FALDON  300 SILLAS PLASTICAS",,,,,1,7100000
,,,,,,,,,,
,,,,,,,,,,
,,,,,,,,,,
,,,,,,,,,,
,,408,03/12/2026,TINTED,110,58,1110116000,,1500000,Sol.de Gastos
,,,,,,,,,,
,,,3.2.9.07246.0001,ALQUILER DE PANTALLA LED - -  MEDIDA 3x2  OPERADOR  ARMADO Y DESARMADO,,,,,1,1500000
,,,,,,,,,,
,,,,,,,,,,
,,,,,,,,,,
,,,,,,,,,,
,,409,03/12/2026,DHMORO,110,12,1110104000,,2932000,Sol.de Gastos
,,,,,,,,,,
,,,2.5.1.04042.0001,ACIDO - CLORHIDRICO - PRESENTACION x 5 LITROS.,,,,,2,16000
,,,,,,,,,,
,,,,,,,,,,
,,,,,,,,,,
,,,,,,,,,,
,,410,03/12/2026,6DLOGI,110,15,1110105000,,2250000,Sol.de Gastos
,,,,,,,,,,
,,,2.4.4.00634.0007,NEUMATICO P/AUTO - CONSTRUCCION RADIAL - ARMADO S/CAMARA - MEDIDAS 165/70 R14     ,,,,,4,115000
,,,,,,,,,,
,,,,,,,,,,
,,,,,,,,,,
,,,,,,,,,,
,,411,03/12/2026,INFRA,110,15,1110105000,,105000000,Sol.de Gastos
,,,,,,,,,,
,,,3.3.9.06836.0001,"Servicio de recolección y limpieza Urbana - Limpieza Urbana SERVICIO DE MANTENIMIENTO URBANO, LIMPIEZA, DESMALEZADO, FUMIGACION, RECOLECCION DE RESIDUOS EN CORREDORES INDICADOS EN OBSERVACIONES.  FRECUENCIA DE REPETICION SEMANAL, SE INCLUYE COMBUSTIBLE, L",,,,,5,21000000
,,,,,,,,,,
,,,,,,,,,,
,,,,,,,,,,
,,,,,,,,,,
,,412,03/12/2026,DHMORO,110,12,1110104000,,12624000,Sol.de Gastos
,,,,,,,,,,
,,,2.5.5.00570.0033,ESMALTE SINTETICO - COLOR GRIS - CAPACIDAD x 4 LITROS.,,,,,10,50000
,,,,,,,,,,
,,,,,,,,,,
,,,,,,,,,,
,,,,,,,,,,
,,413,03/12/2026,BLETEC,110,66,1110125000,,2000000,Sol.de Gastos
,,,,,,,,,,
,,,3.5.3.02165.0003,"SERVICIO DE IMPRESION - DESCRIPCION INCLUYE PROVISION DE EQUIPO, SERVICIO TÉCNICO Y TODOS LOS INSUMOS Y REPUESTOS NECESARIOS PARA EL NORMAL FUNCIONAMIENTO DE LOS EQUIPOS COMO: CILINDRO, TONER, REVELADOR, FOTOCONDUCTOR, ACEITE SILICONADO, ETC.  COMO ASI TA",,,,,1,2000000
,,,,,,,,,,
,,,,,,,,,,
,,,,,,,,,,
,,,,,,,,,,
,,414,03/12/2026,DHMORO,110,12,1110104000,,8000000,Sol.de Gastos
,,,,,,,,,,
,,,4.3.3.03901.0008,CHASIS P/PLACAS RADIOGRÁFICAS - DIGITAL INDIRECTA - MEDIDAS 35 x 43 - GARANTIA 1 AÑO,,,,,3,1600000
,,,,,,,,,,
,,,,,,,,,,
,,,,,,,,,,
,,,,,,,,,,
,,415,03/12/2026,FSO,110,37,1110200000,,578000,Sol.de Gastos
,,,,,,,,,,
,,,3.3.3.01627.0049,MANTENIMIENTO MATAFUEGOS - TIPO ABC POLVO QUIMICO - CON SELLO IRAM DE 5 KG. DE CAPACIDAD CON TARJETA HABILITANTE D.P.S.,,,,,14,30000
,,,,,,,,,,
,,,,,,,,,,
,,,,,,,,,,
,,,,,,,,,,
,,416,03/12/2026,DERECR,110,58,1110116000,,3294854.83,Sol.de Gastos
,,,,,,,,,,
,,,2.9.3.01453.0012,TERMINAL - PUNTERA HUECAS DOBLES - 2 X 4mm - NARANJA - TIPO SASSIN,,,,,200,256.05
,,,,,,,,,,
,,,,,,,,,,
,,,,,,,,,,
,,,,,,,,,,
,,417,03/12/2026,SECTYT,110,73,1110127000,,7750000,Sol.de Gastos
,,,,,,,,,,
,,,3.2.9.07456.0001,SERVICIO DE ALQUILER - REALIZACION DE TRASLADO MENSUALES ( GRUA) TURNO (9HS A 21 HS) SIN CHOFER PARA ACARREO EN VIA PUBLICA,,,,,1,3500000
,,,,,,,,,,
,,,,,,,,,,
,,,,,,,,,,
,,,,,,,,,,
,,418,03/13/2026,DHMORO,110,12,1110104000,,762400,Sol.de Gastos
,,,,,,,,,,
,,,2.1.1.00788.0101,GALLETITAS - VARIEDAD GALLETAS DE ARROZ - SIN TACC (APTO CELIACO) - PRESENTACION PAQUETE x 100grs. TIPO DISKY/MOLINO ALA/RIERA,,,,,40,1900
,,,,,,,,,,
,,,,,,,,,,
,,,,,,,,,,
,,,,,,,,,,
,,419,03/13/2026,DHMORO,110,12,1110104000,,5674000,Sol.de Gastos
,,,,,,,,,,
,,,2.9.5.04166.0002,JUEGO DE PINZA HOSPITALARIAS - PINZAS y PERAS PRECORDIALES ADULTO PARA ELECTROCARDIOGRAFO MARCA BIOCARE - CANTIDAD CUATRO - DESCRIPCION MIEMBROS.,,,,,6,290000
,,,,,,,,,,
,,,,,,,,,,
,,,,,,,,,,
,,,,,,,,,,
,,420,03/13/2026,DHMORO,110,12,1110104000,,12304000,Sol.de Gastos
,,,,,,,,,,
,,,2.9.5.02710.0001,MALLA - MATERIAL POLIPROPILENO - TIPO P/RECONSTRUCCION DE TEJIDOS - SECCION DE PORO SIN - SECCION 15 x 15cm..,,,,,20,42000
,,,,,,,,,,
,,,,,,,,,,
,,,,,,,,,,
,,,,,,,,,,
,,421,03/13/2026,6POEDU,110,24,1110107000,,2040000,Sol.de Gastos
,,,,,,,,,,
,,,3.5.1.02464.0008,"SERVICIO DE CHARTER - MICRO PARA TRASLADO DE PERSONAS - VIAJES N°1 Y N°2  DESTINADO A ESTUDIANTES DE 7° AÑO DE LAS ESCUELAS TECNICAS DE NIVEL SECUNDARIO - EEST N°1 Y EEST N°4 - RECORRIDO IDA Y VUELTA  AL PITAM ""Parque Industrial Tecnologico Aeronautico Mo",,,,,2,340000
,,,,,,,,,,
,,,,,,,,,,
,,,,,,,,,,
,,,,,,,,,,
,,422,03/13/2026,FSO,110,37,1110200000,,1465400,Sol.de Gastos
,,,,,,,,,,
,,,2.9.4.00692.0005,TENEDOR -  - MATERIAL ACERO INOXIDABLE CON MANGO NEGRO,,,,,48,1377
,,,,,,,,,,
,,,,,,,,,,
,,,,,,,,,,
,,,,,,,,,,
,,423,03/13/2026,6POEDU,110,24,1110107000,,1007000,Ped.Suministros
,,,,,,,,,,
,,,4.3.5.04722.0001,GUITARRA - CLASICA TIPO CRIOLLA - TIPO JOAQUIN TORRALBA 124,,,,,1,200000
,,,,,,,,,,
,,,,,,,,,,
,,,,,,,,,,
,,,,,,,,,,
,,424,03/16/2026,DHMORO,110,12,1110104000,,726000,Sol.de Gastos
,,,,,,,,,,
,,,3.3.3.02188.0046,"REPARACION DE EQUIPOS HOSPITALARIOS - REPARACION DE ECOGRAFO SIUI CTS-5000 - DIAGNOSTICO Y PUESTA EN FUNCIONAMIENTO DEL EQUIPO SEGUN EL DETALLE:  1-PUESTA EN FUNCIONAMIENTO DE LOS PROGRAMAS DE ECOGRAFIA, DESBLOQUEO DE EQUIPO, INICIALIZACION DEL EQUIPO.  2",,,,,1,726000
,,,,,,,,,,
,,,,,,,,,,
,,,,,,,,,,
,,,,,,,,,,
,,425,03/16/2026,DHMORO,110,12,1110104000,,4950000,Sol.de Gastos
,,,,,,,,,,
,,,3.3.3.02188.0041,"REPARACION DE EQUIPOS HOSPITALARIOS - REPARACION DE MONITOR MULTIPARAMETRICO MARCA DYNE MODELO MCD-300/12 TFT, SEGUN EL SIGUIENTE DETALLE:  -REPARACION, MANTENIMIENTO, VERIFICACION DE PERFORMANCE Y CUMPLIMIENTO DE NORMAS APLICABLES DE MONITOR MULTIPARAMET",,,,,1,900000
,,,,,,,,,,
,,,,,,,,,,
,,,,,,,,,,
,,,,,,,,,,
,,426,03/16/2026,6EDUDC,110,24,1110107000,,3000000,Ped.Suministros
,,,,,,,,,,
,,,4.3.7.00045.0053,"SILLA - TAMAÑO JARDÍN DE INFANTES. CAÑO DOBLADO, TAPAS DE MADERA, PINTURA EPOXI COLOR GRIS O BEIGE, SOLDADURA REFORZADA",,,,,60,50000
,,,,,,,,,,
,,,,,,,,,,
,,,,,,,,,,
,,,,,,,,,,
,,427,03/16/2026,6ADGR,110,24,1110107000,,27711000,Sol.de Gastos
,,,,,,,,,,
,,,2.2.2.03823.0013,"CAMPERA - TELA TELAMICRO ALGODÓN IMPERMEABLE - BOLSILLO DOS LATERALES - CAPUCHA SI - COLOR ROJO - FORRADA CON LOGO DE ""6TO AL MAR"" AL FRENTE Y AL DORSO MUNICIPIO DE MORON TALLE S AL  XXL - DESCRIPCION ROMPEVIENTO",,,,,720,38300
,,,,,,,,,,
,,,,,,,,,,
,,,,,,,,,,
,,,,,,,,,,
,,428,03/16/2026,SEDELO,110,57,1110122000,,440529,Sol.de Gastos
,,,,,,,,,,
,,,2.9.3.03825.0021,CABLE UNIPOLAR - 2.5 mm COLOR NEGRO,,,,,300,1468.43
,,,,,,,,,,
,,,,,,,,,,
,,,,,,,,,,
,,,,,,,,,,
,,429,03/16/2026,FGAJEF,110,58,1110116000,,352000,Sol.de Gastos
,,,,,,,,,,
,,,2.9.6.00941.0003,BATERIA - DESTINO AUTOMOTOR - TENSION NOM. 12V - CAPACIDAD DE CORRIENTE 75A.,,,,,3,89000
,,,,,,,,,,
,,,,,,,,,,
,,,,,,,,,,
,,,,,,,,,,
,,431,03/16/2026,DESPAC,110,45,1110103000,,2420000,Sol.de Gastos
,,,,,,,,,,
,,,2.9.3.01554.0002,JACK - RJ 45 - CAT 6 AMP SERIE SL COD 1375055-2,,,,,12,14000
,,,,,,,,,,
,,,,,,,,,,
,,,,,,,,,,
,,,,,,,,,,
,,433,03/16/2026,TUDES,110,24,1110107000,,1406916,Sol.de Gastos
,,,,,,,,,,
,,,2.9.9.06746.0001,CONO - TIPO TORTUGA-MARCA WOLFI-DIAMETRO 18 CM,,,,,48,644
,,,,,,,,,,
,,,,,,,,,,
,,,,,,,,,,
,,,,,,,,,,
,,434,03/17/2026,26GIRS,110,58,1110116000,,160000,Sol.de Gastos
,,,,,,,,,,
,,,3.3.2.04903.0002,SERVICIO DE MANT. DE VEHÍCULO - DESTINO SEGÚN DETALLE: ARME Y DESARME PARA NEUMÁTICO AUTOELEVADOR C/PREN - AUTOELEVADOR,,,,,4,40000
,,,,,,,,,,
,,,,,,,,,,
,,,,,,,,,,
,,,,,,,,,,
,,435,03/17/2026,MESIZO,110,12,1110104000,,6814340,Sol.de Gastos
,,,,,,,,,,
,,,2.5.4.00506.0061,INSECTICIDA - GLEXTRIN - PRINCIPIO ACTIVO CIPERMETRINA 25% - PRESENTACION FRASCO 1 LITRO.,,,,,36,31465
,,,,,,,,,,
,,,,,,,,,,
,,,,,,,,,,
,,,,,,,,,,
,,436,03/17/2026,DESARR,110,24,1110107000,,1412860,Sol.de Gastos
,,,,,,,,,,
,,,2.1.1.02116.0003,LEVADURA - TIPO SECA GRANULADA - PRESENTACION PACK DE 2 SOBRES - PESO 10 GRS C/U,,,,,50,754.4
,,,,,,,,,,
,,,,,,,,,,
,,,,,,,,,,
,,,,,,,,,,
,,437,03/17/2026,MESIZO,110,12,1110104000,,7639114.86,Sol.de Gastos
,,,,,,,,,,
,,,2.9.5.00444.0006,HOJA DE BISTURI - TIPO DESCARTABLE ESTERIL - Nº 24,,,,,10,7033
,,,,,,,,,,
,,,,,,,,,,
,,,,,,,,,,
,,,,,,,,,,
,,438,03/17/2026,DESARR,110,24,1110107000,,1196474,Sol.de Gastos
,,,,,,,,,,
,,,2.1.1.00542.0029,QUESO - TIPO FRESCO - PRESENTACION HORMA POR KILOGRAMO,,,,,20,7576.2
,,,,,,,,,,
,,,,,,,,,,
,,,,,,,,,,
,,,,,,,,,,
,,439,03/17/2026,INFRA,110,15,1110105000,,2093500,Sol.de Gastos
,,,,,,,,,,
,,,2.9.3.01558.0018,CAPACITOR - TIPO ELECTROLITICO - TENSION 400V - CAPACIDAD 35MicF - USO AIRE ACONDICIONADO    ,,,,,10,15000
,,,,,,,,,,
,,,,,,,,,,
,,,,,,,,,,
,,,,,,,,,,
,,440,03/17/2026,SCIUDA,110,50,1110117000,,2540744.44,Sol.de Gastos
,,,,,,,,,,
,,,2.9.6.00625.0001,"PASTILLA DE FRENO - UBICACION DELANTERA, TIPO KTM 250/390 A170AZD, A170AZA, A170AZB",,,,,3,204803
,,,,,,,,,,
,,,,,,,,,,
,,,,,,,,,,
,,,,,,,,,,
,,441,03/17/2026,MESIZO,110,12,1110104000,,7055990,Sol.de Gastos
,,,,,,,,,,
,,,2.5.7.02947.0003,GARRAPATICIDA - IVERMECTINA - PRESENTACION FRASCO X 500 ML.,,,,,1,4760
,,,,,,,,,,
,,,,,,,,,,
,,,,,,,,,,
,,,,,,,,,,
,,442,03/17/2026,DERECR,110,58,1110116000,,7909000,Sol.de Gastos
,,,,,,,,,,
,,,2.9.9.02761.0001,RED P/DEPORTES - USO PING PONG - CON SOPORTE - TIPO SKD CLASSIC,,,,,2,20000
,,,,,,,,,,
,,,,,,,,,,
,,,,,,,,,,
,,,,,,,,,,
,,443,03/18/2026,6EDUDC,110,24,1110107000,,1775000,Sol.de Gastos
,,,,,,,,,,
,,,2.3.3.01356.0012,FORMULARIO - NOMBRE REGISTRO DE ASISTENCIA DIARIO DE ALUMNOS NIVEL POLIMODAL FORMULARIO 844,,,,,40,6840
,,,,,,,,,,
,,,,,,,,,,
,,,,,,,,,,
,,,,,,,,,,
,,444,03/18/2026,MESIZO,110,12,1110104000,,554400,Sol.de Gastos
,,,,,,,,,,
,,,2.5.7.02950.0007,"HILO P/ CIRUGIA VETERINARIA - NYLON MONOFILAMENTO - GROSOR 0,3MM - USO SUTURAS - PRESENTACION ROLLO X 100 METROS - COLOR AMARILLO O VERDE (EXCLUYENTE) - TIPO TANZA DE PESCA",,,,,50,5280
,,,,,,,,,,
,,,,,,,,,,
,,,,,,,,,,
,,,,,,,,,,
,,445,03/18/2026,SEDELO,110,57,1110122000,,485200,Sol.de Gastos
,,,,,,,,,,
,,,2.3.4.04320.0001,CINTA DE PAPEL - TIPO PARA DURLOCK- ROLLO X 75MTS,,,,,1,7700
,,,,,,,,,,
,,,,,,,,,,
,,,,,,,,,,
,,,,,,,,,,
,,446,03/18/2026,6EDUDC,110,24,1110107000,,6264821.4,Sol.de Gastos
,,,,,,,,,,
,,,2.1.1.02868.0004,FIDEO SECO - VARIEDAD PARA SOPA - TIPO CABELLO DE ANGEL O MUNICION - PRESENTACION PAQ 500 GR - TIPO MATARAZZO/MAROLIO,,,,,36,989
,,,,,,,,,,
,,,,,,,,,,
,,,,,,,,,,
,,,,,,,,,,
,,447,03/18/2026,6EDUDC,110,24,1110107000,,12765012,Sol.de Gastos
,,,,,,,,,,
,,,2.1.1.00541.0002,CARNE - ESPECIE VACUNO - CORTE MILANESA DE NALGA,,,,,162,20500
,,,,,,,,,,
,,,,,,,,,,
,,,,,,,,,,
,,,,,,,,,,
,,448,03/18/2026,TINTED,110,58,1110116000,,1747000,Sol.de Gastos
,,,,,,,,,,
,,,2.9.4.05437.0003,PLACA - MATERIAL  ALUMINIO / METALEX CON BASE DE MADERA - MEDIDAS 40 X 30,,,,,8,218375
,,,,,,,,,,
,,,,,,,,,,
,,,,,,,,,,
,,,,,,,,,,
,,449,03/18/2026,SCIUDA,110,50,1110117000,,7800000,Sol.de Gastos
,,,,,,,,,,
,,,3.4.6.07853.0001,"PLATAFORMA  TECNOLOGICA INTEGRAL - MANTENIMIENTO MOBILE ANDROID ALERTA MORON. DETALLE: A EFECTOS DE PODER SUBSANAR POSIBLES ERRORES  POR CAMBIOS DE VERSIONES DE SISTEMA OPERATIVO Y GARANTIZAR AL VECINO ALTA DISPONIBILIDAD, IMPLEMENTACION Y CAPACIDAD DE UN",,,,,2,3900000
,,,,,,,,,,
,,,,,,,,,,
,,,,,,,,,,
,,,,,,,,,,
,,450,03/18/2026,SCIUDA,110,50,1110117000,,7806000,Sol.de Gastos
,,,,,,,,,,
,,,3.2.1.02085.0001,ALQUILER DE OFICINA - DOS OFICINAS DE 6 X 23 CON AIRE ACONDICIONADO. ESCRITORIO Y SILLAS.,,,,,3,1522000
,,,,,,,,,,
,,,,,,,,,,
,,,,,,,,,,
,,,,,,,,,,
,,451,03/18/2026,DESARR,110,24,1110107000,,1054050,Sol.de Gastos
,,,,,,,,,,
,,,3.2.2.02014.0001,ALQUILER DE DISPENSERS - C/CONEXION AGUA CORRIENTE TIPO AGUA FRIA Y CALIENTE - INCLUYE 5 DISPENSADORES,,,,,3,351350
,,,,,,,,,,
,,,,,,,,,,
,,,,,,,,,,
,,,,,,,,,,
,,452,03/18/2026,TINTED,110,58,1110116000,,1450000,Sol.de Gastos
,,,,,,,,,,
,,,3.9.1.07304.0002,SERVICIO DE MERIENDA - DESCRIPCION PARA 120 PERSONAS- EL SERVICIO INCLUYE:  -INFUSIONES.  -BEBIDAS.  -SERVICIO DE PASTELERIA.  -VAJILLA / MANTELERIA.  -TORTAS ANIVERSARIO.,,,,,1,1450000
,,,,,,,,,,
,,,,,,,,,,
,,,,,,,,,,
,,,,,,,,,,
,,453,03/18/2026,SCIUDA,110,50,1110117000,,1920000,Sol.de Gastos
,,,,,,,,,,
,,,3.2.9.05074.0001,ALQUILER DE BAÑOS QUÍMICOS - BAÑO CON RETRETE. INCLUYE 4 DESAGOTES MENSUALES Y LIMPIEZA.,,,,,6,320000
,,,,,,,,,,
,,,,,,,,,,
,,,,,,,,,,
,,,,,,,,,,
,,454,03/18/2026,6 SIT,110,45,1110103000,,7422584,Sol.de Gastos
,,,,,,,,,,
,,,4.4.0.07859.0001,ROUTER - ROUTER MIKROTIK RB5009UPR+S+IN 10GE SFP+ 2.5GE PoE 7 PUERTOS LAN NEGRO,,,,,10,742258.4
,,,,,,,,,,
,,,,,,,,,,
,,,,,,,,,,
,,,,,,,,,,
,,455,03/19/2026,6POEDU,110,24,1110107000,,799270,Sol.de Gastos
,,,,,,,,,,
,,,2.1.1.00705.0023,LECHE - ESTADO LIQUIDA - TIPO ENTERA - PROCESO PASTEURIZADA LARGA VIDA - ENVASE TETRA BRICK - CONTENIDO 1.000 CC. CALIDAD VERÓNICA/ LA CHELITA,,,,,180,1564
,,,,,,,,,,
,,,,,,,,,,
,,,,,,,,,,
,,,,,,,,,,
,,456,03/19/2026,DHMORO,110,12,1110104000,,3331000,Sol.de Gastos
,,,,,,,,,,
,,,2.5.2.02551.0182,REACTIVO - SUERO HEMOCLASIFICADOR ANTI A - PRESENTACION ENVASE x 10cc.,,,,,15,17000
,,,,,,,,,,
,,,,,,,,,,
,,,,,,,,,,
,,,,,,,,,,
,,457,03/19/2026,6DESAH,110,24,1110107000,,210810,Sol.de Gastos
,,,,,,,,,,
,,,3.2.2.02014.0001,ALQUILER DE DISPENSERS - C/CONEXION AGUA CORRIENTE - TIPO AGUA FRIA Y CALIENTE.,,,,,3,70270
,,,,,,,,,,
,,,,,,,,,,
,,,,,,,,,,
,,,,,,,,,,
,,458,03/19/2026,DESARR,132,24,1110107000,,3184000,Sol.de Gastos
,,,,,,,,,,
,,,2.1.1.00621.0002,AVE - ESPECIE POLLOS (PATA Y MUSLO) FRESCOS NO CONGELADOS - PRESENTACION CAJA DE CARTON APTO ALIMENTOS - CON BOLSA PLASTICA,,,,,328,5500
,,,,,,,,,,
,,,,,,,,,,
,,,,,,,,,,
,,,,,,,,,,
,,459,03/19/2026,DESARR,132,24,1110107000,,1265505.4,Sol.de Gastos
,,,,,,,,,,
,,,2.9.3.08107.0001,"PERFIL - perfil omega para placa pvc para cielo raso x 2,70 mts",,,,,12,4000
,,,,,,,,,,
,,,,,,,,,,
,,,,,,,,,,
,,,,,,,,,,
,,462,03/20/2026,26ALBV,110,58,1110116000,,564000,Sol.de Gastos
,,,,,,,,,,
,,,3.3.3.01627.0036,MANTENIMIENTO MATAFUEGOS - PRUEBA HIDRAULICA Y CARGA DE MATAFUEGOS. TIPO ABC CAPACIDAD 5 KILOS CADA UNO.,,,,,20,25000
,,,,,,,,,,
,,,,,,,,,,
,,,,,,,,,,
,,,,,,,,,,
,,463,03/20/2026,6COMBN,110,24,1110107000,,27750000,Sol.de Gastos
,,,,,,,,,,
,,,2.9.1.00646.0002,BOLSA DE RESIDUOS - DIMENSION 80 X 100 CM  - PRESENTACION PAQUETE X 250. - ESPESOR 50MM - COLOR NEGRO,,,,,750,37000
,,,,,,,,,,
,,,,,,,,,,
,,,,,,,,,,
,,,,,,,,,,
,,464,03/20/2026,DHMORO,110,12,1110104000,,6600000,Sol.de Gastos
,,,,,,,,,,
,,,3.2.2.02014.0001,ALQUILER DE DISPENSERS - C/CONEXION AGUA CORRIENTE - ALTO 90Cm - ANCHO 35Cm - PROFUNDIDAD 35Cm - TIPO AGUA FRIA Y CALIENTE - INCLUYE CAMBIO DE FILTROS - CANTIDAD TOTAL 31 EQUIPOS.,,,,,3,2200000
,,,,,,,,,,
,,,,,,,,,,
,,,,,,,,,,
,,,,,,,,,,
,,465,03/20/2026,26ALBV,110,58,1110116000,,4142040,Ped.Suministros
,,,,,,,,,,
,,,2.9.1.00646.0003,BOLSA DE RESIDUOS - DIMENSION 45 X 60 CM. PRESENTACION EN PAQUETE DE 10 UNIDADES CADA UNA.,,,,,40,500
,,,,,,,,,,
,,,,,,,,,,
,,,,,,,,,,
,,,,,,,,,,
,,466,03/20/2026,6 SIT,110,45,1110103000,,10513000,Sol.de Gastos
,,,,,,,,,,
,,,4.3.6.00002.0001,"COMPUTADORA PORTATIL - Notebook Lenovo Thinkpad E14 Gen 7 (14"" Intel) Gris Oscuro 8 Gb de Ram 512 GB Disco SSD Sistema operativo Free DOS",,,,,2,1131500
,,,,,,,,,,
,,,,,,,,,,
,,,,,,,,,,
,,,,,,,,,,
,,467,03/20/2026,POLMEJ,110,24,1110107000,,14465000,Sol.de Gastos
,,,,,,,,,,
,,,5.1.4.04395.0003,PINTURA - TIPO MEMBRANA LIQUIDA IMPERMEABILIZANTE - COLOR BLANCO - PRESENTACION TACHO X 20 KG,,,,,40,90500
,,,,,,,,,,
,,,,,,,,,,
,,,,,,,,,,
,,,,,,,,,,
,,468,03/20/2026,FSO,110,37,1110200000,,9192500,Ped.Suministros
,,,,,,,,,,
,,,2.9.6.03869.0009,MICROPROCESADOR - PROCESADOR TIPO AMD RYZEN 5 5600 GT AM4 - GARANTIA DE 1 AÑO,,,,,2,529000
,,,,,,,,,,
,,,,,,,,,,
,,,,,,,,,,
,,,,,,,,,,
,,469,03/20/2026,6YORES,132,24,1110107000,,4255377.1,Sol.de Gastos
,,,,,,,,,,
,,,2.5.9.01240.0006,MEMBRANA IMPERMEABILIZANTE - BASE ACUOSA MEMBRANA EN PASTA BLANCO X 20 LITROS- MARCA MEGALUX,,,,,30,124946.85
,,,,,,,,,,
,,,,,,,,,,
,,,,,,,,,,
,,,,,,,,,,
,,470,03/20/2026,6YORES,132,24,1110107000,,512000,Sol.de Gastos
,,,,,,,,,,
,,,2.9.3.06587.0002,LUMINARIA - LUD DE EMERGENCIA LED RECARGABLE- 220v- LUZ FRIA,,,,,20,25600
,,,,,,,,,,
,,,,,,,,,,
,,,,,,,,,,
,,,,,,,,,,
,,471,03/25/2026,MESIZO,110,12,1110104000,,3600000,Sol.de Gastos
,,,,,,,,,,
,,,2.9.6.04509.0001,CUCHILLAS P/RASURADORA - Nº 40 TIPO OSTER,,,,,4,300000
,,,,,,,,,,
,,,,,,,,,,
,,,,,,,,,,
,,,,,,,,,,
,,472,03/25/2026,TINTED,110,58,1110116000,,1650000,Sol.de Gastos
,,,,,,,,,,
,,,3.9.9.06805.0005,SERVICIO DE DESAYUNO - DESCRIPCION PARA 160 PERSONAS.   EL SERVICIO INCLUYE:  -INFUSIONES.  -BEBIDAS.  -SERVICIO DE PASTELERIA.  -VAJILLA.  -MANTELERIA.,,,,,1,1650000
,,,,,,,,,,
,,,,,,,,,,
,,,,,,,,,,
,,,,,,,,,,
,,473,03/25/2026,DHMORO,110,12,1110104000,,23460000,Sol.de Gastos
,,,,,,,,,,
,,,2.1.1.00621.0001,"AVE - ESPECIE POLLOS FRESCOS - NO CONGELADOS - PRESENTACION EN CAJONES CUBIERTOS CON HIELO - PESO APROXIMADO 2,5kg C/U (CAJONES DE 9 CABEZAS) - EVISCERADO CON MENUDOS",,,,,4800,3800
,,,,,,,,,,
,,,,,,,,,,
,,,,,,,,,,
,,,,,,,,,,
,,474,03/25/2026,6DIEME,110,12,1110104000,,1071000,Sol.de Gastos
,,,,,,,,,,
,,,2.5.2.02551.0482,REACTIVO - TIPO TIRAS REACTIVAS PARA MEDICIÓN DE GLUCOSA EN SANGRE POR FLUJO DE ELECTRONES. PRESENTACION FRASCO X 50 TIRAS MARCA ACCU-CHEK GUIDE JUNTO A LAS TIRAS SE PROVEERAN 3 EQUIPOS PARA SU USO. LOS MISMOS SERAN PROPIEDAD DEL SERVICIO. NO SE ENTREGA E,,,,,30,35700
,,,,,,,,,,
,,,,,,,,,,
,,,,,,,,,,
,,,,,,,,,,
,,476,03/26/2026,SALUD,110,12,1110104000,,1703500,Sol.de Gastos
,,,,,,,,,,
,,,2.1.1.00481.0010,"AZUCAR - TIPO ""A"" COMUN - ESTADO BLANCA MOLIDA - PESO 1000gr - SIN TACC (APTO CELIACO)- ENVASE BOLSA DE POLIETILENO.",,,,,20,1300
,,,,,,,,,,
,,,,,,,,,,
,,,,,,,,,,
,,,,,,,,,,
,,477,03/26/2026,GREPUB,110,45,1110103000,,7923960,Sol.de Gastos
,,,,,,,,,,
,,,3.5.3.02165.0079,SERVICIO DE IMPRESION - RECIBOS PARA LA EMISION DE LA TASA POR SERVICIOS GENERALES- DIMENSION 210 X 297 mm-PAPEL A4 GRAMAJE 75/80 Gr/m2-SISTEMA IMPRESIÓN LASER-IMPRESIÓN AL FRENTE SEGÚN MODELO ADJUNTO (FONDO DE SEGURIDAD COLOR ROJO-IMPRESIÓN AL DORSO Y TR,,,,,80000,87
,,,,,,,,,,
,,,,,,,,,,
,,,,,,,,,,
,,,,,,,,,,
,,478,03/26/2026,ALUMP,110,15,1110105000,,8064560,Sol.de Gastos
,,,,,,,,,,
,,,2.9.3.00279.0011,BALASTO P/LAMPARA - TENSION / FRECUENCIA 220V/50 HZ - TIPO INTERIOR - POTENCIA LAMPARA 150 W. - VAPOR DE SODIO ALTA PRESION.    ,,,,,60,42945
,,,,,,,,,,
,,,,,,,,,,
,,,,,,,,,,
,,,,,,,,,,
,,479,03/26/2026,DLOGTI,110,24,1110107000,,1276000,Sol.de Gastos
,,,,,,,,,,
,,,4.3.2.05207.0001,"CARRO PARA CARGA - TIPO ZORRA - PORTABULTOS CARRITO REFORZADO - MATERIAL DEL CUERPO DE HIERRO Y SOLDADO, CONSTRUÍDO CON CAÑO Y PLANCHUELA - SOPORTA HASTA 200 KG. - CON 2 RUEDAS MACIZAS DE MATERIAL CAUCHO / GOMA, DE 175 MM. DE DIÁMETRO - BASE 28 X 40 X 6 A",,,,,2,100000
,,,,,,,,,,
,,,,,,,,,,
,,,,,,,,,,
,,,,,,,,,,
,,480,03/26/2026,26CIUD,110,58,1110116000,,8000000,Sol.de Gastos
,,,,,,,,,,
,,,3.1.5.01384.0001,DISTRIBUCION DE CORREOS - CONTRATACION DE SERVICIO PARA ENVIO DE CORRESPONDENCIA HASTA LA SUMA DE $8.000.000 (PESOS OCHO MILLONES) PARA EL ENVÍO MENSUAL APROXIMADO DE 2400 CARTAS SIMPLES - 80 CARTAS A. RECIBO - 110 CARTAS CERTIFICADAS - 50 CARTAS DOCUMENT,,,,,1,8000000
,,,,,,,,,,
,,,,,,,,,,
,,,,,,,,,,
,,,,,,,,,,
,,481,03/26/2026,DLOGTI,110,24,1110107000,,1900000,Sol.de Gastos
,,,,,,,,,,
,,,2.5.5.00728.0001,"PINTURA AL LATEX - USO INTERIOR / EXTERIOR - COLOR BLANCO, ACABADO MATE - TACHO CAPACIDAD 20 LTS. - LAVABLE, ANTIHONGOS, DURABLE DE ALTO IMPACTO Y RESISTENTE AL AGUA.",,,,,20,95000
,,,,,,,,,,
,,,,,,,,,,
,,,,,,,,,,
,,,,,,,,,,
,,482,03/26/2026,6SSEGO,110,41,1110111000,,745000,Ped.Suministros
,,,,,,,,,,
,,,2.9.6.03062.0022,FILTRO DE AIRE P/VEHICULO - MARCA PEUGEOT 1.6 408 THP - MODELO 2016 PATENTE AA960QR  y MODELO 2019  PATENTE AD429HG.,,,,,2,34000
,,,,,,,,,,
,,,,,,,,,,
,,,,,,,,,,
,,,,,,,,,,
,,483,03/26/2026,6 SIT,110,45,1110103000,,24997050,Sol.de Gastos
,,,,,,,,,,
,,,2.9.6.03859.0001,TECLADO - GENIUS KB-123,,,,,25,19500
,,,,,,,,,,
,,,,,,,,,,
,,,,,,,,,,
,,,,,,,,,,
,,484,03/26/2026,DTOZOL,110,69,1110106000,,170000,Ped.Suministros
,,,,,,,,,,
,,,2.5.1.02934.0001,PROPANO - CARGA TUBO GAS X 45 KG,,,,,1,170000
,,,,,,,,,,
,,,,,,,,,,
,,,,,,,,,,
,,,,,,,,,,
,,485,03/26/2026,6 SIT,110,45,1110103000,,111318000,Sol.de Gastos
,,,,,,,,,,
,,,3.3.3.04974.0001,MANTENIMIENTO DE ENLACES DE DATOS - FIBRA ÓPTICA - SE ADJUNTA MEMORIA DESCRPTIVA (DE JULIO A DICIEMBRE 2026),,,,,6,18553000
,,,,,,,,,,
,,,,,,,,,,
,,,,,,,,,,
,,,,,,,,,,
,,486,03/26/2026,DPRDNN,132,24,1110107000,,784566,Sol.de Gastos
,,,,,,,,,,
,,,2.3.4.03454.0003,CINTAS DE ENMASCARAR - CINTA DE PAPEL DE ENMASCARAR  - 48MM - TIPO MARCA SELLOX,,,,,52,6633
,,,,,,,,,,
,,,,,,,,,,
,,,,,,,,,,
,,,,,,,,,,
,,487,03/26/2026,DPSCAP,110,12,1110104000,,902000,Sol.de Gastos
,,,,,,,,,,
,,,2.9.5.02562.0001,"PORTAOBJETO - MATERIAL BORDE ESMERILADO - PRESENTACION CAJA X 50UN DIMENSIONES 1x3"" - MATERIAL VIDRIO- BORDES PULIDOS. MARCA TIPO PEARL",,,,,20,2600
,,,,,,,,,,
,,,,,,,,,,
,,,,,,,,,,
,,,,,,,,,,
,,488,03/26/2026,6 SIT,110,45,1110103000,,2500000,Sol.de Gastos
,,,,,,,,,,
,,,3.5.3.02165.0001,"SERVICIO DE IMPRESION - SERVICIO DE IMPRESION Y FOTOCOPIAS A COLOR-PALACIO MUNICIPAL. ESPECIFICACIONES:EL SERVICIO DEBERA INCLUIR TODOS LOS INSUMOS Y REPUESTOS NECESARIOS PARA EL NORMAL FUNCIONAMIENTO DE LOS EQUIPOS, COMO:TONER,REVELADOR,FOTOCODUCTOR,CILI",,,,,1,2500000
,,,,,,,,,,
,,,,,,,,,,
,,,,,,,,,,
,,,,,,,,,,
,,489,03/26/2026,DESPAC,110,45,1110103000,,390000,Sol.de Gastos
,,,,,,,,,,
,,,3.2.1.02024.0002,ALQUILER DE COCHERA - ZONA CENTRICA - UBICACION CUBIERTA - TIPO MOVIL - HORARIO COMPLETO.,,,,,3,130000
,,,,,,,,,,
,,,,,,,,,,
,,,,,,,,,,
,,,,,,,,,,
,,490,03/26/2026,SEDELO,110,57,1110122000,,640000,Sol.de Gastos
,,,,,,,,,,
,,,3.9.9.07051.0001,PROVISION Y COLOCACION DE VIDRIO - PAÑO FIJO CON VIDRIO LAMINADO 3+3 INCOLORO- MEDIDAS 2MTS X 1MTS,,,,,1,640000
,,,,,,,,,,
,,,,,,,,,,
,,,,,,,,,,
,,,,,,,,,,
,,491,03/26/2026,DPRDNN,132,24,1110107000,,1231253.755,Sol.de Gastos
,,,,,,,,,,
,,,2.7.5.00338.0009,DESTORNILLADOR - DESTORNILLADOR - PUNTA PLANA - 4 X 125MM - MARCA TIPO BHACO,,,,,2,5244.62
,,,,,,,,,,
,,,,,,,,,,
,,,,,,,,,,
,,,,,,,,,,
,,492,03/27/2026,DHMORO,110,12,1110104000,,7000000,Sol.de Gastos
,,,,,,,,,,
,,,3.4.6.02354.0006,SERVICIO SISTEMAS ESPECIFICOS - DESCRIPCION MANTENIMIENTO CORRECTIVO PLATAFORMA CLOUD PARA LA ADMINISTRACION DEL SERVICIO DE SALUD EN HOSPITAL MUNICIPAL OSTACIANA B. DE LAVIGNOLLE Y SUS CONSULTORIOS EXTERNOS. EL SERVICIO DE GESTION ON LINE DEBERA INCLUIR:,,,,,2,3500000
,,,,,,,,,,
,,,,,,,,,,
,,,,,,,,,,
,,,,,,,,,,
,,493,03/27/2026,DHMORO,110,12,1110104000,,39960000,Sol.de Gastos
,,,,,,,,,,
,,,2.5.2.02551.0103,"REACTIVO - HEMOGRAMAS - USO PARA CONTADOR HEMATOLOGICO.  INCLUYE LA PROVISION DE CONSUMIIBLES, CONTROLES, CALIBRADORES NECESARIOS PARA LA REALIZACION DEL MENCIONADO ESTUDIOS, SEGUN EL SIGUIENTE DETALLE:  -32 DILUYENTE x 20LITROS  -16 WBC x 3,8 LITROS.  -3",,,,,27000,1480
,,,,,,,,,,
,,,,,,,,,,
,,,,,,,,,,
,,,,,,,,,,
,,494,03/27/2026,6COMBN,110,24,1110107000,,27476299.22,Ped.Suministros
,,,,,,,,,,
,,,2.7.5.07458.0001,SET DE HERRAMIENTAS - COMPLETO 152 PIEZAS,,,,,2,300000
,,,,,,,,,,
,,,,,,,,,,
,,,,,,,,,,
,,,,,,,,,,
,,495,03/27/2026,SECTYT,110,73,1110127000,,1775000,Ped.Suministros
,,,,,,,,,,
,,,2.9.6.07447.0001,CINTA DE CORTE - DESCRIPCION PRESENTACION EN ROLLO - CINTA DE PELIGRO ROLLO POR 200 MT. SE ADJUNTA MODELO,,,,,250,7100
,,,,,,,,,,
,,,,,,,,,,
,,,,,,,,,,
,,,,,,,,,,
,,496,03/27/2026,POLMEJ,110,24,1110107000,,11328660,Sol.de Gastos
,,,,,,,,,,
,,,5.1.4.07024.0001,ARENA - DESCRIPCION ARENA,,,,,6,40000
,,,,,,,,,,
,,,,,,,,,,
,,,,,,,,,,
,,,,,,,,,,
,,497,03/27/2026,6ADGR,110,24,1110107000,,752000,Sol.de Gastos
,,,,,,,,,,
,,,2.1.1.00541.0019,CARNE - ESPECIE VACUNA - CORTE NALGA,,,,,18,32000
,,,,,,,,,,
,,,,,,,,,,
,,,,,,,,,,
,,,,,,,,,,
,,498,03/27/2026,6ADGR,110,24,1110107000,,420000,Sol.de Gastos
,,,,,,,,,,
,,,2.1.1.00730.0062,HELADO - ESTADO PREPARADO - CONSISTENCIA LECHE Y CREMA - ENVASE ENVOLTORIO DE PAPEL - PRESENTACION 90GR - SABOR MIXTO. SIN TACC,,,,,120,3500
,,,,,,,,,,
,,,,,,,,,,
,,,,,,,,,,
,,,,,,,,,,
,,499,03/27/2026,6ADGR,110,24,1110107000,,1152000,Sol.de Gastos
,,,,,,,,,,
,,,2.1.1.01351.0003,FACTURA - TIPO MEDIALUNAS,,,,,720,1200
,,,,,,,,,,
,,,,,,,,,,
,,,,,,,,,,
,,,,,,,,,,
,,503,03/27/2026,6ADGR,110,24,1110107000,,636000,Sol.de Gastos
,,,,,,,,,,
,,,2.1.1.00705.0029,LECHE - ESTADO LIQUIDA - AGREGADO CHOCOLATE - ENVASE TETRA BRIK - CONTENIDO 250cm¦.SIN TACC.,,,,,120,3200
,,,,,,,,,,
,,,,,,,,,,
,,,,,,,,,,
,,,,,,,,,,
,,504,03/27/2026,TUDES,132,24,1110107000,,120000,Ped.Suministros
,,,,,,,,,,
,,,4.3.9.07362.0001,PAVA ELECTRICA - DESCRIPCION CAPACIDAD 1.7LTS-BASE GIRATORIA-LUZ INDICADORA DE FUNCIONAMIENTO-TIPO MARCA PHILCO,,,,,2,60000
,,,,,,,,,,
,,,,,,,,,,
,,,,,,,,,,
,,,,,,,,,,
,,505,03/27/2026,TUDES,110,24,1110107000,,147000,Ped.Suministros
,,,,,,,,,,
,,,2.5.9.00588.0033,VASO PLASTICO DESCARTABLE - MATERIAL TELGOPOR - LINEA BLANCO - MOTIVO LISO - CAPACIDAD 220 CC. - PRESENTACION POR UNIDAD,,,,,300,450
,,,,,,,,,,
,,,,,,,,,,
,,,,,,,,,,
,,,,,,,,,,
,,506,03/27/2026,FGAJEF,110,58,1110116000,,394000,Sol.de Gastos
,,,,,,,,,,
,,,2.9.6.03062.0002,FILTRO DE AIRE P/VEHICULO - MARCA PEUGEOT 1.6 408 THP,,,,,2,34000
,,,,,,,,,,
,,,,,,,,,,
,,,,,,,,,,
,,,,,,,,,,
,,507,03/27/2026,FGAJEF,110,58,1110116000,,278000,Sol.de Gastos
,,,,,,,,,,
,,,2.1.1.00595.0014,EDULCORANTE ARTIFICIAL - PRESENTACION POLVO - ENVASE CAJA - CONTENIDO 500 SOBRES,,,,,12,11900
,,,,,,,,,,
,,,,,,,,,,
,,,,,,,,,,
,,,,,,,,,,
,,508,03/30/2026,6ADGR,110,24,1110107000,,758600,Sol.de Gastos
,,,,,,,,,,
,,,2.1.1.02118.0001,PUERRO - TIPO NATURAL - PRESENTACION ATADO - PESO 550 GRS.,,,,,3,5000
,,,,,,,,,,
,,,,,,,,,,
,,,,,,,,,,
,,,,,,,,,,
,,509,03/30/2026,POLMEJ,110,24,1110107000,,14465000,Ped.Suministros
,,,,,,,,,,
,,,5.1.4.03415.0001,MEMBRANA ASFALTICA - MEDIDAS 1 MTS DE ANCHO X 10 MTS DE LARGO - ESPESOR 4 MM X 40 KG,,,,,150,72300
,,,,,,,,,,
,,,,,,,,,,
,,,,,,,,,,
,,,,,,,,,,
,,510,03/30/2026,TINTED,110,58,1110116000,,2700000,Sol.de Gastos
,,,,,,,,,,
,,,3.5.9.06997.0001,SERVICIO DE SONIDO - TIPO  SONIDO 6 SISTEMAS X LADO.  SONIDO DE 4 GABINETES 250W.  2 MICROFONOS INALAMBRICOS.  4 MICROFONOS.  CONSOLA.  POTENCIA.  OPERADOR.  TRANSPORTE.,,,,,1,2700000
,,,,,,,,,,
,,,,,,,,,,
,,,,,,,,,,
,,,,,,,,,,
,,512,03/30/2026,26BIUR,110,58,1110116000,,6966540,Sol.de Gastos
,,,,,,,,,,
,,,2.9.3.01803.0005,CABLE SUBTERRANEO - 3 X 25 + 16 X MT (MH),,,,,150,46443.6
,,,,,,,,,,
,,,,,,,,,,
,,,,,,,,,,
,,,,,,,,,,
,,513,03/30/2026,26BIUR,110,58,1110116000,,6981985.62,Sol.de Gastos
,,,,,,,,,,
,,,2.9.3.03825.0015,CABLE UNIPOLAR - 1 X 2.5 MM X MT COLOR VERDE Y AMARILLO (MH),,,,,150,1367.95
,,,,,,,,,,
,,,,,,,,,,
,,,,,,,,,,
,,,,,,,,,,
,,514,03/30/2026,26PRAF,110,58,1110116000,,776200,Sol.de Gastos
,,,,,,,,,,
,,,2.4.4.07694.0001,CUBIERTA PARA CAMIONETA - Cubierta para elevadores galaxy SD 2010 10X,,,,,1,605800
,,,,,,,,,,
,,,,,,,,,,
,,,,,,,,,,
,,,,,,,,,,
,,515,03/30/2026,DHMORO,110,12,1110104000,,91084500,Sol.de Gastos
,,,,,,,,,,
,,,2.5.2.02551.0919,REACTIVO - DETERMINACION HBA1C HEMOLISANTE.,,,,,900,810
,,,,,,,,,,
,,,,,,,,,,
,,,,,,,,,,
,,,,,,,,,,
,,517,03/30/2026,6 SIT,110,45,1110103000,,11250000,Sol.de Gastos
,,,,,,,,,,
,,,3.3.3.02500.0001,"MANT. DE GRUPO ELECTROGENO - MANT. DE GRUPO ELECTROGENO - MANT. DE GRUPO ELECTROGENO - PREVENTIVO Y CORRECTIVO, MONITOREO DE ACTIVIDAD Y ADECUACION PARA EQUIPOS DE ALIMENTACION SUSPENDIDA: GRUPO ELECTROGENO, UPS CENTRO DE DATOS, UPS DISTRIBUCION DE PISOS,",,,,,6,1875000
,,,,,,,,,,
,,,,,,,,,,
,,,,,,,,,,
,,,,,,,,,,
,,518,03/31/2026,DHMORO,110,12,1110104000,,49605000,Sol.de Gastos
,,,,,,,,,,
,,,2.2.2.00915.0016,"ROPA DESCARTABLE - ELEMENTO CAMISOLIN DESCARTABLE NO ESTERIL - HEMORREPELENTE SMS 30gr. - RESISTENTE A FLUIDOS - CON PUÑO DE ALGODON AJUSTABLE EN MUÑECA - AMPLITUD 1,45cm. - LARGO 1,40cm. - MANGAS 55/52cm. DE LARGO - 4 TIRAS DE AJUSTE, 2 AL CUELLO Y 2 A L",,,,,15000,950
,,,,,,,,,,
,,,,,,,,,,
,,,,,,,,,,
,,,,,,,,,,
,,519,03/31/2026,6DARC,110,41,1110111000,,107800,Ped.Suministros
,,,,,,,,,,
,,,2.7.9.01653.0028,"CAÑO - MATERIAL COBRE - TIPO DE ALTA MALEABILIDAD - DIAMETRO 3/8"", USO PARA AIRE ACONDICIONADO.",,,,,5,7500
,,,,,,,,,,
,,,,,,,,,,
,,,,,,,,,,
,,,,,,,,,,
,,520,03/31/2026,6ADGR,131,24,1110107000,,6500000,Sol.de Gastos
,,,,,,,,,,
,,,3.5.1.02464.0014,"SERVICIO DE CHARTER - LARGA O MEDIA DISTANCIA. IDA Y VUELTA,  PARA TRASLADO DE LA TERMINAL DE MORON HACIA LA ESTACION DE TREN EN CONSTITUCION. LUEGO DE LA ESTACION DE TREN DE MAR DEL PLATA A LA COLONIA MUNICIPAL.  EL SERVICIO REQUIERE DE DOS MICROS( CAPAC",,,,,1,6500000
,,,,,,,,,,
,,,,,,,,,,
,,,,,,,,,,
,,,,,,,,,,
,,521,03/31/2026,6ADGR,110,24,1110107000,,983000,Sol.de Gastos
,,,,,,,,,,
,,,2.1.1.00455.0002,DULCE DE LECHE - TIPO Dulce de leche - ENVASE POTE - CAPACIDAD 1000gramos SIN TACC,,,,,3,15300
,,,,,,,,,,
,,,,,,,,,,
,,,,,,,,,,
,,,,,,,,,,
,,522,03/31/2026,6SSEGO,110,41,1110111000,,735000,Ped.Suministros
,,,,,,,,,,
,,,2.9.6.00941.0002,BATERIA - PARA CITROEN BERLINGO FURGON (PATENTE AC113XX) - TENSION NOM. 12V - CAPACIDAD DE CORRIENTE 75A.TIPO MARCA ( MOURA O BOSH),,,,,1,180000
,,,,,,,,,,
,,,,,,,,,,
,,,,,,,,,,
,,,,,,,,,,
,,523,03/31/2026,DPSCAP,110,12,1110104000,,2100000,Sol.de Gastos
,,,,,,,,,,
,,,2.5.2.02551.0482,REACTIVO - TIPO TIRAS REACTIVAS PARA MEDICIÓN DE GLUCOSA EN SANGRE POR FLUJO DE ELECTRONES TIPO GOCHECK2 - PRESENTACIÓN CAJA X 50 UNIDADES  IMPORTANTE - CONDICIÓN DE COMPRA:   CON LA ADQUISICIÓN DE LA TOTALIDAD DE TIRAS REQUERIDAS EL PROVEEDOR REALIZARÁ L,,,,,60,35000
,,,,,,,,,,
,,,,,,,,,,
,,,,,,,,,,
,,,,,,,,,,
,,524,03/31/2026,DHMORO,110,12,1110104000,,57311040,Sol.de Gastos
,,,,,,,,,,
,,,2.1.1.00541.0021,CARNE - ESPECIE VACUNA - CORTE CUADRADA - FRESCA - NO ENVASADA AL VACIO,,,,,800,12815
,,,,,,,,,,
,,,,,,,,,,
,,,,,,,,,,
,,,,,,,,,,
,,525,03/31/2026,DPSCAP,110,12,1110104000,,6124000,Sol.de Gastos
,,,,,,,,,,
,,,2.5.9.00588.0004,VASO PLASTICO DESCARTABLE - MATERIAL POLIESTIRENO - LINEA BLANCOS - MOTIVO LISO - CAPACIDAD 180cm¦ - PRESENTACION PAQUETE X 100,,,,,40,7000
,,,,,,,,,,
,,,,,,,,,,
,,,,,,,,,,
,,,,,,,,,,
,,527,03/31/2026,TDDITR,110,45,1110103000,,3915000,Ped.Suministros
,,,,,,,,,,
,,,3.5.3.02165.0078,SERVICIO DE IMPRESION - PARA LA EMISION DE LA TASA PARA AUTOMOTORES-DIMENSION 210 X 297-PAPEL A4- GRAMAJE 75/80 GR/M2- SISTEMA DE IMPRESION LASER-IMPRESION AL FRENTE- FONDO DE SEGURIDAD LILA- MODELO A PROVEER POR IMAGEN INSTITUCIONAL-TROQUELADO SEGUN MODE,,,,,45000,87
,,,,,,,,,,
,,,,,,,,,,
,,,,,,,,,,
,,,,,,,,,,
,,528,03/31/2026,DHMORO,110,12,1110104000,,1440000,Ped.Suministros
,,,,,,,,,,
,,,2.5.8.06688.0001,"PALLETS - MATERIAL PLASTICO REFORZADO - MEDIDAS APROXIMADAS 1.20 x 1,00 x 14cm..-  ANTIDESLIZANTE - APILABLE.",,,,,12,120000
,,,,,,,,,,
,,,,,,,,,,
,,,,,,,,,,
,,,,,,,,,,
,,529,04/01/2026,SCIUDA,110,50,1110117000,,2508000,Sol.de Gastos
,,,,,,,,,,
,,,3.2.9.05074.0001,ALQUILER DE BAÑOS QUÍMICOS - MODELO CON LAVAMANOS Y RETRETE- MENSUALES,,,,,6,418000
,,,,,,,,,,
,,,,,,,,,,
,,,,,,,,,,
,,,,,,,,,,
,,530,04/01/2026,6ADGR,110,24,1110107000,,901820,Sol.de Gastos
,,,,,,,,,,
,,,2.1.1.00482.0002,HARINA - TIPO DE TRIGO 000 - PESO 1Kg - PRESENTACION PAQUETE. TIPO MAROLIO/ CAÑUELAS/ FAVORITA,,,,,6,1400
,,,,,,,,,,
,,,,,,,,,,
,,,,,,,,,,
,,,,,,,,,,
,,531,04/01/2026,6ADGR,110,24,1110107000,,288000,Ped.Suministros
,,,,,,,,,,
,,,2.1.1.01351.0003,FACTURA - TIPO/ CHURROS RELLENOS DE DULCE DE LECHE POR UNIDAD,,,,,240,1200
,,,,,,,,,,
,,,,,,,,,,
,,,,,,,,,,
,,,,,,,,,,
,,533,04/01/2026,TUDES,110,24,1110107000,,1984500,Sol.de Gastos
,,,,,,,,,,
,,,2.9.9.08075.0001,ESMALTE PARA UÑAS - ESMALTE TOP COAT- 15 ML- TIPO MARCA MELINE O SIMILAR,,,,,24,12500
,,,,,,,,,,
,,,,,,,,,,
,,,,,,,,,,
,,,,,,,,,,
,,534,04/01/2026,6DIRIN,132,24,1110107000,,262416,Sol.de Gastos
,,,,,,,,,,
,,,2.9.6.00401.0087,CARTUCHO TONER - CARTUCHO TONER-*CANTIDAD OCHO (8) UNIDADES- ALTERNATIVO- COLOR NEGRO- MOD.HP285U CON CHIP PARA USO DE IMORESORA LASER JET P1102W-------------  CARTUCHO TONER-*CANTIDAD OCHO UNIDADES (8) ALTERNATIVO- COLOR NEGRO- MOD.HP2612A CON CHIP-PARA ,,,,,16,9926
,,,,,,,,,,
,,,,,,,,,,
,,,,,,,,,,
,,,,,,,,,,
,,537,04/01/2026,DPRDNN,132,24,1110107000,,650000,Sol.de Gastos
,,,,,,,,,,
,,,3.5.1.06775.0008,SERVICIO DE TRASLADO DE PERSONAS - TRANSPORTE TIPO MICRO   ,,,,,1,650000
,,,,,,,,,,
,,,,,,,,,,
,,,,,,,,,,
,,,,,,,,,,
,,538,04/01/2026,6DIR1,110,57,1110122000,,1618870,Sol.de Gastos
,,,,,,,,,,
,,,2.9.2.00758.0001,TIJERA P/CORTAR - PAPEEL DE 17CM,,,,,40,3525
,,,,,,,,,,
,,,,,,,,,,
,,,,,,,,,,
,,,,,,,,,,
,,539,04/01/2026,6DIR1,110,57,1110122000,,2106000,Sol.de Gastos
,,,,,,,,,,
,,,2.7.9.01234.0001,AGUJA  DE COSER - N°11 PARA MAQUINA DE COSER RECTA PUNTO BOLITA- PAQ X 10 UNIDADES,,,,,15,2500
,,,,,,,,,,
,,,,,,,,,,
,,,,,,,,,,
,,,,,,,,,,
,,540,04/06/2026,DHMORO,110,12,1110104000,,4950000,Sol.de Gastos
,,,,,,,,,,
,,,2.9.3.02218.0001,RELE - MONTAJE SOBRE RIEL DIN - RELE DE CONTROL SECUENCIA Y PRESENCIA DE FASE MODELO RM 22TR33 (2NA) TIPO SCHEINEIDER,,,,,5,720000
,,,,,,,,,,
,,,,,,,,,,
,,,,,,,,,,
,,,,,,,,,,
,,541,04/06/2026,6POEDU,110,24,1110107000,,424350,Sol.de Gastos
,,,,,,,,,,
,,,2.1.1.00788.0011,GALLETITAS - VARIEDAD DULCE - SIN TACC PESO 150GRS - ENVASE PAQUETE,,,,,25,3500
,,,,,,,,,,
,,,,,,,,,,
,,,,,,,,,,
,,,,,,,,,,
,,542,04/06/2026,SUBPES,110,57,1110122000,,601000,Ped.Suministros
,,,,,,,,,,
,,,3.9.9.07051.0001,PROVISION Y COLOCACION DE VIDRIO - TIPO LAMINADO 4+4 INVOLORO- MEDIDAS: 2.4MTS X 1.20 MTS   INCLUYE COLOCACION,,,,,1,601000
,,,,,,,,,,
,,,,,,,,,,
,,,,,,,,,,
,,,,,,,,,,
,,543,04/06/2026,SEDELO,110,57,1110122000,,210810,Sol.de Gastos
,,,,,,,,,,
,,,3.2.2.02014.0001,ALQUILER DE DISPENSERS - C/CONEXION AGUA CORRIENTE - ALTO 90Cm - ANCHO 35Cm - PROFUNDIDAD 35Cm - TIPO AGUA FRIA Y CALIENTE.,,,,,3,70270
,,,,,,,,,,
,,,,,,,,,,
,,,,,,,,,,
,,,,,,,,,,
,,544,04/06/2026,DERECR,132,58,1110116000,,40325532.14,Sol.de Gastos
,,,,,,,,,,
,,,4.2.1.05081.0001,"OBRAS CONSTRUCCIÓN - OBRA: ""SUM de la Comunidad - EL PALOMAR"" Ejecución de trabajos complementarios a los contratados. Dichos trabajos corresponden a una mayor cantidad necesaria de los ítems:  3-01 Movimiento de suelo, nivelación y compactación (SUB BASE",,,,,1,40325532.14
,,,,,,,,,,
,,,,,,,,,,
,,,,,,,,,,
,,,,,,,,,,
,,545,04/06/2026,DESARR,110,24,1110107000,,96330000,Sol.de Gastos
,,,,,,,,,,
,,,5.1.4.03410.0001,ACEITE COMESTIBLE - TIPO GIRASOL - ENVASE BOTELLA DE PLASTICO - CAPACIDAD 900 C.C.,,,,,5000,3100
,,,,,,,,,,
,,,,,,,,,,
,,,,,,,,,,
,,,,,,,,,,
,,546,04/06/2026,SECTYT,110,73,1110127000,,7750000,Sol.de Gastos
,,,,,,,,,,
,,,3.2.9.07456.0001,SERVICIO DE ALQUILER - - REALIZACION DE TRASLADO MENSUALES (GRUA) TURNO (9HS A 21HS) SIN CHOFER PARA ACARREO EN VIA PUBLICA,,,,,1,3500000
,,,,,,,,,,
,,,,,,,,,,
,,,,,,,,,,
,,,,,,,,,,
,,547,04/06/2026,SCIUDA,110,50,1110117000,,7475340,Ped.Suministros
,,,,,,,,,,
,,,4.3.9.03409.0001,"SISTEMA DE ALARMA - CENTRAL WIFI CON TECLADO LED INCORPORADO. TIPO INTELBRAS. CON 2 SENSORES MAGNETICOS PARA PUERTAS O VENTANAS, INALAMBRICO CON BATERIA XAS 4010 S-MART. CON 1 SENSOR DE MOVIMIENTO INALAMBRICA ANTI MASCOTA INALAMBRICO CON BATERIA, IVP 4000",,,,,15,455000
,,,,,,,,,,
,,,,,,,,,,
,,,,,,,,,,
,,,,,,,,,,
,,548,04/06/2026,SECTYT,110,73,1110127000,,1800000,Sol.de Gastos
,,,,,,,,,,
,,,2.3.3.04756.0001,FAJA DE CLAUSURA - - FORMATO ABIERTO 200 MM DE ANCHO X 550 MM DE ALTO - IMPRESOS A 2/0 COLORES PAPEL: AUTOADHESIVO DE 80 G. INCLUYE TROUELADO Y ARREGLO - IMPRESION SEGUN MODELO ADJUNTO,,,,,1000,1800
,,,,,,,,,,
,,,,,,,,,,
,,,,,,,,,,
,,,,,,,,,,
,,549,04/06/2026,SEDELO,110,57,1110122000,,4598000,Sol.de Gastos
,,,,,,,,,,
,,,2.5.9.00267.0001,ADHESIVO - DE CONTACTO- X 18LTS,,,,,5,242000
,,,,,,,,,,
,,,,,,,,,,
,,,,,,,,,,
,,,,,,,,,,
,,550,04/06/2026,6EDUDC,110,24,1110107000,,70850000,Sol.de Gastos
,,,,,,,,,,
,,,3.5.1.02464.0003,"SERVICIO DE CHARTER - DESCRIPCION SERVICIO DE TRANSPORTE DE ALUMNOS, CON DISCAPACIDAD MENTAL MODERADA Y SEVERA, DESDE SU CASA HASTA LA ESCUELA Y VICEVERSA, CON CELADORA. RECORRIDO 2: TURNOS MAÑANA Y TARDE. KM. RECORRIDOS IDA Y VUELTA 35 KM APROXIMADAMENTE",,,,,50,208000
,,,,,,,,,,
,,,,,,,,,,
,,,,,,,,,,
,,,,,,,,,,
,,551,04/06/2026,DPSCAP,110,12,1110104000,,2493319.9,Sol.de Gastos
,,,,,,,,,,
,,,2.5.2.03819.0002,PARASITICIDA - PRODUCTO PERMETRINA 1% - PRESENTACION LOCION SOL. X 100 CC.,,,,,20,6965
,,,,,,,,,,
,,,,,,,,,,
,,,,,,,,,,
,,,,,,,,,,
,,552,04/06/2026,6EDUDC,110,24,1110107000,,28800000,Sol.de Gastos
,,,,,,,,,,
,,,3.5.1.02464.0026,"SERVICIO DE CHARTER - DESCRIPCION CONTRATACION DE UN MICRO PARA TRANSPORTE DE ALUMNOS. RECORRIDO DE 120 KM APROX DENTRO DEL PARTIDO DE MORÓN. EL MICRO DEBERÁ TENER HABILITACION, VERIFICACION TECNICA VEHICULAR Y SEGURO DE TRANSPORTE DE PASAJEROS.",,,,,50,576000
,,,,,,,,,,
,,,,,,,,,,
,,,,,,,,,,
,,,,,,,,,,
,,553,04/07/2026,DPSCAP,110,12,1110104000,,3000000,Sol.de Gastos
,,,,,,,,,,
,,,2.9.6.07661.0001,DISCO SOLIDO - DESCRIPCION SSD 240 Gb TIPO HIKSEMI/KINGSTON,,,,,25,120000
,,,,,,,,,,
,,,,,,,,,,
,,,,,,,,,,
,,,,,,,,,,
,,554,04/07/2026,SCIUDA,110,50,1110117000,,829071.3,Sol.de Gastos
,,,,,,,,,,
,,,2.5.5.00728.0035,PINTURA AL LATEX - TIPO ALBION INTERIOR N MATE PRESENTACION 20 LITROS,,,,,1,235660
,,,,,,,,,,
,,,,,,,,,,
,,,,,,,,,,
,,,,,,,,,,
,,555,04/07/2026,POLCUT,110,58,1110116000,,870000,Sol.de Gastos
,,,,,,,,,,
,,,3.3.9.06485.0001,SERVICIO DE AFINACION DE PIANO - DESCRIPCION: AFINACION Y TRASLADO DE PIANO DE COLA DENTRO DEL COLEGIO WARD DE EL PALOMAR,,,,,1,870000
,,,,,,,,,,
,,,,,,,,,,
,,,,,,,,,,
,,,,,,,,,,
,,556,04/07/2026,POLCUT,110,58,1110116000,,358920,Sol.de Gastos
,,,,,,,,,,
,,,3.5.3.02165.0059,SERVICIO DE IMPRESION - DESCRIPCION :BANNERS LONA IMPRESA -MEDIDAS 0.48 X 1.80MTS,,,,,12,29910
,,,,,,,,,,
,,,,,,,,,,
,,,,,,,,,,
,,,,,,,,,,
,,557,04/07/2026,RLPROC,110,66,1110125000,,301951,Sol.de Gastos
,,,,,,,,,,
,,,3.3.2.04903.0001,"SERVICIO DE MANT. DE VEHÍCULO - DESTINO CAMIONETA  AG893NI - DESCRIPCION DE LOS 10.000 KM. DE VEHÍCULO NUEVO. CAMBIO DE ACEITE, FILTRO, CHEQUEO",,,,,1,301951
,,,,,,,,,,
,,,,,,,,,,
,,,,,,,,,,
,,,,,,,,,,
,,558,04/07/2026,DHMORO,110,12,1110104000,,36000000,Sol.de Gastos
,,,,,,,,,,
,,,3.3.3.02188.0064,REPARACION DE EQUIPOS HOSPITALARIOS - MANTENIMIENTO PREVENTIVO Y CORRECTIVO (PLAN TOTAL) DE 14 RESPIRADORES TECME NEUMOVENT GRAPHNET TOUCH PERTENECIENTES A LA UNIDAD DE TERAPIA INTENSIVA Y GUARDIA ADULTOS SEGUN EL SIGUIENTE DETALLE:  SERIE Nº14 02 1 147 1,,,,,1,36000000
,,,,,,,,,,
,,,,,,,,,,
,,,,,,,,,,
,,,,,,,,,,
,,559,04/07/2026,DHMORO,110,12,1110104000,,6800000,Sol.de Gastos
,,,,,,,,,,
,,,2.9.6.02877.0010,CABLE P/MONITOR MULTIPARAM. - ECG CABLE PACIENTE COMPLETO 5 Snap PARA MONITOR DYNE MODELO MCD300,,,,,20,150000
,,,,,,,,,,
,,,,,,,,,,
,,,,,,,,,,
,,,,,,,,,,
,,560,04/07/2026,SCIUDA,110,50,1110117000,,504020,Sol.de Gastos
,,,,,,,,,,
,,,2.9.6.04780.0001,REPUESTOS PARA HERRAMIENTAS Y MAQUINARIAS - CADENA PARA MOTOSIERRA MOD MS194 TIPO STHIL,,,,,2,45000
,,,,,,,,,,
,,,,,,,,,,
,,,,,,,,,,
,,,,,,,,,,
,,561,04/08/2026,26POLA,110,58,1110116000,,4203000,Ped.Suministros
,,,,,,,,,,
,,,2.7.5.03715.0001,PALITA JARDINERA - Kit de herramientas para jardin 3 Pzs,,,,,75,17200
,,,,,,,,,,
,,,,,,,,,,
,,,,,,,,,,
,,,,,,,,,,
,,562,04/08/2026,SECTYT,110,73,1110127000,,296000,Ped.Suministros
,,,,,,,,,,
,,,5.2.6.06882.9999,"LONA VINILICA IMPRESA - LONA VINILICA IMPRESA FULL COLOR UV TRANSITABLE. MEDIDAS: 8,00 MT DE LARGO X 4,00 MT DE ANCHO. SE ADJUNTA IMAGEN.",,,,,1,296000
,,,,,,,,,,
,,,,,,,,,,
,,,,,,,,,,
,,,,,,,,,,
,,563,04/08/2026,SCIUDA,110,50,1110117000,,800000,Sol.de Gastos
,,,,,,,,,,
,,,4.3.7.07319.0001,"ESTUFA - 2 VELAS, 1200 W, TIPO EIFFEL/MAGICLIK",,,,,20,40000
,,,,,,,,,,
,,,,,,,,,,
,,,,,,,,,,
,,,,,,,,,,
,,564,04/09/2026,DHMORO,110,12,1110104000,,6800000,Sol.de Gastos
,,,,,,,,,,
,,,3.3.9.07280.0001,MANTENIMIENTO DE EQUIPOS - MANTENIMIENTO PREVENTIVO DE 1 UPS MARCA SIEL MODELO SAFE POWER EVO 12P 220Kva Nº DE SERIE UI40118 Y SUS BANCOS DE BATERIAS SEGUN EL SIGUIENTE DETALLE:  -EL SERVICIO INCLUYE 3  (TRES) VISITAS PREVENTIVAS BASICAS MENSUALES CONSIST,,,,,4,1700000
,,,,,,,,,,
,,,,,,,,,,
,,,,,,,,,,
,,,,,,,,,,
,,565,04/09/2026,DHMORO,110,12,1110104000,,5780000,Sol.de Gastos
,,,,,,,,,,
,,,3.3.3.02440.0001,"MANT. EQUIPO DE RADIOLOGIA - DESCRIPCION SERVICIO DE MANTENIMIENTO PREVENTIVO-CORRECTIVO DE EQUIPOS DE RX, DEPENDIENTES DEL SERVICIO DE DIAGNOSTICO POR IMAGENES. EL SERVICIO INCLUYE 1 VISITA PROGRAMADA MENSUAL Y LLAMADAS DE URGENCIAS. INCLUYE LA PROVISION",,,,,2,2890000
,,,,,,,,,,
,,,,,,,,,,
,,,,,,,,,,
,,,,,,,,,,
,,566,04/09/2026,DHMORO,110,12,1110104000,,7800000,Sol.de Gastos
,,,,,,,,,,
,,,3.3.3.02440.0001,MANT. EQUIPO DE RADIOLOGIA - DESCRIPCION SERVICIO DE MANTENIMIENTO PREVENTIVO-CORRECTIVO MENSUAL DE:  -1 EQUIPO CR ELITE CON MAMO N° K54848231 SERIE N°2005078  -1 IMPRESORA LASER DV5950 N° K54826154 SERIE N°59538979  EL SERVICIO INCLUYE:  -SOPORTE TELEFON,,,,,3,2600000
,,,,,,,,,,
,,,,,,,,,,
,,,,,,,,,,
,,,,,,,,,,
,,567,04/09/2026,RESALC,110,58,1110116000,,300000,Ped.Suministros
,,,,,,,,,,
,,,4.3.5.07093.0001,"GAZEBO - DESCRIPCION: 3 x 3 metros aprox, laterales desmontables, color rojo y logo de Municiapalidad de Morón",,,,,1,300000
,,,,,,,,,,
,,,,,,,,,,
,,,,,,,,,,
,,,,,,,,,,
,,568,04/09/2026,RESALC,110,58,1110116000,,160000,Ped.Suministros
,,,,,,,,,,
,,,2.3.3.01380.0001,"FOLLETO -  DIMENSION 15  X 20 - PAPEL ILUSTRACIÓN -  simple faz, dos colores. DISEÑOS ADJUNTOS (2.000 UNIDADES DE CADA DISEÑO), TOTAL4.000.-",,,,,1,160000
,,,,,,,,,,
,,,,,,,,,,
,,,,,,,,,,
,,,,,,,,,,
,,569,04/09/2026,DHMORO,110,12,1110104000,,7401500,Sol.de Gastos
,,,,,,,,,,
,,,2.9.9.03618.0082,"CAÑOS Y ACCESORIOS POLIPROPILENO COPOLIMERO - TUBO - ROSCA MACHO - DIAMETRO 40mm..x 1 1/4"" - TIPO ACQUA SYSTEM.",,,,,3,12000
,,,,,,,,,,
,,,,,,,,,,
,,,,,,,,,,
,,,,,,,,,,
,,571,04/10/2026,DLOGTI,110,24,1110107000,,663000,Ped.Suministros
,,,,,,,,,,
,,,2.2.2.01629.0022,GUANTES - TIPO PARA SOLDAR - PROTECCIÓN DEL TRABAJO - TALLE G (10 APROX.) - MATERIAL CUERO DESCARNE.,,,,,2,11000
,,,,,,,,,,
,,,,,,,,,,
,,,,,,,,,,
,,,,,,,,,,
,,572,04/10/2026,6COMBN,110,24,1110107000,,11824000,Ped.Suministros
,,,,,,,,,,
,,,2.9.5.03341.0002,TANZA - AMARILLA- MEDIDA 2.5 MM - PERFIL REDONDO,,,,,140,25000
,,,,,,,,,,
,,,,,,,,,,
,,,,,,,,,,
,,,,,,,,,,
,,573,04/10/2026,PROMTR,110,57,1110122000,,7955800,Ped.Suministros
,,,,,,,,,,
,,,2.2.1.05446.0001,TELAS - TIPO SPUM DE POLIESTER COLOR BLANCO X METRO,,,,,100,7900
,,,,,,,,,,
,,,,,,,,,,
,,,,,,,,,,
,,,,,,,,,,
,,574,04/10/2026,DESARR,110,24,1110107000,,2340000,Sol.de Gastos
,,,,,,,,,,
,,,2.1.1.00669.0033,PAN - TIPO FELIPE (FLAUTA) - PRESENTACION POR KILO,,,,,770,3000
,,,,,,,,,,
,,,,,,,,,,
,,,,,,,,,,
,,,,,,,,,,
,,575,04/10/2026,6EDUDC,110,24,1110107000,,38860820.5,Ped.Suministros
,,,,,,,,,,
,,,2.5.9.05922.0002,MEMBRANA ASFALTICA - MEDIDAS SIN - PRESENTACION PASTA  EN LATA DE  X 20 LITROS- TIPO RECUPLAST,,,,,60,124947
,,,,,,,,,,
,,,,,,,,,,
,,,,,,,,,,
,,,,,,,,,,
,,576,04/10/2026,DESPAC,110,45,1110103000,,40180000,Sol.de Gastos
,,,,,,,,,,
,,,2.1.1.00478.0019,AGUA MINERAL - TIPO SIN GASIFICAR - ENVASE BIDON - CAPACIDAD 20L. CON ENTREGAS DE APROXIMADAMENTE 300 DISPENSERS FRIO/CALOR EN COMODATO,,,,,8200,4900
,,,,,,,,,,
,,,,,,,,,,
,,,,,,,,,,
,,,,,,,,,,
,,577,04/10/2026,DESARR,110,24,1110107000,,27326800,Sol.de Gastos
,,,,,,,,,,
,,,5.1.4.06788.0001,Pollo - POLLO TIPO PATA MUSLO PRESENTACION POR KG,,,,,4000,5900
,,,,,,,,,,
,,,,,,,,,,
,,,,,,,,,,
,,,,,,,,,,
,,578,04/10/2026,6DIRIN,110,24,1110107000,,7980000,Sol.de Gastos
,,,,,,,,,,
,,,3.5.1.02464.0008,"SERVICIO DE CHARTER -   - SALIDAS DESDE LA CALLE SAN MARTIN 961, MORON Y REGRESO AL MISMO DOMICILIO, DESTINO: CLUB BRISAS  CON DOMICILIO EN LA CALLE CONSTITUCION 318 HAEDO  - DIAS MARTES / JUEVES A COORDINAR CON EL PROVEEDOR.    A COORDINAR FECHAS CON EL ",,,,,21,380000
,,,,,,,,,,
,,,,,,,,,,
,,,,,,,,,,
,,,,,,,,,,
,,579,04/10/2026,SCIUDA,110,50,1110117000,,98917847,Ped.Suministros
,,,,,,,,,,
,,,2.9.6.00904.0002,DISTRIBUIDOR P/AUTOMOTOR - KIT COMPLETO DE DISTRIBUCION TIPO VW MOD AMAROK TDI 2.0,,,,,10,597489
,,,,,,,,,,
,,,,,,,,,,
,,,,,,,,,,
,,,,,,,,,,
,,580,04/10/2026,DESARR,110,24,1110107000,,50080040,Sol.de Gastos
,,,,,,,,,,
,,,5.1.4.03410.0001,ACEITE COMESTIBLE - TIPO GIRASOL - ENVASE BOTELLA DE PLASTICO - CAPACIDAD 900 C.C.,,,,,2800,3100
,,,,,,,,,,
,,,,,,,,,,
,,,,,,,,,,
,,,,,,,,,,
,,581,04/10/2026,FSO,110,37,1110200000,,3946125,Sol.de Gastos
,,,,,,,,,,
,,,4.8.1.01748.0005,LICENCIAS - PLATAFORMA ZOOM PARA SESIONAR ONLINE,,,,,5,789225
,,,,,,,,,,
,,,,,,,,,,
,,,,,,,,,,
,,,,,,,,,,
,,582,04/10/2026,DERECR,110,58,1110116000,,1461000,Sol.de Gastos
,,,,,,,,,,
,,,2.7.9.01776.0029,UNION DOBLE - MATERIAL POLIPROPILENO - DIAMETRO 1/2 PULGADA - ROSCADA,,,,,5,4000
,,,,,,,,,,
,,,,,,,,,,
,,,,,,,,,,
,,,,,,,,,,
,,583,04/10/2026,DHMORO,110,12,1110104000,,16290000,Sol.de Gastos
,,,,,,,,,,
,,,2.7.9.00626.0025,GRIFERIA - USO BIDET - ACCIONAMIENTO CONVENCIONAL (VASTAGO) - MATERIAL BRONCE CROMADO TIPO FV,,,,,1,100000
,,,,,,,,,,
,,,,,,,,,,
,,,,,,,,,,
,,,,,,,,,,
,,584,04/10/2026,6EDUDC,110,24,1110107000,,4351264,Ped.Suministros
,,,,,,,,,,
,,,4.3.7.00096.0002,MICROONDAS - INTERIOR DE ACERO INOXIDABLE - CAPACIDAD 27L - 900W - ACCESORIOS SIN,,,,,3,490500
,,,,,,,,,,
,,,,,,,,,,
,,,,,,,,,,
,,,,,,,,,,
,,585,04/10/2026,FGAJEF,110,58,1110116000,,1669534.76,Sol.de Gastos
,,,,,,,,,,
,,,2.9.1.00712.0014,CEPILLO - BARRENDERO (REFORZADO SIN CABO),,,,,12,6723.97
,,,,,,,,,,
,,,,,,,,,,
,,,,,,,,,,
,,,,,,,,,,
,,586,04/13/2026,SALUD,110,12,1110104000,,270000,Sol.de Gastos
,,,,,,,,,,
,,,2.1.1.00621.0007,AVE - ESPECIE POLLOS FRESCOS NO CONGELADOS - PRESENTACION ENTERO APROXIMADAMENTE DE 2 KGS. C/U - EVISCERADO SIN MENUDOS.,,,,,60,4500
,,,,,,,,,,
,,,,,,,,,,
,,,,,,,,,,
,,,,,,,,,,
,,587,04/13/2026,DHMORO,110,12,1110104000,,2960000,Sol.de Gastos
,,,,,,,,,,
,,,2.5.2.02551.0763,"REACTIVO - KIT USO P/ DETERMINACION CUANTITATIVA DE CREATINA-KINASA MB (CK-MB), MIOGLOBINA Y TROPONINA I, EN MUESTRAS DE PLASMA O SANGRE ENTERA ANTICOAGULADA CON EDTA - PRESENTACION x 25 DETERMINACIONES.",,,,,4,740000
,,,,,,,,,,
,,,,,,,,,,
,,,,,,,,,,
,,,,,,,,,,
,,588,04/13/2026,6EDUDC,110,24,1110107000,,2496860,Ped.Suministros
,,,,,,,,,,
,,,2.5.5.00728.0082,PINTURA AL LATEX - TIPO LATEX - USO EXTERIORES - COLOR ROJO MUNICIPIO - CAPACIDAD 20L.,,,,,20,107741
,,,,,,,,,,
,,,,,,,,,,
,,,,,,,,,,
,,,,,,,,,,
,,589,04/13/2026,SALUD,110,12,1110104000,,827200,Sol.de Gastos
,,,,,,,,,,
,,,2.1.1.00669.0002,PAN - TIPO ALEMAN - PRESENTACION x KILOGRAMO.,,,,,20,10000
,,,,,,,,,,
,,,,,,,,,,
,,,,,,,,,,
,,,,,,,,,,
,,590,04/13/2026,SALUD,110,12,1110104000,,408400,Sol.de Gastos
,,,,,,,,,,
,,,2.1.1.00483.0002,HUEVOS DE GALLINA - TAMAÑO GRANDES - COLOR BLANCO - PRESENTACION x 12 UNIDADES.,,,,,8,3000
,,,,,,,,,,
,,,,,,,,,,
,,,,,,,,,,
,,,,,,,,,,
,,591,04/13/2026,SALUD,110,12,1110104000,,751900,Sol.de Gastos
,,,,,,,,,,
,,,2.1.1.00542.0023,QUESO - TIPO MUZZARELLA - PRESENTACION x Kg. - TIPO FIRTICHIO,,,,,12,19000
,,,,,,,,,,
,,,,,,,,,,
,,,,,,,,,,
,,,,,,,,,,
,,592,04/13/2026,INFRA,110,15,1110105000,,3920000,Sol.de Gastos
,,,,,,,,,,
,,,2.4.4.00413.0001,NEUMATICO P/TRACTOR Y EQ.VIAL - DIMENSION 12-16.5 - Nº TELAS 12.  - USO MINICARGADORA BOB CAT    ,,,,,8,490000
,,,,,,,,,,
,,,,,,,,,,
,,,,,,,,,,
,,,,,,,,,,
,,593,04/13/2026,6ADGR,110,24,1110107000,,252000,Ped.Suministros
,,,,,,,,,,
,,,2.1.1.00478.0021,AGUA MINERAL - TIPO CON GAS - ENVASE PLASTICO - CAPACIDAD 500 CM3  TIPO VILLAVICENCIO/VILLA MANAOS/VILLA DEL SUR SIN TACC,,,,,180,1400
,,,,,,,,,,
,,,,,,,,,,
,,,,,,,,,,
,,,,,,,,,,
,,594,04/13/2026,6SSEGO,110,41,1110111000,,900000,Sol.de Gastos
,,,,,,,,,,
,,,2.9.6.00941.0002,BATERIA - PARA VARIOS AUTOMOVILES  - TENSION NOM. 12V - CAPACIDAD DE CORRIENTE 75A.TIPO MARCA ( MOURA O BOSH),,,,,5,180000
,,,,,,,,,,
,,,,,,,,,,
,,,,,,,,,,
,,,,,,,,,,
,,595,04/13/2026,DESARR,110,24,1110107000,,3510000,Sol.de Gastos
,,,,,,,,,,
,,,2.1.1.00600.0003,"NARANJA - TIPO NATURAL - PRESENTACION POR CAJON, TAMAÑO PAREJO DE PESO APROX. 180 GRS. X UNIDAD.",,,,,30,30000
,,,,,,,,,,
,,,,,,,,,,
,,,,,,,,,,
,,,,,,,,,,
,,596,04/13/2026,GREPUB,110,45,1110103000,,8197200,Ped.Suministros
,,,,,,,,,,
,,,3.5.3.02165.0082,SERVICIO DE IMPRESION - RECIBOS PARA LA EMISION DE LA TASA PARA ESTUDIO Y PREVENCION EPIDEMIOLOGICA - DIMENSION 210 X 297 mm-PAPEL A4 GRAMAJE 75/80 Gr/m2-SISTEMA IMPRESIÓN LASER-IMPRESIÓN AL FRENTE SEGÚN MODELO ADJUNTO (FONDO DE SEGURIDAD COLOR CELESTE-IM,,,,,170,90
,,,,,,,,,,
,,,,,,,,,,
,,,,,,,,,,
,,,,,,,,,,
,,597,04/14/2026,DTOZOL,110,69,1110106000,,300000,Sol.de Gastos
,,,,,,,,,,
,,,3.3.3.01627.0037,MANTENIMIENTO MATAFUEGOS - TIPO POLVO QUIMICO ABC - TAREA RECARGA DE MATAFUEGO CON SELLO IRAM CON TARJETA HABILITANTE D.P.S. - CAPACIDAD DE CARGA (ELEM) 5 KG.,,,,,7,30000
,,,,,,,,,,
,,,,,,,,,,
,,,,,,,,,,
,,,,,,,,,,
,,598,04/14/2026,DTOZOL,110,69,1110106000,,5719000,Sol.de Gastos
,,,,,,,,,,
,,,4.3.3.04216.0001,MICROPIPETA DE VOLUMEN - 100-1000ul tipo DAUERHAFT,,,,,1,90000
,,,,,,,,,,
,,,,,,,,,,
,,,,,,,,,,
,,,,,,,,,,
,,599,04/14/2026,DHMORO,110,12,1110104000,,5760000,Sol.de Gastos
,,,,,,,,,,
,,,2.1.1.00478.0019,AGUA MINERAL - TIPO SIN GASIFICAR - ENVASE BIDON - CAPACIDAD 20L.,,,,,1200,4800
,,,,,,,,,,
,,,,,,,,,,
,,,,,,,,,,
,,,,,,,,,,
,,600,04/14/2026,1VEGUE,110,70,1110110000,,504700,Sol.de Gastos
,,,,,,,,,,
,,,2.5.5.00570.0001,ESMALTE SINTETICO - COLOR BLANCO,,,,,4,12250
,,,,,,,,,,
,,,,,,,,,,
,,,,,,,,,,
,,,,,,,,,,
,,601,04/14/2026,6DCRES,110,15,1110105000,,305000,Sol.de Gastos
,,,,,,,,,,
,,,2.9.6.03014.0001,UNIDAD DE IMAGEN - ORIGINAL XEROX B230 013R00691  ,,,,,1,305000
,,,,,,,,,,
,,,,,,,,,,
,,,,,,,,,,
,,,,,,,,,,
,,602,04/14/2026,SCIUDA,110,50,1110117000,,1242000,Sol.de Gastos
,,,,,,,,,,
,,,2.7.9.03543.0001,"PLAQUETA - MEDIDAS 19 X 14, GARBADAS CON MOTIVO DEL RECONOCIMIENTO A LA LABOR DESARROLLADA POR EL PERSONAL POLICIAL. PRESENTACION EN CAJA BIYONÉ",,,,,18,69000
,,,,,,,,,,
,,,,,,,,,,
,,,,,,,,,,
,,,,,,,,,,
,,603,04/14/2026,6SSEGO,110,41,1110111000,,206000,Ped.Suministros
,,,,,,,,,,
,,,3.3.2.02162.0037,REPARACION VEHICULO - TAREA REPARACION DE CAÑO DE ESCAPE COMPRENDE EL CAMBIO Y REEMPLAZO DE FLEXIBLE Y CATALIZADOR EN VEHICULO VOLKSWAGEN POLO PATENTE AA801WN Y REPARACION DE CATALIZADOR DESOBSTRUCCION Y LIMPIEZA EN VEHICULO CHEVROLET ONIX PATENTE NJG233.,,,,,1,206000
,,,,,,,,,,
,,,,,,,,,,
,,,,,,,,,,
,,,,,,,,,,
,,604,04/14/2026,DERECR,110,58,1110116000,,2048000,Sol.de Gastos
,,,,,,,,,,
,,,2.2.2.01629.0022,GUANTES - MATERIAL CUERO DESCARNE ROJO - TIPO PARA SOLDADOR - REFORZADOS - PRESENTACION X PAR,,,,,4,18000
,,,,,,,,,,
,,,,,,,,,,
,,,,,,,,,,
,,,,,,,,,,
,,605,04/14/2026,FSO,110,37,1110200000,,881000,Sol.de Gastos
,,,,,,,,,,
,,,4.3.7.03541.0001,ESTANTERIA - PROVISION DE ESTANTES METALICOS REFORZADOS DE 0.90 M X 0.42 M (SOPORTAN HASTA 45 KG),,,,,10,45000
,,,,,,,,,,
,,,,,,,,,,
,,,,,,,,,,
,,,,,,,,,,
,,606,04/14/2026,6SSEGO,110,41,1110111000,,2895000,Ped.Suministros
,,,,,,,,,,
,,,2.9.6.04204.0048,REPUESTOS P/ CICLOMOTOR Y MOTOCICLETA - MODELO YAMAHA FZ 150 - DESCRIPCION CUBIERTA DELANTERA MEDIDAS 100/80/17,,,,,1,160000
,,,,,,,,,,
,,,,,,,,,,
,,,,,,,,,,
,,,,,,,,,,
,,607,04/14/2026,TINTED,110,58,1110116000,,371296.98,Sol.de Gastos
,,,,,,,,,,
,,,2.9.6.07661.0001,DISCO SOLIDO - SSD 480GB- TIPO WD GREEN O  KINGSTON,,,,,6,61882.83
,,,,,,,,,,
,,,,,,,,,,
,,,,,,,,,,
,,,,,,,,,,
,,608,04/15/2026,DTOZOL,110,69,1110106000,,98000,Sol.de Gastos
,,,,,,,,,,
,,,2.9.6.00401.0087,CARTUCHO TONER - CODIGO 85A- ALTERNATIVO - COLOR NEGRO - PRODUCTO TONER - USO HP LASER JET P1102W- M1132- M1212- M1214- M1217,,,,,10,9800
,,,,,,,,,,
,,,,,,,,,,
,,,,,,,,,,
,,,,,,,,,,
,,609,04/15/2026,DHMORO,110,12,1110104000,,7860000,Sol.de Gastos
,,,,,,,,,,
,,,4.3.6.00001.0124,"COMPUTADORA DE OFICINA - INTEL I5 12VA GEN - MOTHER (GIGABYTE, ASUS, MAI) - 8GB DDR4, SSD 512 (O M.2) - FUENTE 650w - GABINETE, KIT, TECLADO, MOUSE, PARLANTES.",,,,,6,700000
,,,,,,,,,,
,,,,,,,,,,
,,,,,,,,,,
,,,,,,,,,,
,,610,04/15/2026,SCIUDA,110,50,1110117000,,415500,Sol.de Gastos
,,,,,,,,,,
,,,4.3.7.00027.0014,"TERMOTANQUE - CAPACIDAD 55 LITROS, ELECTRICO TEPC055L, 220V, ENCENDIDO AUTOMATICO, POTENCIA 2KW, CONEXION DE AGUA SUPERIRO, CON VALVULA DE SEGURIDAD, INCLUYE SOPORTE, PEOS 19 KG, TIPO SHERMAN",,,,,1,415500
,,,,,,,,,,
,,,,,,,,,,
,,,,,,,,,,
,,,,,,,,,,
,,611,04/15/2026,POLCUT,110,58,1110116000,,408000,Sol.de Gastos
,,,,,,,,,,
,,,3.3.3.01627.0037,MANTENIMIENTO MATAFUEGOS - TIPO POLVO QUIMICO ABC - TAREA RECARGA DE MATAFUEGO CON SELLO IRAM CON TARJETA HABILITANTE D.P.S. - CAPACIDAD DE CARGA (ELEM) 5 KG.,,,,,9,30000
,,,,,,,,,,
,,,,,,,,,,
,,,,,,,,,,
,,,,,,,,,,
,,612,04/15/2026,POLCUT,110,58,1110116000,,440000,Sol.de Gastos
,,,,,,,,,,
,,,3.3.9.05496.0001,REPARACION DE BUTACAS - DESCRIPCION DE REPARACION DE  15 BUTACAS DE SALA,,,,,1,440000
,,,,,,,,,,
,,,,,,,,,,
,,,,,,,,,,
,,,,,,,,,,
,,613,04/15/2026,POLCUT,110,58,1110116000,,3320000,Sol.de Gastos
,,,,,,,,,,
,,,3.3.3.02397.0001,MANT. DE EQ. DE CINE Y VIDEO - DESCRIPCION MANT DE EQUIPO DE CINE Y VIDEO.-INCLUYE MANTENIMIENTO-VISITA TECNICA Y KIT DE LAMPARAS Y FILTROS ORIGINALES,,,,,1,3320000
,,,,,,,,,,
,,,,,,,,,,
,,,,,,,,,,
,,,,,,,,,,
,,614,04/15/2026,DHMORO,110,12,1110104000,,68400000,Sol.de Gastos
,,,,,,,,,,
,,,2.5.2.03481.0001,"OXIGENO - CONSISTENCIA LIQUIDO - PRESENTACION LA PROVISION DEL MISMO DEBERA SER EN FORMA CONTINUA , CON LOS M3 y PRESION ADECUADOS y DEBIDAMENTE ESPECIFICADOS SIN AFECTAR LAS INSTALACIONES y CUMPLIR LA PRESENTACION DE LOS CORRESPONDIENTES  REMITOS EN TIEM",,,,,36000,1900
,,,,,,,,,,
,,,,,,,,,,
,,,,,,,,,,
,,,,,,,,,,
,,615,04/15/2026,SECTYT,110,73,1110127000,,206000,Sol.de Gastos
,,,,,,,,,,
,,,3.3.2.02162.0037,REPARACION VEHICULO - REPARACION VEHICULO - TAREA REPARACION DE CAÑO DE ESCAPE COMPRENDE EL CAMBIO Y REEMPLAZO DE FLEXIBLE Y CATALIZADOR EN VEHICULO VOLKSWAGEN POLO PATENTE AA801WN Y REPARACION DE CATALIZADOR DESOBSTRUCCION Y LIMPIEZA EN VEHICULO CHEVROLE,,,,,1,206000
,,,,,,,,,,
,,,,,,,,,,
,,,,,,,,,,
,,,,,,,,,,
,,616,04/15/2026,PAMIOS,110,45,1110103000,,998150,Sol.de Gastos
,,,,,,,,,,
,,,2.7.9.00644.0533,TORNILLO - USO T1 PARA DURLOCK,,,,,300,36
,,,,,,,,,,
,,,,,,,,,,
,,,,,,,,,,
,,,,,,,,,,
,,617,04/15/2026,DPRDNN,132,24,1110107000,,1169500,Sol.de Gastos
,,,,,,,,,,
,,,2.7.9.01625.0093,CERRADURA - TIPO PRIVE  200. PESTILLO ABATIBLE. BIDIRECCIONAL - LLAVE PALETA  ,,,,,7,30000
,,,,,,,,,,
,,,,,,,,,,
,,,,,,,,,,
,,,,,,,,,,
,,618,04/15/2026,DHMORO,110,12,1110104000,,6280000,Sol.de Gastos
,,,,,,,,,,
,,,2.9.5.05732.0002,ANOSCOPIO - RECTOSCOPIO - MATERIAL DESCARTABLE - MEDIDAS 25cm.  DE LARGO x 2cm. - PRESENTACION CAJA x 25 UNIDADES (CÓDIGO 53130),,,,,2,2000000
,,,,,,,,,,
,,,,,,,,,,
,,,,,,,,,,
,,,,,,,,,,
,,619,04/15/2026,DESARR,132,24,1110107000,,3743564,Sol.de Gastos
,,,,,,,,,,
,,,2.9.4.00689.0009,"CUCHILLO - TIPO CARNICERO - MEDIDA 25 CM 10"" - MATERIAL ACERO INOXIDABLE",,,,,2,17693
,,,,,,,,,,
,,,,,,,,,,
,,,,,,,,,,
,,,,,,,,,,
,,620,04/15/2026,PREYCO,110,58,1110116000,,4000000,Ped.Suministros
,,,,,,,,,,
,,,4.3.4.00143.0003,TELEFONO CELULAR - de 126 GB o más. Pantalla: OLED LTPO Super Retina XDR de 6.3 pulgadas con tecnología ProMotion 120 Mhz.  4K Dolby Visión a 120cps. Procesador: Chip A18 Pro (6 núcleos). Cámara Principal: 48 MP Fusion con estabilización óptica.Teleobjeti,,,,,1,4000000
,,,,,,,,,,
,,,,,,,,,,
,,,,,,,,,,
,,,,,,,,,,
,,621,04/16/2026,6EDUDC,110,24,1110107000,,1018566,Sol.de Gastos
,,,,,,,,,,
,,,3.3.3.01627.0048,MANTENIMIENTO MATAFUEGOS - TIPO HALLOCLEAN - TAREA RECARGA X 5KG,,,,,1,485310
,,,,,,,,,,
,,,,,,,,,,
,,,,,,,,,,
,,,,,,,,,,
,,622,04/16/2026,DHMORO,110,12,1110104000,,48795000,Ped.Suministros
,,,,,,,,,,
,,,2.5.2.02551.0168,REACTIVO - DETERMINACION TSH.,,,,,3600,3700
,,,,,,,,,,
,,,,,,,,,,
,,,,,,,,,,
,,,,,,,,,,
,,623,04/16/2026,6DLOGI,110,15,1110105000,,12800000,Sol.de Gastos
,,,,,,,,,,
,,,3.3.2.02460.0023,REPARACION DE CAMION CAMIONETA Y EQ.VIALES - DESCRIPCION = REPARACION DE SISTEMA DE INYECCION COMPLETO - REEMPLAZO DE TOBERAS Y RETENES DE BOMBA - REEMPLAZO DE FILTRO DE GAS OIL PRINCIPAL Y SECUNDARIO - REEMPLAZO DE FILTRO DE AIRE PRIMARIO Y SECUNDARIO - ,,,,,1,12800000
,,,,,,,,,,
,,,,,,,,,,
,,,,,,,,,,
,,,,,,,,,,
,,625,04/16/2026,FSO,110,37,1110200000,,450000,Sol.de Gastos
,,,,,,,,,,
,,,2.9.3.06575.0001,TUBO LED - DE 18 W DE 120 CM,,,,,50,5000
,,,,,,,,,,
,,,,,,,,,,
,,,,,,,,,,
,,,,,,,,,,
,,626,04/16/2026,POLCUT,110,58,1110116000,,22900000,Sol.de Gastos
,,,,,,,,,,
,,,3.2.9.03837.0012,"ALQUILER ESCENARIO - DESCRIPCION : 1 ESCENARIO DE ESTRUCTURA TUBULAR MULTIDIRECCIONAL- MEDIDAS 5.14 MTS DE FRENTE X 5.14 MTS DE FONDO X 0.80 MTS DE ALTO CON ESPALDA DE 3 MTS DE ALTO-PISO PINTADO, TODOS SUS LADOS Y ESPALDA ENTELADA (PARA PEÑAS EN PLAZA BER",,,,,3,1800000
,,,,,,,,,,
,,,,,,,,,,
,,,,,,,,,,
,,,,,,,,,,
,,627,04/16/2026,26ALBV,110,58,1110116000,,2597400,Sol.de Gastos
,,,,,,,,,,
,,,2.5.5.00570.0004,ESMALTE SINTETICO - TIPO ALBA - COLOR BLANCO - CAPACIDAD LATA X 4 LITROS,,,,,2,55400
,,,,,,,,,,
,,,,,,,,,,
,,,,,,,,,,
,,,,,,,,,,
,,628,04/16/2026,TINTED,110,58,1110116000,,909900,Sol.de Gastos
,,,,,,,,,,
,,,2.9.4.05437.0003,PLACA - MATERIAL METALEX BASE DE MADERA - MEDIDAS 40 X 30,,,,,3,175400
,,,,,,,,,,
,,,,,,,,,,
,,,,,,,,,,
,,,,,,,,,,
,,629,04/17/2026,26ALBV,110,58,1110116000,,2026100,Sol.de Gastos
,,,,,,,,,,
,,,2.3.4.00938.0016,SERVILLETA DE PAPEL - TIPO LISAS - COLOR BLANCO - MOTIVO SIN - DIMENSION 33  X 33 - PRESENTACION EN CAJA X 1000 UNIDADES CADA UNA. TIPO ELITE,,,,,20,18000
,,,,,,,,,,
,,,,,,,,,,
,,,,,,,,,,
,,,,,,,,,,
,,630,04/17/2026,TINTED,110,58,1110116000,,940000,Sol.de Gastos
,,,,,,,,,,
,,,3.9.9.06805.0005,SERVICIO DE DESAYUNO - DESCRIPCION PARA 200 PERSONAS.  EL SERVICIO INCLUYE:  INFUSIONES.  MEDIALUNAS.,,,,,1,940000
,,,,,,,,,,
,,,,,,,,,,
,,,,,,,,,,
,,,,,,,,,,
,,631,04/17/2026,DHMORO,110,12,1110104000,,9450000,Sol.de Gastos
,,,,,,,,,,
,,,2.5.2.01821.0021,"ANTIBIOTICOS - DROGA GENERICA CEFTAZIDIMA 2gr.  + AVIBACTAM 0,5gr. - FORMA FARMACEUTICA FRASCO/AMPOLLA.",,,,,21,400000
,,,,,,,,,,
,,,,,,,,,,
,,,,,,,,,,
,,,,,,,,,,
,,632,04/17/2026,DHMORO,110,12,1110104000,,3000000,Sol.de Gastos
,,,,,,,,,,
,,,3.3.3.08134.0001,"MANTENIMIENTO PREVENTIVO INSTRUMENTAL QUIERURGICO - INCLUYE AFILADO, ELECTROPULIDO, GRABADO LASER Y ARREGLOS EN GENERAL DE CADA INSTRUMENTAL, SEGUN EL SIGUIENTE DETALLE:  -CLIPADORA  -TROCARS  -PUNZON  -PINZA GRASPER  -PINZA BIPOLAR  -TIJERAS DE LAPARO  -",,,,,1,3000000
,,,,,,,,,,
,,,,,,,,,,
,,,,,,,,,,
,,,,,,,,,,
,,633,04/17/2026,SFAINF,110,69,1110106000,,2156822.27,Sol.de Gastos
,,,,,,,,,,
,,,2.7.9.01241.0002,MEMBRANA C/ALUMINIO - ESPESOR 4MM - ESPESOR ALUMINIO 40Mn - DENSIDAD 0,,,,,15,92079.85
,,,,,,,,,,
,,,,,,,,,,
,,,,,,,,,,
,,,,,,,,,,
,,634,04/17/2026,DPDPSN,132,24,1110107000,,1684916,Sol.de Gastos
,,,,,,,,,,
,,,2.3.4.01079.0001,PAÑUELO DE PAPEL - PAÑUELOS DESCARTABLES PACK X 30   X 6 UNIDADES,,,,,4,15000
,,,,,,,,,,
,,,,,,,,,,
,,,,,,,,,,
,,,,,,,,,,
,,635,04/17/2026,SECTYT,110,73,1110127000,,1900000,Sol.de Gastos
,,,,,,,,,,
,,,3.3.3.02629.0001,"MANT. DE BRAZO HIDRAULICO - MANTENIMIENTO Y COLOCACI{ON BOMBA HIDRAULICA MARCA LIVENZA, REPOSICION DE LIQUIDO HIDRAULICO",,,,,1,1900000
,,,,,,,,,,
,,,,,,,,,,
,,,,,,,,,,
,,,,,,,,,,
,,636,04/17/2026,26CIUD,110,58,1110116000,,8070900,Sol.de Gastos
,,,,,,,,,,
,,,3.1.5.01384.0001,"DISTRIBUCION DE CORREOS - CONTRATACION DE SERVICIO PARA ENVIO DE CORRESPONDENCIA HASTA LA SUMA DE $8.070.900 (PESOS OCHO MILLONES SETENTA MIL NOVECIENTOS) PARA EL ENVÍO MENSUAL APROXIMADO DE 2400 CARTAS SIMPLES - 80 CARTAS A. RECIBO - 50 CARTAS DOCUMENTO,",,,,,1,8070900
,,,,,,,,,,
,,,,,,,,,,
,,,,,,,,,,
,,,,,,,,,,
,,637,04/17/2026,SECTYT,110,73,1110127000,,7768200,Sol.de Gastos
,,,,,,,,,,
,,,3.3.4.04553.0001,"SERVICIO DE DEMARCACION VIAL - SERVICIO DE DEMARCAC ION VIAL - SERVICIO DE DEMARCACION VIAL - PROVISION Y COLOCACION DE 100 (CIEN) DELINEADORES Y SUS ACCESORIOS. DELINEADORES REBATIBLES DE FORMA T, FABRICADO EN MATERIAL COPOLIMERO FLEXIBLE, CON FILTRO UV ",,,,,100,77682
,,,,,,,,,,
,,,,,,,,,,
,,,,,,,,,,
,,,,,,,,,,
,,638,04/17/2026,6EDUDC,110,24,1110107000,,24753464,Sol.de Gastos
,,,,,,,,,,
,,,2.7.9.01241.0002,MEMBRANA C/ALUMINIO - ESPESOR 4MM - ESPESOR ALUMINIO 40Mn - DENSIDAD 0,,,,,200,92079.85
,,,,,,,,,,
,,,,,,,,,,
,,,,,,,,,,
,,,,,,,,,,
,,639,04/17/2026,SECTYT,110,73,1110127000,,675927.16,Sol.de Gastos
,,,,,,,,,,
,,,4.3.2.00146.0001,"BICICLETA - BICICLETA - RODADO 12 PARA NIÑOS Y NIÑAS, CON CAÑO BAJO, ESTRUCTURA RESISTENTE CON DISEÑO ERGONOMICO PARA MAYOR SEGURIDAD, RUEDAS INFLABLES CON CAMARA Y CUBIERTA, MONTADAS SOBRE LLANTAS DE ALUMINIO CON RAYOS (NO PLASTICAS) - ESTABILIZADORES (R",,,,,4,117800
,,,,,,,,,,
,,,,,,,,,,
,,,,,,,,,,
,,,,,,,,,,
,,640,04/17/2026,SECTYT,110,73,1110127000,,124000,Sol.de Gastos
,,,,,,,,,,
,,,2.3.3.07274.0001,BANNERS - DESCRIPCION BANNER - 085 CM DE ANCHO X 200 CM DE ALTO FULL COLOR UV CON ESTRUCTURA ROLL ON,,,,,1,124000
,,,,,,,,,,
,,,,,,,,,,
,,,,,,,,,,
,,,,,,,,,,
,,641,04/20/2026,DHMORO,110,12,1110104000,,16934140,Sol.de Gastos
,,,,,,,,,,
,,,2.5.2.02551.0450,REACTIVO - TIPO TARJETA IDENTIFICACIÓN ABO/RH CON GEL PARA NEONATOS TIPO DIAMED,,,,,10,940412
,,,,,,,,,,
,,,,,,,,,,
,,,,,,,,,,
,,,,,,,,,,
,,642,04/20/2026,TINTED,110,58,1110116000,,2000000,Sol.de Gastos
,,,,,,,,,,
,,,3.2.9.07027.0001,SERVICIO DE LUCES Y SONIDO - SONIDO 4 CAJAS 450W EN TRIPODE.  CONSOLA DE 8 CANALES.  MICROFONO INALAMBRICO.  OPERADOR.  TRANSPORTE.  PC.,,,,,1,2000000
,,,,,,,,,,
,,,,,,,,,,
,,,,,,,,,,
,,,,,,,,,,
,,643,04/20/2026,POLMEJ,110,24,1110107000,,1748300,Ped.Suministros
,,,,,,,,,,
,,,2.5.8.01533.0002,POLIPROPILENO - TIPO TRANSICIÓN DE PVC A FUNDICIÓN DE 110 A 120 MM. - INCLUYE ORRING.,,,,,2,12000
,,,,,,,,,,
,,,,,,,,,,
,,,,,,,,,,
,,,,,,,,,,
,,644,04/20/2026,SCIUDA,110,50,1110117000,,280000,Sol.de Gastos
,,,,,,,,,,
,,,2.3.3.07305.0001,"BANNER - MEDIDAS 80 X 200 CM - MODELO ROLL UP CON BOLSO DE TRASLADO, CON LEYENDA A DESIGNAR.",,,,,2,140000
,,,,,,,,,,
,,,,,,,,,,
,,,,,,,,,,
,,,,,,,,,,
,,645,04/20/2026,DPRDNN,132,24,1110107000,,2131000,Sol.de Gastos
,,,,,,,,,,
,,,4.3.7.04843.0001,"CASILLERO - DESCRIPCION TIPO LOOCKER METÁLICO, PINTADO, DE 9 PUERTAS CORTAS - GARANTIA 1 CON CERRADURA INCORPORADO. COLOR A SER ACORDADO",,,,,2,1065500
,,,,,,,,,,
,,,,,,,,,,
,,,,,,,,,,
,,,,,,,,,,
,,646,04/20/2026,6DLOGI,110,15,1110105000,,31828000,Sol.de Gastos
,,,,,,,,,,
,,,2.4.4.00635.0007,NEUMATICO P/CAMIONETA - CONSTRUCCION CONVENCIONAL - Nº TELAS 4 - MEDIDAS 225/75-16 - USO AMBULANCIAS    ,,,,,20,190000
,,,,,,,,,,
,,,,,,,,,,
,,,,,,,,,,
,,,,,,,,,,
,,647,04/20/2026,TINTED,110,58,1110116000,,2211730,Sol.de Gastos
,,,,,,,,,,
,,,2.9.2.04531.0001,BANDERAS PLASTICAS - MEDIDAS 15 X 21 CM. ARGENTINAS x144u,,,,,35,61350
,,,,,,,,,,
,,,,,,,,,,
,,,,,,,,,,
,,,,,,,,,,
,,648,04/20/2026,DHMORO,110,12,1110104000,,5400000,Sol.de Gastos
,,,,,,,,,,
,,,2.5.2.02551.0973,REACTIVO - GASES EN SANGRE - SODIO/ POTASIO/ CLORURO/ CALCIO IONICO/ HEMATOCRITO/ LACTATO - INCLUYE 3 CAJAS DE CONTROL NORMAL/CONTROL ALTO/CONTROL BAJO - LOS MISMOS SERAN PROVISTOS A REQUERIMIENTO.,,,,,600,9000
,,,,,,,,,,
,,,,,,,,,,
,,,,,,,,,,
,,,,,,,,,,
,,649,04/20/2026,DESARR,132,24,1110107000,,3947208,Sol.de Gastos
,,,,,,,,,,
,,,2.5.2.01725.0002,ANTIINFLAMATORIO - TIPO MONODROGA - DROGA GENERICA DICLOFENAC POTASICO - FORMA FARMACEUTICA AMPOLLA - PRESENTACION 75mg.,,,,,10,11295
,,,,,,,,,,
,,,,,,,,,,
,,,,,,,,,,
,,,,,,,,,,
,,650,04/20/2026,DPDPSN,132,24,1110107000,,230500,Sol.de Gastos
,,,,,,,,,,
,,,2.2.9.06985.0001,AGUJA - CBX AGUJA LANA PLASTICA X UNIDAD,,,,,15,500
,,,,,,,,,,
,,,,,,,,,,
,,,,,,,,,,
,,,,,,,,,,
,,651,04/20/2026,DPRDNN,132,24,1110107000,,388875,Sol.de Gastos
,,,,,,,,,,
,,,2.1.1.00704.0013,ALFAJOR - RELLENO DULCE DE LECHE - COBERTURA AZUCAR IMPALPABLE - PESO 50GR - PRESENTACION CAJA X 40 UNIDADES. TIPO GUAYMALLEN O SIMILAR,,,,,5,17000
,,,,,,,,,,
,,,,,,,,,,
,,,,,,,,,,
,,,,,,,,,,
,,652,04/20/2026,6SSEGO,110,41,1110111000,,1926390,Ped.Suministros
,,,,,,,,,,
,,,2.9.6.00998.0001,BUJE P/VEHICULOS - PARA SELECTORA DE CAMBIO VEHICULO IVECO TECTOR(PATENTE PLF852),,,,,1,10000
,,,,,,,,,,
,,,,,,,,,,
,,,,,,,,,,
,,,,,,,,,,
,,653,04/21/2026,DIRVIA,110,15,1110105000,,399680000,Sol.de Gastos
,,,,,,,,,,
,,,2.5.5.01939.0002,PINTURA VIAL - CAPACIDAD 20 LTS. - COLOR BLANCO-NORMA SELLO IRAM 1221- TIPO LUMICOT,,,,,350,294000
,,,,,,,,,,
,,,,,,,,,,
,,,,,,,,,,
,,,,,,,,,,
,,654,04/21/2026,6LOGIS,110,45,1110103000,,1460000,Sol.de Gastos
,,,,,,,,,,
,,,2.9.3.08143.0001,MEGA CANAL -  DE 2 METROS- 3 VIAS,,,,,10,50000
,,,,,,,,,,
,,,,,,,,,,
,,,,,,,,,,
,,,,,,,,,,
,,655,04/21/2026,6DESAH,110,24,1110107000,,8034000,Ped.Suministros
,,,,,,,,,,
,,,5.1.4.03280.0001,DESTAPE DE POZOS CIEGOS PARA FAMILIAS CARENCIADAS - DOMICILIADAS EN EL MUNICIPIO DE MORON. SE DEBERA INCLUIR DESTAPACION DE POZO Y CAMARA SEPTICA HASTA 6000 LITROS,,,,,39,206000
,,,,,,,,,,
,,,,,,,,,,
,,,,,,,,,,
,,,,,,,,,,
,,656,04/21/2026,6DESAH,131,24,1110107000,,500000,Ped.Suministros
,,,,,,,,,,
,,,3.1.5.01384.0001,DISTRIBUCION DE CORREOS - HASTA AGOTAR LA SUMA DE $ 500.000.- TIPO DE CARTA SOLICITADA: ENVIO DE CARTA CERTIFICADA PLUS HASTA 150 GRS  COTIZAR COSTO UNITARIO DEL SERVICIO.-,,,,,1,500000
,,,,,,,,,,
,,,,,,,,,,
,,,,,,,,,,
,,,,,,,,,,
,,657,04/21/2026,6DESAH,110,24,1110107000,,8029000,Ped.Suministros
,,,,,,,,,,
,,,5.1.4.05125.0007,PAÑALES - DESCARTABLE CON GEL  PARA NIÑOS TAMAÑO  XXG,,,,,18500,434
,,,,,,,,,,
,,,,,,,,,,
,,,,,,,,,,
,,,,,,,,,,
,,658,04/21/2026,RLPROC,110,66,1110125000,,906701,Sol.de Gastos
,,,,,,,,,,
,,,2.3.3.04540.0002,AFICHETA - - TAMAÑO HOJA  A 4 - PAPEL OBRA 300 GM. SE ADJUNTA MODELO,,,,,300,1324.67
,,,,,,,,,,
,,,,,,,,,,
,,,,,,,,,,
,,,,,,,,,,
,,659,04/21/2026,DPDPSN,132,24,1110107000,,890000,Sol.de Gastos
,,,,,,,,,,
,,,3.3.1.07138.0001,SERVICIO DE DESAGOTE - DE POZO SEPTICO Y CAMARA - 12.000 LITROS - PERIODO DE PRESTACION DEL SERVICIO. : 3 MESES.,,,,,2,445000
,,,,,,,,,,
,,,,,,,,,,
,,,,,,,,,,
,,,,,,,,,,
,,660,04/21/2026,26GIRS,110,58,1110116000,,2352958,Sol.de Gastos
,,,,,,,,,,
,,,3.3.3.06493.0002,MANTENIMIENTO DE CINTA DE CLASIFICACION DE RESIDUOS - - Limpieza e inspección caminos de cinta  - Limpieza e inspección de rodillo tensor y motriz  - Limpieza de rodillo de retorno  - Control centrado y tensado de banda   - Limpieza cuadro elétrico  - Con,,,,,2,1176479
,,,,,,,,,,
,,,,,,,,,,
,,,,,,,,,,
,,,,,,,,,,
,,661,04/21/2026,6 SIT,110,45,1110103000,,7150000,Sol.de Gastos
,,,,,,,,,,
,,,4.8.1.01748.0044,LICENCIAS - SOFTWARE . - SISTEMA OPERATIVO WINDOWS 11 PRO  64 bits OEM (fisica),,,,,5,550000
,,,,,,,,,,
,,,,,,,,,,
,,,,,,,,,,
,,,,,,,,,,
,,662,04/21/2026,6 SIT,110,45,1110103000,,2398100,Sol.de Gastos
,,,,,,,,,,
,,,2.9.9.08145.0001,"RED PROTECCIÓN BALCON - KIT AUTO INSTALABLE DE RED TRANSPARENTE DE PROTECCIÓN DE BALCÓN MARCA ""IDEA RED MONOFILAMENTO"" MEDIDAS DE CADA KIT: LARGO 600 CM - ALTO 300CM - ESPESOR 0,8 MM - FORMA DE LA MALLA: ROMBOIDAL - TAMAÑO DE LA MALLA 5: CM - RESISTENCIA ",,,,,3,58000
,,,,,,,,,,
,,,,,,,,,,
,,,,,,,,,,
,,,,,,,,,,
,,663,04/21/2026,SECTYT,110,73,1110127000,,1086000,Sol.de Gastos
,,,,,,,,,,
,,,2.9.6.07447.0001,CINTA DE CORTE - CINTA DE CORTE - DESCRIPCION PRESENTACION EN ROLLO - CINTA DE  PELIGRO ROLLO POR 200 MT.,,,,,250,4344
,,,,,,,,,,
,,,,,,,,,,
,,,,,,,,,,
,,,,,,,,,,
,,664,04/21/2026,6LOGIS,110,45,1110103000,,735000,Sol.de Gastos
,,,,,,,,,,
,,,2.9.6.04004.0003,BIELETAS - DESTINO - CITROEN BERLINGO FURGON PATENTE AC113XX- PRESENTACION KIT DE DOS BIELETAS.,,,,,2,24000
,,,,,,,,,,
,,,,,,,,,,
,,,,,,,,,,
,,,,,,,,,,
,,665,04/22/2026,6EDUDC,110,24,1110107000,,1408825,Ped.Suministros
,,,,,,,,,,
,,,2.9.6.05224.0001,CABLE - TIPO TALLER 5 X 2 1/2 X METRO,,,,,30,7525
,,,,,,,,,,
,,,,,,,,,,
,,,,,,,,,,
,,,,,,,,,,
,,666,04/22/2026,6EDUDC,110,24,1110107000,,1952895,Sol.de Gastos
,,,,,,,,,,
,,,2.1.1.00541.0006,CARNE - ESPECIE VACUNA - CORTE PICADA COMUN.,,,,,27,11000
,,,,,,,,,,
,,,,,,,,,,
,,,,,,,,,,
,,,,,,,,,,
,,667,04/22/2026,DHMORO,110,12,1110104000,,3700000,Sol.de Gastos
,,,,,,,,,,
,,,2.9.6.07661.0002,"DISCO SOLIDO - DESCRIPCION DISCO SOLIDO INTERNO SSD 2048 GB, 2,5"" SATA III TIPO HIKSEMI",,,,,2,350000
,,,,,,,,,,
,,,,,,,,,,
,,,,,,,,,,
,,,,,,,,,,
,,668,04/22/2026,URIING,110,45,1110103000,,369580,Sol.de Gastos
,,,,,,,,,,
,,,2.7.9.01476.0015,"LLAVE DE PASO - USO P/LIQUIDOS - MATERIAL BRONCE - TIPO ESFERICA - MEDIDAS 1/2""",,,,,1,5000
,,,,,,,,,,
,,,,,,,,,,
,,,,,,,,,,
,,,,,,,,,,
,,669,04/22/2026,SECTYT,110,73,1110127000,,296000,Sol.de Gastos
,,,,,,,,,,
,,,2.5.8.04701.0010,LONA VINÍLICA - MEDIDAS 8 MT LARGO X 4 MT ANCHO - DESCRIPCION : LONA VINILICA IMPRESA FULL COLOR UV ALTO TRANSITO,,,,,1,296000
,,,,,,,,,,
,,,,,,,,,,
,,,,,,,,,,
,,,,,,,,,,
,,670,04/22/2026,DHMORO,110,12,1110104000,,32000000,Sol.de Gastos
,,,,,,,,,,
,,,2.5.2.03441.0002,BOLSAS DE ALIMENTACION PARENTERAL - DESCARTABLE PARA NEO DE 0 a 300ml. CON O SIN LIPIDOS,,,,,20,960000
,,,,,,,,,,
,,,,,,,,,,
,,,,,,,,,,
,,,,,,,,,,
,,671,04/22/2026,FSO,110,37,1110200000,,3000000,Sol.de Gastos
,,,,,,,,,,
,,,3.5.3.02165.0001,"SERVICIO DE IMPRESION - INCLUYE PROVISION DE EQUIPOS, SERVICIOS TECNICOS Y TODOS LOS INSUMOS Y REPUESTOS NECESARIOS PARA EL NORMAL FUNCIONAMIENTO DE LOS EQUIPOS COMO: CILINDRO, TONER, REVELADOR, FOTOCONDUCTOR, ACEITE SILICONADO, ETC. COMO ASI TAMBIEN EL S",,,,,1,3000000
,,,,,,,,,,
,,,,,,,,,,
,,,,,,,,,,
,,,,,,,,,,
,,672,04/22/2026,ESTR,110,41,1110111000,,26910000,Sol.de Gastos
,,,,,,,,,,
,,,3.4.6.08044.0001,SERVICIO DE MANTENIMIENTO DE SISTEMAS ESPECIFICOS - SERVICIO DE MANTENIMIENTO DE PLATAFORMA ADMINISTRACIÓN Y GESTIÓN DE TRÁMITES QUE COMPRENDE: *-analisis y desarrollo de programación de nuevas modalidades o cambios de las existentes sin ningun tipo de re,,,,,9,2990000
,,,,,,,,,,
,,,,,,,,,,
,,,,,,,,,,
,,,,,,,,,,
,,673,04/22/2026,FSO,110,37,1110200000,,1780000,Sol.de Gastos
,,,,,,,,,,
,,,2.1.1.00705.0001,LECHE - ESTADO LIQUIDA - TIPO ENTERA - PROCESO PASTEURIZADA - LARGA VIDA - CONTENIDO 1 LITRO- VENCIMIENTO PROLONGADO,,,,,120,1500
,,,,,,,,,,
,,,,,,,,,,
,,,,,,,,,,
,,,,,,,,,,
,,674,04/22/2026,FSO,110,37,1110200000,,312366,Sol.de Gastos
,,,,,,,,,,
,,,2.9.1.00646.0027,BOLSA DE RESIDUOS - DIMENSION 80 x 110 - PRESENTACION PAQ. X 50 BOLSAS - COLOR NEGRO,,,,,6,14876
,,,,,,,,,,
,,,,,,,,,,
,,,,,,,,,,
,,,,,,,,,,
,,675,04/22/2026,6PERCA,132,24,1110107000,,409500,Sol.de Gastos
,,,,,,,,,,
,,,2.9.2.02088.0019,"SELLO - MATERIAL MADERA - SELLO OVAL- 5CM X 3, CM- CON ESCUDO MUNICIPAL Y CUATRO LIEAS(DIR. DE POLITICAS PARA PERS. EN SIT. DE CALLE)",,,,,1,60000
,,,,,,,,,,
,,,,,,,,,,
,,,,,,,,,,
,,,,,,,,,,
,,676,04/22/2026,PREYCO,110,58,1110116000,,5948000,Ped.Suministros
,,,,,,,,,,
,,,3.5.9.02176.0001,"SEGUIMIENTO DE MEDIOS - Seguimiento de medios - Cobertura de todas las noticias las 24hs relacionadas con el Municipio de Morón que aparezcan en radio, TV,Web, Internet  y gráfica ,con copia y envío de informe de audio y video via mail de todas las notica",,,,,2,2974000
,,,,,,,,,,
,,,,,,,,,,
,,,,,,,,,,
,,,,,,,,,,
,,677,04/23/2026,DHMORO,110,12,1110104000,,2040000,Sol.de Gastos
,,,,,,,,,,
,,,3.3.3.02188.0040,"REPARACION DE EQUIPOS HOSPITALARIOS - REPARACION DE CARDIOVERSOR MARCA DYNE MODELO UCP-210 SEGUN EL SIGUIENTE DETALLE:  -REPARACION, MANTENIMIENTO, VERIFICACION DE PERFORMANCE Y CUMPLIMIENTO DE NORMAS APLICABLES DE CARDIOVERSOR DYNE MODELO UCP-210 SERIE N",,,,,1,700000
,,,,,,,,,,
,,,,,,,,,,
,,,,,,,,,,
,,,,,,,,,,
,,678,04/23/2026,6EDUDC,110,24,1110107000,,2720000,Sol.de Gastos
,,,,,,,,,,
,,,2.1.1.00611.0007,CREMA - TIPO PASTEURIZADA - ENVASE POTE PLASTICO - CONTENIDO 200cm¦.,,,,,300,2020
,,,,,,,,,,
,,,,,,,,,,
,,,,,,,,,,
,,,,,,,,,,
,,679,04/23/2026,6EDUDC,110,24,1110107000,,2010158.8,Sol.de Gastos
,,,,,,,,,,
,,,2.1.1.00435.0001,ARROZ - GRANO LARGO - TIPO BLANCO - PROCESO SIN CASCARA - ENVASE CAJA - CAPACIDAD 1Kg.,,,,,8,4200
,,,,,,,,,,
,,,,,,,,,,
,,,,,,,,,,
,,,,,,,,,,
,,680,04/23/2026,DHMORO,110,12,1110104000,,1605000,Ped.Suministros
,,,,,,,,,,
,,,2.9.6.01525.0007,CORREA P/AUTOMOTOR/CAMION - KIT CORREA DISTRIBUCION PARA CITROEN BERLINGO HDI 1.6.,,,,,2,200000
,,,,,,,,,,
,,,,,,,,,,
,,,,,,,,,,
,,,,,,,,,,
,,681,04/23/2026,URIING,110,45,1110103000,,60780000,Sol.de Gastos
,,,,,,,,,,
,,,3.9.9.06763.0001,SERVICIO DE MENSAJERIA - SERVICIO DE MENSAJERIA PARA LA ENTREGA DE BOLETAS FUERA DE AL JURISDICCION A REQUERIMIENTO DEL AREA,,,,,30000,2026
,,,,,,,,,,
,,,,,,,,,,
,,,,,,,,,,
,,,,,,,,,,
,,682,04/23/2026,DPRDNN,132,24,1110107000,,2365000,Sol.de Gastos
,,,,,,,,,,
,,,3.3.1.03536.0001,"REP. DE PUERTAS Y VENTANAS - CAMBIO DE VIDIO POR POLICARBONATO, REPARACION DE HOJAS DE VENTANAS DE ALUMINIO, COLOCACIN DE POLICARBONATO EN BAÑOS Y VENTANAS FALTANTES, CAMBIO DE POR POLICARBONATO VIDRIO PORTON PATIO, SELLADO Y PUESTA DE BURLETES. REVISION ",,,,,1,2365000
,,,,,,,,,,
,,,,,,,,,,
,,,,,,,,,,
,,,,,,,,,,
,,683,04/23/2026,DHMORO,110,12,1110104000,,750000,Ped.Suministros
,,,,,,,,,,
,,,2.9.1.00638.0008,LAVANDINA - USO LIMPIEZA GENERAL - CAPACIDAD x 5 LITROS (SE DEBERÁ ENTREGAR EN CAJAS) - PRESENTACION BIDON OSCURO ROTULADO CON GRADUACION E INSTRUCION - TAPA Y PRECINTO DE SEGURIDAD SELLADO - USO EXCLUSIVO AREA CERRADA - TIPO AYUDIN.  SE DEBERA PRESENTAR ,,,,,100,7500
,,,,,,,,,,
,,,,,,,,,,
,,,,,,,,,,
,,,,,,,,,,
,,684,04/23/2026,DHMORO,110,12,1110104000,,1708900,Sol.de Gastos
,,,,,,,,,,
,,,2.9.4.01218.0003,"CAFETERA - DE FILTRO INDUSTRIAL - CAPACIDAD 4, 5 LITROS - ACERO INOXIDABLE - AUTOMATICA - TIPO SIKLA.",,,,,2,119000
,,,,,,,,,,
,,,,,,,,,,
,,,,,,,,,,
,,,,,,,,,,
,,685,04/23/2026,DHMORO,110,12,1110104000,,6000000,Sol.de Gastos
,,,,,,,,,,
,,,2.9.6.04074.0002,REPUESTOS P/APARATOS NEONATOLOGIA - REPUESTO PARA INCUBADORA - MOTOR NATAL CARE.,,,,,5,1200000
,,,,,,,,,,
,,,,,,,,,,
,,,,,,,,,,
,,,,,,,,,,
,,687,04/23/2026,DHMORO,110,12,1110104000,,25978000,Sol.de Gastos
,,,,,,,,,,
,,,2.5.2.02551.0221,REACTIVO - MULTIDISCO COPROCULTIVO- PRESENTACION x 50 UNIDADES.,,,,,1,35000
,,,,,,,,,,
,,,,,,,,,,
,,,,,,,,,,
,,,,,,,,,,
,,688,04/23/2026,DESARR,132,24,1110107000,,744000,Sol.de Gastos
,,,,,,,,,,
,,,2.1.1.00704.0027,ALFAJOR - RELLENO DULCE DE LECHE - COBERTURA AZUCAR IMPALPABLE - PESO 38GR - PRESENTACION X CAJA DE 40U.- MARCA VIMAR/GUAYMALLEN,,,,,11,17000
,,,,,,,,,,
,,,,,,,,,,
,,,,,,,,,,
,,,,,,,,,,
,,689,04/23/2026,6POEDU,110,24,1110107000,,4683490,Ped.Suministros
,,,,,,,,,,
,,,2.3.1.00955.0001,"PAPEL AFICHE - PAPEL AFICHE, TAMAÑO STANDAR, COLORES (VERDE MANZANA, AMARILLO, BLANCO, CELESTE, ROSA, )- COLORES CLAROS",,,,,120,920
,,,,,,,,,,
,,,,,,,,,,
,,,,,,,,,,
,,,,,,,,,,
,,690,04/23/2026,6DIR1,110,57,1110122000,,5342300,Sol.de Gastos
,,,,,,,,,,
,,,2.4.3.06663.0001,GOMA - SILICONADA PARA ESTAMPADORA DE 38 X38 CM,,,,,1,114000
,,,,,,,,,,
,,,,,,,,,,
,,,,,,,,,,
,,,,,,,,,,
,,691,04/23/2026,6YORES,132,24,1110107000,,3180000,Sol.de Gastos
,,,,,,,,,,
,,,5.1.7.07256.0002,"ELEMENTOS DEPORTIVOS - COLCHONETA DE ESPUMA DE 1 X0.50 X 0,04 MTCON FUNDA DE CORDURA Y CIERRE- WOLFI  COLORES SURTIDOS",,,,,120,26500
,,,,,,,,,,
,,,,,,,,,,
,,,,,,,,,,
,,,,,,,,,,
,,692,04/23/2026,FGAJEF,110,58,1110116000,,375000,Sol.de Gastos
,,,,,,,,,,
,,,2.9.6.01739.0015,ACCES. P/CENTRAL TELEFONICA - AURICULARES FELITRON P1 FICHA RJ9,,,,,5,75000
,,,,,,,,,,
,,,,,,,,,,
,,,,,,,,,,
,,,,,,,,,,
,,693,04/23/2026,SECTYT,110,73,1110127000,,1168000,Sol.de Gastos
,,,,,,,,,,
,,,2.4.4.07694.0001,CUBIERTA PARA CAMIONETA - CUBIERTA PARA CAMIONETA - CUBIERTA TIPO MARCA FATE O SIMILAR PARA PEUGEOT PARTNER 195/55 R15,,,,,8,146000
,,,,,,,,,,
,,,,,,,,,,
,,,,,,,,,,
,,,,,,,,,,
,,694,04/23/2026,SECTYT,110,73,1110127000,,2895000,Sol.de Gastos
,,,,,,,,,,
,,,2.9.6.04204.0044,REPUESTOS P/ CICLOMOTOR Y MOTOCICLETA - REPUESTOS P/CICLOMOTOR Y MOTOCICLETA - MODELO YAMAHA FZ 250 - DESCRIPCION CUBIERTA TRASERA 130-70-17,,,,,1,173000
,,,,,,,,,,
,,,,,,,,,,
,,,,,,,,,,
,,,,,,,,,,
,,695,04/23/2026,6POEDU,110,24,1110107000,,2545384.885,Ped.Suministros
,,,,,,,,,,
,,,2.1.1.00704.0001,ALFAJOR - TIPO GUAYMALLEN  CHOCOLATE RELLENO DULCE DE LECHE X 40,,,,,20,10738.75
,,,,,,,,,,
,,,,,,,,,,
,,,,,,,,,,
,,,,,,,,,,
,,697,04/23/2026,FGAJEF,110,58,1110116000,,2939663.2,Sol.de Gastos
,,,,,,,,,,
,,,2.9.6.04344.0002,CABLE PARA MICRÓFONO - CBLE PLUG 1/4 DE X12 MTS,,,,,4,53000
,,,,,,,,,,
,,,,,,,,,,
,,,,,,,,,,
,,,,,,,,,,
,,698,04/24/2026,DHMORO,110,12,1110104000,,7393500,Sol.de Gastos
,,,,,,,,,,
,,,3.2.9.03558.0005,ALQUILER DE EQUIPAMIENTO HOSPITALARIO - EQUIPO CONCENTRADOR DE OXÍGENO CON TUBO DE BUCK UP,,,,,24,90000
,,,,,,,,,,
,,,,,,,,,,
,,,,,,,,,,
,,,,,,,,,,
,,699,04/24/2026,DERECR,110,58,1110116000,,1440000,Sol.de Gastos
,,,,,,,,,,
,,,2.9.3.04261.0003,PROYECTOR - LED - USO EXTERIOR - LUZ FRIA - POTENCIA 400W - 40000 LUMENES - IP65 - TIPO INTERELEC,,,,,6,240000
,,,,,,,,,,
,,,,,,,,,,
,,,,,,,,,,
,,,,,,,,,,
,,700,04/24/2026,6SSEGO,110,41,1110111000,,1760000,Ped.Suministros
,,,,,,,,,,
,,,2.4.4.07694.0001,CUBIERTA PARA CAMIONETA - CUBIERTA TIPO MARCA ZMAXO SIMILAR MEDIDAS 225/75R16C 121/120R  M+S PARA  JUMPER PATENTE  ACO35RN Y JUMPER PATENTE ACO 35RY,,,,,8,220000
,,,,,,,,,,
,,,,,,,,,,
,,,,,,,,,,
,,,,,,,,,,
,,701,04/24/2026,FGAJEF,110,58,1110116000,,634788.4,Sol.de Gastos
,,,,,,,,,,
,,,2.9.4.01013.0010,HIELERA - MATERIAL EXTERIOR CRISTAL - FORMATO REDONDO CON PINZA.,,,,,2,8680
,,,,,,,,,,
,,,,,,,,,,
,,,,,,,,,,
,,,,,,,,,,
,,702,04/27/2026,6COMBN,110,24,1110107000,,1280000,Sol.de Gastos
,,,,,,,,,,
,,,2.4.4.07694.0001,CUBIERTA PARA CAMIONETA - TIPO MARCA TOLEDO O SIMILAR. MEDIDAS 225/75 R 16 C,,,,,8,160000
,,,,,,,,,,
,,,,,,,,,,
,,,,,,,,,,
,,,,,,,,,,
,,703,04/27/2026,DHMORO,110,12,1110104000,,8000000,Sol.de Gastos
,,,,,,,,,,
,,,3.4.2.02498.0004,"COBERTURA DE EMERG.MEDICA - DESCRIPCION SERVICIO DE TRASLADO EN AMBULANCIA DE ALTA COMPLEJIDAD PARA ADULTOS Y ALTA COMPLEJIDAD PARA LOS SERVICIOS NEONATOLOGIA Y PEDIATRIA (UTIM), CON ASISTENCIA RESPIRATORIA MECANICA; POR LO TANTO DEBE CONTAR CON MONITORES",,,,,1,8000000
,,,,,,,,,,
,,,,,,,,,,
,,,,,,,,,,
,,,,,,,,,,
,,704,04/27/2026,SECTYT,110,73,1110127000,,1663399,Ped.Suministros
,,,,,,,,,,
,,,2.9.6.00941.0001,BATERIA - BATERIA DE MOTO TIPO 12N9 4B1 - PARA FLOTA MUNICIPAL CORRESPONDIENTE A ESTA SECRETARIA - MODELO ZR 250 LT,,,,,3,215562
,,,,,,,,,,
,,,,,,,,,,
,,,,,,,,,,
,,,,,,,,,,
,,705,04/27/2026,DHMORO,110,12,1110104000,,7080000,Sol.de Gastos
,,,,,,,,,,
,,,2.5.2.03485.0002,LECHE MATERNIZADA - TIPO SANCOR BEBE 1/NUTRILON 1/VITAL 1 - PRESENTACION LIQUIDA - CAPACIDAD ENVASE x 200ml.,,,,,3000,840
,,,,,,,,,,
,,,,,,,,,,
,,,,,,,,,,
,,,,,,,,,,
,,706,04/27/2026,SECTYT,110,73,1110127000,,169420,Sol.de Gastos
,,,,,,,,,,
,,,2.9.6.00941.0001,BATERIA - BATERIA UPS 12V7 AMPER POLOS PARALELOS PARA SEMAFORO UTILIZADO EN EVENTOS CORREPONDIENTE A LA DIRECCION DE PROMOCION Y CAPACITACION VIAL,,,,,2,84710
,,,,,,,,,,
,,,,,,,,,,
,,,,,,,,,,
,,,,,,,,,,
,,707,04/27/2026,DHMORO,110,12,1110104000,,13360000,Sol.de Gastos
,,,,,,,,,,
,,,2.9.1.00646.0007,BOLSA DE RESIDUOS - DIMENSION 50 x 70Cm - PRESENTACION PAQUETE x 10 UNIDADES - ESPESOR 30 Mn - COLOR VARIADO.,,,,,4000,650
,,,,,,,,,,
,,,,,,,,,,
,,,,,,,,,,
,,,,,,,,,,
,,708,04/27/2026,SECTYT,110,73,1110127000,,155000,Sol.de Gastos
,,,,,,,,,,
,,,4.3.7.01915.0001,PIZARRON/PIZARRA - BLANCA MAGNETICA 80 X 120 CM CON SOPORTE PEDESTAL METALICO ARMABLE CON RUEDAS,,,,,1,155000
,,,,,,,,,,
,,,,,,,,,,
,,,,,,,,,,
,,,,,,,,,,
,,709,04/27/2026,SEDELO,132,57,1110122000,,1672000,Sol.de Gastos
,,,,,,,,,,
,,,4.3.8.00232.0001,ESTAMPADORA - SUBLIMADORA COMBINADA 38X38CM CON SUBLIMADORA DE TAZAS,,,,,1,1672000
,,,,,,,,,,
,,,,,,,,,,
,,,,,,,,,,
,,,,,,,,,,
,,710,04/27/2026,SEDELO,132,57,1110122000,,326000,Sol.de Gastos
,,,,,,,,,,
,,,4.3.7.00035.0001,ARMARIO - METALICO REFORZAO -CON 2 PUERTAS- 4 ESTANTES- MEDIDAS 90X30X160 CM CON CERRADURA   SE ADJUNTA IMAGEN,,,,,1,326000
,,,,,,,,,,
,,,,,,,,,,
,,,,,,,,,,
,,,,,,,,,,
,,711,04/27/2026,DHMORO,110,12,1110104000,,15250000,Sol.de Gastos
,,,,,,,,,,
,,,2.9.1.00761.0005,GUANTES P/LIMPIEZA - TAMAÑO Nº 6 /  6 1/2 - MATERIAL LATEX.,,,,,600,4000
,,,,,,,,,,
,,,,,,,,,,
,,,,,,,,,,
,,,,,,,,,,
,,712,04/27/2026,SEDELO,132,57,1110122000,,1440998,Sol.de Gastos
,,,,,,,,,,
,,,4.3.7.00015.0001,HELADERA - EXIBIDORA VERTICAL DE 329 LTS CON 1 PUERTA,,,,,1,1120998
,,,,,,,,,,
,,,,,,,,,,
,,,,,,,,,,
,,,,,,,,,,
,,713,04/27/2026,DPRDNN,132,24,1110107000,,63888,Ped.Suministros
,,,,,,,,,,
,,,2.9.6.03889.0001,RODILLO DE PRESION - USO HP M377- M479- M477- M455,,,,,1,42592
,,,,,,,,,,
,,,,,,,,,,
,,,,,,,,,,
,,,,,,,,,,
,,714,04/27/2026,SECTYT,110,73,1110127000,,5412000,Sol.de Gastos
,,,,,,,,,,
,,,2.2.2.02036.0001,"CHALECO FLUORESCENTE - CHALECOS FLUORESCENTE DE SEGURIDAD CONFECCIONADOS EN TELA TRUCKER IMPERMEABLE CON LOGO INSTITUCIONAL DE SECRETARIA DE TRANSITO Y TRANSPORTE IMPRESOS EN FRENTE Y ESPALDA, CINTAS REFLECTIVAS, CON BOLSILLOS CON ABROJO TALLES DEL M AL X",,,,,80,32000
,,,,,,,,,,
,,,,,,,,,,
,,,,,,,,,,
,,,,,,,,,,
,,715,04/27/2026,ALUMP,110,15,1110105000,,98967000,Sol.de Gastos
,,,,,,,,,,
,,,2.9.3.04358.0001,REPUESTOS P/ELECTRONICA - DESCRIPCION LED MODULO TIPO PHILCO 60W.- DISIPADOR DE ALUMINIO CON GRASA GRAFITADA ADHIRIENDO A PLACA DE LED.  SE DEBERÁ PRESENTAR JUNTO CON LA MUESTRA EL CORRESPONDIENTE CERTIFICADO DE GARANTÍA DE AL MENOS 5 AÑOS.,,,,,1650,59980
,,,,,,,,,,
,,,,,,,,,,
,,,,,,,,,,
,,,,,,,,,,
,,716,04/27/2026,POLCUT,110,58,1110116000,,950000,Ped.Suministros
,,,,,,,,,,
,,,4.3.7.01320.0001,ATRIL - TIPO FIELD STR139 ATRIL DIRECTOR ATRIL SUPERIOR,,,,,10,95000
,,,,,,,,,,
,,,,,,,,,,
,,,,,,,,,,
,,,,,,,,,,
,,717,04/27/2026,6EDUDC,110,24,1110107000,,25705921,Ped.Suministros
,,,,,,,,,,
,,,2.9.1.07096.0004,KIT DE LIMPIEZA - TIPO N° 1 COMPLEJO - DESCRIPCION EN ARCHIVO ADJUNTO,,,,,4,1266185
,,,,,,,,,,
,,,,,,,,,,
,,,,,,,,,,
,,,,,,,,,,
,,718,04/27/2026,DERECR,110,58,1110116000,,853069859.96,Ped.Suministros
,,,,,,,,,,
,,,4.2.2.08147.0001,"REMODELACION CAMPO DE JUEGO CANCHA DE FUTBOL - COMPRENDE LA ELABORACION DEL PROYECTO, LA DIRECCION, LA PROVICION DE MATERIALES MANO DE OBRA Y LA EJECUCION DE TODOS LOS TRABAJOS NECESARIOS PARA CONCRETAR LA REMODELACION DEL CAMPO DE JUEGO DE LA CANCHA DE F",,,,,1,853069859.96
,,,,,,,,,,
,,,,,,,,,,
,,,,,,,,,,
,,,,,,,,,,
,,719,04/27/2026,DHMORO,110,12,1110104000,,3475000,Ped.Suministros
,,,,,,,,,,
,,,2.9.1.06600.0002,CARRO C/PRENSA MOPA - CARRO DE LIMPIEZA - DOBLE CON BALDE DE 25 LITROS CADA UNO- CON UNA BANDEJA PARA ACCESORIOS - CON PRENSA MOPA - VERTICAL- MATERIAL DE PVC- MEDIDA 40 X 50 X 80 - TIPO ROYCO,,,,,10,130000
,,,,,,,,,,
,,,,,,,,,,
,,,,,,,,,,
,,,,,,,,,,
,,720,04/27/2026,DHMORO,110,12,1110104000,,7740000,Sol.de Gastos
,,,,,,,,,,
,,,2.3.1.03458.0003,LIBROS OFICIALES - EDICION DE SERVICIO DE IMPRESION - TAMAÑO 40cm x 30cm - PRESENTACION DE 200 FOLIOS NUMERADOS - MONTADO - CON ENCUADRENACION TAPA DURA - COLOR VERDE - INSCRIPCION: HOSPITAL DE MORON - GUARDIA DE PEDIATRIA,,,,,4,645000
,,,,,,,,,,
,,,,,,,,,,
,,,,,,,,,,
,,,,,,,,,,
,,721,04/27/2026,RTECIO,110,45,1110103000,,352000,Sol.de Gastos
,,,,,,,,,,
,,,2.6.2.03032.0009,VIDRIO PLANO - TIPO PARA VENTANA - LAMINADO3 +3  - MEDIDAS: 127 x 104 cm,,,,,2,176000
,,,,,,,,,,
,,,,,,,,,,
,,,,,,,,,,
,,,,,,,,,,
,,722,04/27/2026,POLCUT,110,58,1110116000,,1986245.5,Ped.Suministros
,,,,,,,,,,
,,,2.9.9.08146.0001,ABRIDOR LATA DE PINTURA - DESCRIPCION  ABRIDOR DE BALDE PLASTICO TIPO EL GALGO,,,,,2,5415.9
,,,,,,,,,,
,,,,,,,,,,
,,,,,,,,,,
,,,,,,,,,,
,,723,04/28/2026,TINTED,110,58,1110116000,,1400000,Sol.de Gastos
,,,,,,,,,,
,,,2.9.9.03508.0001,ARREGLO FLORAL - ARREGLOS FLORALES- TIPO CORONA DE LAURELES -,,,,,10,140000
,,,,,,,,,,
,,,,,,,,,,
,,,,,,,,,,
,,,,,,,,,,
,,724,04/28/2026,DHMORO,110,12,1110104000,,16400000,Sol.de Gastos
,,,,,,,,,,
,,,2.5.9.00945.0013,PLACA RADIOGRAFICA - SENSIBILIDAD PELICULA DRY VIEW DVE CE - DIMENSION 20 x 25 - PRESENTACION CAJA x 125 UNIDADES TIPO CARESTREAM,,,,,40,135000
,,,,,,,,,,
,,,,,,,,,,
,,,,,,,,,,
,,,,,,,,,,
,,725,04/28/2026,POLCUT,110,58,1110116000,,7760709,Ped.Suministros
,,,,,,,,,,
,,,3.5.1.02654.0002,SERVICIO DE FLETE - DESCRIPCION . 3 VIAJES DE IDA Y VUELTA FUERA DEL PARTIDO (1 A LUJAN AGRUPACION SINFONICA MUNICIPAL Y 2 A CABA DIRECCION DE ENSEÑANZA ARTISTICA Y PATRIMONIO CULTURAL)ARTISTICA,,,,,3,747154.5
,,,,,,,,,,
,,,,,,,,,,
,,,,,,,,,,
,,,,,,,,,,
,,726,04/28/2026,DHMORO,110,12,1110104000,,7820000,Sol.de Gastos
,,,,,,,,,,
,,,2.5.2.03398.0002,CONTRASTE RADIOLOGICO - DROGA GENERICA AMIDOTRIZOATO SODICO 10%- AMIDOTRIZOATO DE MEGLUMINA 66% - FORMA FARMACEUTICA F/A - PRESENTACION x 50ml. - TIPO TRIYOSON C.,,,,,170,46000
,,,,,,,,,,
,,,,,,,,,,
,,,,,,,,,,
,,,,,,,,,,
,,727,04/28/2026,DHMORO,110,12,1110104000,,1749000,Ped.Suministros
,,,,,,,,,,
,,,2.3.1.00533.0002,SOBRE DE PAPEL SIN IMPRESION - TIPO MANILA - FORMATO 37cm. x 47cm. - GRAMAJE 80gr - COLOR MARRON - PRESENTACION x UNIDAD.,,,,,1500,530
,,,,,,,,,,
,,,,,,,,,,
,,,,,,,,,,
,,,,,,,,,,
,,728,04/28/2026,POLCUT,110,58,1110116000,,1760000,Ped.Suministros
,,,,,,,,,,
,,,4.3.9.01296.0001,MATAFUEGO - TIPO ABC POLVO DE 5 KG CON SELLO IRAM Y SELLO DPS (4 SUBSECRETARIA DE POLITICAS CULTURALES Y ARTICULACION TERRITORIAL- 2 VILLA MECENAS- 2 MuMo- 3 BIBLIOTECA),,,,,11,160000
,,,,,,,,,,
,,,,,,,,,,
,,,,,,,,,,
,,,,,,,,,,
,,729,04/28/2026,6SSEGO,110,41,1110111000,,2400000,Ped.Suministros
,,,,,,,,,,
,,,2.5.6.03443.0002,ACEITES LUBRICANTES - DESTINO CARTER DIESEL/NAFTERO - TIPO HD  SAE 20W50 API CH-4/SJ(HDX  PLUS  ESSO- SUPLEMENTO 1  YPF) - PRESENTACION TAMBOR X 205 LITROS,,,,,1,1200000
,,,,,,,,,,
,,,,,,,,,,
,,,,,,,,,,
,,,,,,,,,,
,,730,04/28/2026,SCIUDA,110,50,1110117000,,315000,Sol.de Gastos
,,,,,,,,,,
,,,2.1.1.00478.0020,"AGUA MINERAL - ENVASE PLASTICO, CAPACIDAD 500 CM3 TIPO MANAOS.",,,,,700,450
,,,,,,,,,,
,,,,,,,,,,
,,,,,,,,,,
,,,,,,,,,,
,,731,04/28/2026,SCIUDA,110,50,1110117000,,6400000,Sol.de Gastos
,,,,,,,,,,
,,,3.4.6.07853.0001,"PLATAFORMA  TECNOLOGICA INTEGRAL - MANTENIMIENTO MOBILE ANDROID ALERTA MORON. DETALLE: A EFECTOS DE PODER SUBSANAR POSIBLES ERRORES  POR CAMBIOS DE VERSIONES DE SISTEMA OPERATIVO Y GARANTIZAR AL VECINO ALTA DISPONIBILIDAD, IMPLEMENTACION Y CAPACIDAD DE UN",,,,,2,3200000
,,,,,,,,,,
,,,,,,,,,,
,,,,,,,,,,
,,,,,,,,,,
,,732,04/28/2026,DHMORO,110,12,1110104000,,10500000,Sol.de Gastos
,,,,,,,,,,
,,,3.3.3.02500.0002,MANT. DE GRUPO ELECTROGENO - MANTENIMIENTO ANUAL DE GRUPO ELECTROGENO CAT GEN C32 SERIE N°JSJ02373 SEGUN EL SIGUIENTE DETALLE:    -MANTENIMIENTO SEMESTRAL    -INSPECCION VISUAL DE LOS EQUIPOS.  -INSPECCION LINEAS DE ACEITE.  -INSPECCION LINEAS DE AIRE.  -,,,,,1,10500000
,,,,,,,,,,
,,,,,,,,,,
,,,,,,,,,,
,,,,,,,,,,
,,733,04/28/2026,DESARR,110,24,1110107000,,2853666,Sol.de Gastos
,,,,,,,,,,
,,,2.9.4.00719.0007,JARRA - TIPO PORTA SACHET - MATERIAL PLASTICO,,,,,10,2000
,,,,,,,,,,
,,,,,,,,,,
,,,,,,,,,,
,,,,,,,,,,
,,734,04/28/2026,POLCUT,110,58,1110116000,,1324226,Ped.Suministros
,,,,,,,,,,
,,,2.6.5.01442.0001,SELLADOR HIDROFUGO -  - PRESENTACION BALDE X 10Kg.,,,,,1,34075
,,,,,,,,,,
,,,,,,,,,,
,,,,,,,,,,
,,,,,,,,,,
,,735,04/29/2026,DEFEPU,110,37,1110200000,,1248400,Sol.de Gastos
,,,,,,,,,,
,,,2.1.1.00439.0001,ACEITE COMESTIBLE - TIPO DE MAIZ - ENVASE BOTELLA DE PLASTICO - CAPACIDAD 900 C.C.,,,,,8,3600
,,,,,,,,,,
,,,,,,,,,,
,,,,,,,,,,
,,,,,,,,,,
,,736,04/29/2026,DEFEPU,110,37,1110200000,,1185212,Sol.de Gastos
,,,,,,,,,,
,,,2.3.4.05032.0001,TOALLA DE PAPEL - PRESENTACIÓN ENVASE X 4 UNIDADES EN ROLLOS DE 200 MTS. CADA UNO,,,,,38,14327
,,,,,,,,,,
,,,,,,,,,,
,,,,,,,,,,
,,,,,,,,,,
,,737,04/29/2026,SEDELO,110,57,1110122000,,920640,Sol.de Gastos
,,,,,,,,,,
,,,2.6.5.07648.0001,PLACA DE CIELO RASO - AISLANTE-MATERIAL  LANA DE VIDRIO- PRESENTACION CAJA X16 UNIDADES- PARA TECHO- MEDIDAS: 121 CM X 0..61 CM- TIPO ISOVER ANDINA  SE ADJUNTA IMAGEN,,,,,48,19180
,,,,,,,,,,
,,,,,,,,,,
,,,,,,,,,,
,,,,,,,,,,
,,738,04/29/2026,6PERCA,132,24,1110107000,,3926584,Sol.de Gastos
,,,,,,,,,,
,,,2.2.2.03332.0001,COFIA - COFIA DESCARTABLE CAJA X 100,,,,,1,21000
,,,,,,,,,,
,,,,,,,,,,
,,,,,,,,,,
,,,,,,,,,,
,,739,04/29/2026,6LOGIS,110,45,1110103000,,1145032,Sol.de Gastos
,,,,,,,,,,
,,,2.3.1.00976.0004,PAPEL OBRA - PRESENTACION X 500 HOJAS- PAPEL A4 - TIPO BOREAL - COLOR BLANCO - FORMATO 210 X 297 Cm - GRAMAJE 75Gr/m2.,,,,,184,6223
,,,,,,,,,,
,,,,,,,,,,
,,,,,,,,,,
,,,,,,,,,,
,,740,04/29/2026,DERECR,110,58,1110116000,,2500000,Sol.de Gastos
,,,,,,,,,,
,,,4.3.3.02046.0001,"CARDIODESFIBRILADOR - DEA - DESFIBRILADOR EXTERNO AUTOMATICO - TIPO SCHILLER - INSTRUCCIONES POR VOZ EN CASTELLANO - PANTALLA LED - BATERIA DE 6 AÑOS DE DURACIÓN EN GUARDO, CON UN MINIMO DE 140 DESCARGAS A LA MAXIMA ENERGIA Y 6 HORAS DE FUNCIONAMIENTO INI",,,,,1,2500000
,,,,,,,,,,
,,,,,,,,,,
,,,,,,,,,,
,,,,,,,,,,
,,741,04/29/2026,SEDELO,110,57,1110122000,,4693000,Sol.de Gastos
,,,,,,,,,,
,,,2.9.3.01455.0001,TAPAS - FACEPLATE PARA 2 PUERTOS RJ 45 AMP COD 2111022-3 TIPO GLC CE-4009,,,,,30,2000
,,,,,,,,,,
,,,,,,,,,,
,,,,,,,,,,
,,,,,,,,,,
,,742,04/29/2026,6 SIT,110,45,1110103000,,4500000,Ped.Suministros
,,,,,,,,,,
,,,3.4.6.07674.0002,"SERVICIO DE INSTALACION DE FIBRA OPTICA - Enlace de Fibra Óptica, desde Dirección de Sistemas e Infraestructura TICs (Almirante Brown 946 - 3er piso) ingresando a Secretaría de Desarrollo Productivo (Brown 963 - 1er piso) y a Brown 911. Tarea llave en man",,,,,1,4500000
,,,,,,,,,,
,,,,,,,,,,
,,,,,,,,,,
,,,,,,,,,,
,,743,04/29/2026,DEFEPU,110,37,1110200000,,687211,Sol.de Gastos
,,,,,,,,,,
,,,2.9.1.00714.0001,FRANELA - DIMENSION 40 X50Cm. NARANJA DE ALGODON,,,,,5,1470
,,,,,,,,,,
,,,,,,,,,,
,,,,,,,,,,
,,,,,,,,,,
,,744,04/29/2026,SCIUDA,110,50,1110117000,,2199618,Sol.de Gastos
,,,,,,,,,,
,,,2.9.3.05921.0001,LÁMPARA LED - HP 120W- E40 LD,,,,,20,109980.9
,,,,,,,,,,
,,,,,,,,,,
,,,,,,,,,,
,,,,,,,,,,
,,745,04/29/2026,6 SIT,110,45,1110103000,,372450,Sol.de Gastos
,,,,,,,,,,
,,,2.9.3.00284.0011,"BATERIA ESPECIAL - BATERÍA CSB 12V, 9ah, Hr1234wf2 PARA UPS, EATON, APC, ABB .",,,,,6,62075
,,,,,,,,,,
,,,,,,,,,,
,,,,,,,,,,
,,,,,,,,,,
,,746,04/29/2026,DHMORO,110,12,1110104000,,19200000,Sol.de Gastos
,,,,,,,,,,
,,,2.5.2.02551.0374,REACTIVO - TIPO HEMOCULTIVO BACK ALERT PEDIÁTRICO AERÓBICO - PRESENTACION X 100 FRASCOS.,,,,,3,3200000
,,,,,,,,,,
,,,,,,,,,,
,,,,,,,,,,
,,,,,,,,,,
,,747,04/29/2026,FGAJEF,110,58,1110116000,,2246000,Sol.de Gastos
,,,,,,,,,,
,,,3.2.9.05074.0001,"ALQUILER DE BAÑOS QUÍMICOS - MODELO CON LAVAMANOS Y RETRETE. CON ENVIO, RETIRO, PERSONAL DE LIMPIEZA, IMPUESTOS Y SEGURO",,,,,10,224600
,,,,,,,,,,
,,,,,,,,,,
,,,,,,,,,,
,,,,,,,,,,
,,748,04/29/2026,PREYCO,110,58,1110116000,,1210000,Sol.de Gastos
,,,,,,,,,,
,,,3.6.1.05564.0162,"PUBLICIDAD PAGINA WEB - , en portal www.metrodiario.com.ar . Banner :300 x 250 pxl . Contenido a confirmar",,,,,2,605000
,,,,,,,,,,
,,,,,,,,,,
,,,,,,,,,,
,,,,,,,,,,
,,749,04/29/2026,PREYCO,110,58,1110116000,,5086000,Sol.de Gastos
,,,,,,,,,,
,,,2.3.3.07313.0002,"VINILO - Rollo (50 mts) de color rojo , tipo Oracal",,,,,3,500000
,,,,,,,,,,
,,,,,,,,,,
,,,,,,,,,,
,,,,,,,,,,
,,750,04/30/2026,DHMORO,110,12,1110104000,,70962500,Sol.de Gastos
,,,,,,,,,,
,,,2.5.2.01875.0018,"ANTIASMATICO BRONCODILATADOR - DROGA GENERICA BUDESONIDE - FORMA FARMACEUTICA GOTAS P/NEBULIZAR - PRESENTACION 0,10% x 20ml.",,,,,300,6000
,,,,,,,,,,
,,,,,,,,,,
,,,,,,,,,,
,,,,,,,,,,
,,751,04/30/2026,DHMORO,110,12,1110104000,,11112000,Sol.de Gastos
,,,,,,,,,,
,,,4.3.9.01296.0047,MATAFUEGO - POLVO QUIMICO SECO - APTO PARA FUEGO ABC - CAPACIDAD 5kg. - CON MANOMETRO INDICADOR DE CARGA - VALVULA DE ACCIONAMIENTO MANUAL CON SISTEMA DE SEGURIDAD - HOMOLOGADOS SEGUN NORMAS VIGENTES ( IRAM ) - CON FECHA DE VENCIMIENTO VISIBLE.,,,,,56,125000
,,,,,,,,,,
,,,,,,,,,,
,,,,,,,,,,
,,,,,,,,,,
,,752,04/30/2026,6DICEM,110,15,1110105000,,118430000,Sol.de Gastos
,,,,,,,,,,
,,,3.9.9.03518.0002,CREMACION - TIPO CREMACION DE ATAUDES CON TRASLADO Y DISPOSICION FINAL DE CENIZAS,,,,,650,111300
,,,,,,,,,,
,,,,,,,,,,
,,,,,,,,,,
,,,,,,,,,,
,,753,04/30/2026,RESALC,110,58,1110116000,,180000,Sol.de Gastos
,,,,,,,,,,
,,,2.3.3.07305.0001,"BANNER - MEDIDAS:  0.80  M. DEANCHO X 1.80 M DE LATO APROXIMADAMENTE, CON ESTRUCTURA.  FONDO COLOR OJO Y LETRAS COLOR BLANCO.  1 - LOGO DEL MUNICIPIO ,  Y DEBAJO "" DEFENSA DE USUARIOS Y CONSUMIDORES""  1 - LOGO DEL MUNICIPIO,   Y DEBAJO  ""RESOLUCION  ALTER",,,,,2,90000
,,,,,,,,,,
,,,,,,,,,,
,,,,,,,,,,
,,,,,,,,,,
,,754,04/30/2026,RESALC,110,58,1110116000,,380000,Ped.Suministros
,,,,,,,,,,
,,,2.2.2.02859.0001,"REMERA - MATERIAL ALGODON - COLOR ROJO CON EL LOGO DEL MUNICIPIOCEN COLOR BLANCO EN EL FRENTE.  - 10  IMPRESO EN LA ESPALDA EN COLOR BLANCO ""DEFENSA DE USUARIOS Y CONSUMIDORES"" (5 TALLE L), (4 TALLE XL) (1 TALLE XXL).     10 -  IMPRESO EN LA ESPALDA EN CO",,,,,20,19000
,,,,,,,,,,
,,,,,,,,,,
,,,,,,,,,,
,,,,,,,,,,
,,755,04/30/2026,6COMBN,110,24,1110107000,,780000,Sol.de Gastos
,,,,,,,,,,
,,,2.9.6.00941.0002,BATERIA - PARA VEHICULOS- TENSION NOM. 12V - CAPACIDAD DE CORRIENTE 75A. TIPO MARCA ( MOURA O BOSH),,,,,6,130000
,,,,,,,,,,
,,,,,,,,,,
,,,,,,,,,,
,,,,,,,,,,
,,756,04/30/2026,DHMORO,110,12,1110104000,,470631500,Sol.de Gastos
,,,,,,,,,,
,,,2.5.2.02198.0001,ANTIDIURETICO - DROGA GENERICA VASOPRESINA - FORMA FARMACEUTICA AMPOLLA - PRESENTACION 20UI/ml. x 1ml.,,,,,10,4500
,,,,,,,,,,
,,,,,,,,,,
,,,,,,,,,,
,,,,,,,,,,
,,757,04/30/2026,6POEDU,110,24,1110107000,,1170000,Ped.Suministros
,,,,,,,,,,
,,,2.2.2.02859.0001,"REMERA - MATERIAL ALGODON - TALLES VARIADOS - MANGA CORTA - CON LOGO EN FRENTE, DORSO Y MANGAS",,,,,45,26000
,,,,,,,,,,
,,,,,,,,,,
,,,,,,,,,,
,,,,,,,,,,
,,758,05/04/2026,DHMORO,110,12,1110104000,,7240000,Sol.de Gastos
,,,,,,,,,,
,,,3.2.9.03558.0001,ALQUILER DE EQUIPAMIENTO HOSPITALARIO - AQUILER DE 30 BOMBAS DE INFUSION VOLUMETRICA BENEFUSION VP-3.   LAS BOMBAS DEBERAN CONTAR CON CERTIFICADO DE CALIBRACION /MP VIGENTE.    EN CASO DE FALLA PROPIA DEL EQUIPO O FALLA POR MAL USO SE PROCEDERA AL REEEMPL,,,,,2,3620000
,,,,,,,,,,
,,,,,,,,,,
,,,,,,,,,,
,,,,,,,,,,
,,759,05/04/2026,6EDUDC,110,24,1110107000,,11293430,Sol.de Gastos
,,,,,,,,,,
,,,2.1.1.00605.0001,"REMOLACHA - ESTADO NATURAL,SIN HOJAS, TAMAÑO PAREJO - PRESENTACION POR KILO",,,,,32,2167
,,,,,,,,,,
,,,,,,,,,,
,,,,,,,,,,
,,,,,,,,,,
,,760,05/04/2026,DTOZOL,110,69,1110106000,,555500,Ped.Suministros
,,,,,,,,,,
,,,4.3.5.07093.0001,"GAZEBO - Gazebo 3x3 con paredes (2 paredes con  ventana, 1 ciega) Con serigrafia incluida",,,,,1,555500
,,,,,,,,,,
,,,,,,,,,,
,,,,,,,,,,
,,,,,,,,,,
,,761,05/04/2026,6SSEGO,110,41,1110111000,,115810,Sol.de Gastos
,,,,,,,,,,
,,,4.3.7.02209.0002,"SOPORTE PARA TELEVISOR - TAMAÑO LED 50"" - MATERIAL METALICO REFORSADO NEGRO, ARTICULADO GIRO HASTA 90 GRADOS.",,,,,1,115810
,,,,,,,,,,
,,,,,,,,,,
,,,,,,,,,,
,,,,,,,,,,
,,762,05/04/2026,6EDUDC,110,24,1110107000,,8540921,Sol.de Gastos
,,,,,,,,,,
,,,2.1.1.00706.0002,MATE COCIDO EN SAQUITOS - ENVASE CAJA CARTON - PRESENTACION EN SAQUITOS - CONTIENE 25 SAQUITOS - PESO X SAQ. 3 GRS. CALIDAD TARAGUI/HURLINGHAM,,,,,60,985
,,,,,,,,,,
,,,,,,,,,,
,,,,,,,,,,
,,,,,,,,,,
,,763,05/04/2026,DPSCAP,110,12,1110104000,,180000,Ped.Suministros
,,,,,,,,,,
,,,2.9.6.03863.0001,"MOTHERBOARD - PLACA MADRE SOCKET 1151 H110 HDMI DDR4 M2 6TA, 7MA, 8VA, 9NA GEN    TIPO: JS  CHIPSET: INTEL H110 EXPRESS  CPU: INTEL CORE i7/ i5/ i3 SOCKET LGA 1151  (SOPORTA PROCESADORES INTEL DE 6TA, 7MA, 8VA Y 9NA GENERACION)    MEMORIA:   2X SLOTS DDR4",,,,,1,180000
,,,,,,,,,,
,,,,,,,,,,
,,,,,,,,,,
,,,,,,,,,,
,,764,05/04/2026,DEFEPU,110,37,1110200000,,431655,Sol.de Gastos
,,,,,,,,,,
,,,2.9.2.01063.0001,TABLA P/MOUSE - PAD MOUSE TIPO GTC,,,,,5,3800
,,,,,,,,,,
,,,,,,,,,,
,,,,,,,,,,
,,,,,,,,,,
,,765,05/04/2026,POLCUT,110,58,1110116000,,6035265.37,Ped.Suministros
,,,,,,,,,,
,,,2.9.3.03475.0001,MODULO CONECTOR - INTERRUPTOR UNIPOLAR 220VCA 10A BLANCO,,,,,1,1654
,,,,,,,,,,
,,,,,,,,,,
,,,,,,,,,,
,,,,,,,,,,
,,766,05/04/2026,DHMORO,110,12,1110104000,,3915385,Sol.de Gastos
,,,,,,,,,,
,,,2.9.5.02710.0006,MALLA - PARA RECONSTRUCCIÓN DE TEJIDOS - SUMERSH DUAL T 30 x 30,,,,,1,757000
,,,,,,,,,,
,,,,,,,,,,
,,,,,,,,,,
,,,,,,,,,,
,,767,05/04/2026,SCIUDA,131,50,1110117000,,2400000,Sol.de Gastos
,,,,,,,,,,
,,,2.5.6.03443.0002,ACEITES LUBRICANTES - TIPO HD  SAE 20W 50 API CH-4/SJ )HDX PLUS - SUPLEMENTO 1- PRESENTACION TAMBOR X 205 LITROS.,,,,,1,1200000
,,,,,,,,,,
,,,,,,,,,,
,,,,,,,,,,
,,,,,,,,,,
,,768,05/05/2026,26POLA,110,58,1110116000,,1468635,Sol.de Gastos
,,,,,,,,,,
,,,2.3.3.02173.0001,DIPLOMA - MATERIAL CARTULINA - IMPRESION 2 COLORES - FORMATO 21.0 x 29 PAPEL KRAFT MISIONERO DE 130 g - HOJA A4,,,,,3500,144.36
,,,,,,,,,,
,,,,,,,,,,
,,,,,,,,,,
,,,,,,,,,,
,,769,05/05/2026,RESALC,110,58,1110116000,,3000000,Ped.Suministros
,,,,,,,,,,
,,,4.3.6.00002.0001,"COMPUTADORA PORTATIL - TIPO HP 240 G 9,  INTEL CORE 15 1235 u , 8 GB, 512 GB SSD/M.2 (LICENCIA FISICA)",,,,,2,1500000
,,,,,,,,,,
,,,,,,,,,,
,,,,,,,,,,
,,,,,,,,,,
,,770,05/05/2026,6ADGR,110,24,1110107000,,2135000,Sol.de Gastos
,,,,,,,,,,
,,,2.1.1.00455.0002,DULCE DE LECHE - TIPO Dulce de leche - ENVASE POTE - CAPACIDAD 1000gramos SIN TACC,,,,,3,15300
,,,,,,,,,,
,,,,,,,,,,
,,,,,,,,,,
,,,,,,,,,,
,,771,05/05/2026,6ADGR,110,24,1110107000,,636000,Sol.de Gastos
,,,,,,,,,,
,,,2.1.1.00478.0021,AGUA MINERAL - TIPO SIN GAS - ENVASE PLASTICO - CAPACIDAD 500 CM3  TIPO VILLAVICENCIO/VILLA MANAOS/VILLA DEL SUR SIN TACC,,,,,180,1400
,,,,,,,,,,
,,,,,,,,,,
,,,,,,,,,,
,,,,,,,,,,
,,772,05/05/2026,6ADGR,110,24,1110107000,,901820,Sol.de Gastos
,,,,,,,,,,
,,,2.1.1.00435.0001,ARROZ - GRANO LARGO - TIPO BLANCO - PROCESO SIN CASCARA - ENVASE CAJA - CAPACIDAD 1Kg. SIN TACC,,,,,2,6500
,,,,,,,,,,
,,,,,,,,,,
,,,,,,,,,,
,,,,,,,,,,
,,773,05/05/2026,6ADGR,110,24,1110107000,,758600,Sol.de Gastos
,,,,,,,,,,
,,,2.1.1.00521.0001,TOMATE - TIPO PERITA - ESTADO NATURAL - AGREGADO SIN - PRESENTACION GRANEL.,,,,,8,2500
,,,,,,,,,,
,,,,,,,,,,
,,,,,,,,,,
,,,,,,,,,,
,,774,05/05/2026,6ADGR,110,24,1110107000,,1152000,Sol.de Gastos
,,,,,,,,,,
,,,2.1.1.01351.0005,FACTURA - TIPO CHURROS RELLENOS DE DULCE DE LECHE,,,,,240,1200
,,,,,,,,,,
,,,,,,,,,,
,,,,,,,,,,
,,,,,,,,,,
,,775,05/05/2026,26CIUD,110,58,1110116000,,300000,Sol.de Gastos
,,,,,,,,,,
,,,2.9.6.00401.0001,CARTUCHO TONER - ALTERNATIVO PARA IMPRESORA HP LASERJET PRO 400 MFP M425DN,,,,,10,30000
,,,,,,,,,,
,,,,,,,,,,
,,,,,,,,,,
,,,,,,,,,,
,,776,05/05/2026,6ADGR,110,24,1110107000,,420000,Sol.de Gastos
,,,,,,,,,,
,,,2.1.1.00730.0062,HELADO - ESTADO PREPARADO - CONSISTENCIA LECHE Y CREMA - ENVASE ENVOLTORIO DE PAPEL - PRESENTACION 90GR - SABOR MIXTO. SIN TACC,,,,,120,3500
,,,,,,,,,,
,,,,,,,,,,
,,,,,,,,,,
,,,,,,,,,,
,,777,05/05/2026,6ADGR,110,24,1110107000,,752000,Sol.de Gastos
,,,,,,,,,,
,,,2.1.1.00541.0019,CARNE - ESPECIE VACUNA - CORTE NALGA,,,,,18,32000
,,,,,,,,,,
,,,,,,,,,,
,,,,,,,,,,
,,,,,,,,,,
,,778,05/05/2026,26ALBV,110,58,1110116000,,1792000,Sol.de Gastos
,,,,,,,,,,
,,,2.2.2.02859.0007,REMERA - 100% DE ALGODON COLOR ROJA CON LOGO. TALLES:  2 EN TALLE M  5 EN TALLE L  4 EN TALLE XL  4 EN TALLE XXL  4 EN TALLE XXXL  ,,,,,19,27000
,,,,,,,,,,
,,,,,,,,,,
,,,,,,,,,,
,,,,,,,,,,
,,779,05/05/2026,DPRDNN,132,24,1110107000,,162272,Sol.de Gastos
,,,,,,,,,,
,,,2.3.1.00955.0001,PAPEL AFICHE - DIMENSION 70 X 100 - COLOR VARIADO,,,,,20,970
,,,,,,,,,,
,,,,,,,,,,
,,,,,,,,,,
,,,,,,,,,,
,,780,05/05/2026,DHMORO,110,12,1110104000,,31751360,Sol.de Gastos
,,,,,,,,,,
,,,2.1.1.00617.0001,"PAPA - TIPO BLANCA, TAMAÑO PAREJO, SIN BROTES - DE 150 A 200gr CADA UNIDAD - PRESENTACION x Kg.",,,,,3200,815
,,,,,,,,,,
,,,,,,,,,,
,,,,,,,,,,
,,,,,,,,,,
,,781,05/05/2026,SEDELO,110,57,1110122000,,224000,Sol.de Gastos
,,,,,,,,,,
,,,3.3.2.04903.0004,"SERVICIO DE MANT. DE VEHÍCULO - CAMBIO DE ACEITE Y FILTROS PARA VEHICULO DE FLOTA CAMIONETA BERLINGO MOTOR 1.6 HDI DOMINIO 233OV- QUE INCLUYE: 1 TOTAL 10W40, 1 FILTRO DE ACEITE, 1 FILTRO DE AIRE, 1 FILTRO DE GASOIL, 1 FILTRO DE HABITACULO",,,,,1,224000
,,,,,,,,,,
,,,,,,,,,,
,,,,,,,,,,
,,,,,,,,,,
,,782,05/05/2026,DHMORO,110,12,1110104000,,4000000,Sol.de Gastos
,,,,,,,,,,
,,,3.3.3.05047.0019,REPARACIÓN DE EQUIPOS - REPARACION DE UPS SIEL 200K CONSISTENTE EN:  -PROVISION E INSTALACION DE PLACA DRIVER CS 329T.  PRUEBA DE FUNCIONAMIENTO Y PUESTA EN SERVICIO.,,,,,1,4000000
,,,,,,,,,,
,,,,,,,,,,
,,,,,,,,,,
,,,,,,,,,,
,,783,05/06/2026,DHMORO,110,12,1110104000,,46824560,Sol.de Gastos
,,,,,,,,,,
,,,2.1.1.00706.0002,MATE COCIDO EN SAQUITOS - SIN TACC (APTO CELIACO) - PRESENTACION CAJA x 50 SAQUITOS - PESO x SAQ. 3grs.,,,,,96,760
,,,,,,,,,,
,,,,,,,,,,
,,,,,,,,,,
,,,,,,,,,,
,,784,05/06/2026,INFRA,110,15,1110105000,,27790000,Sol.de Gastos
,,,,,,,,,,
,,,2.9.1.00646.0024,BOLSA DE RESIDUOS - DIMENSION 80 x 100 CM - PRESENTACION POR UNIDAD - ESPESOR 80 - COLOR NEGRO LISO - PRESENTACION PAQUETE x 250 UNIDADES.  ,,,,,40000,630
,,,,,,,,,,
,,,,,,,,,,
,,,,,,,,,,
,,,,,,,,,,
,,785,05/06/2026,DPSCAP,110,12,1110104000,,4888400,Sol.de Gastos
,,,,,,,,,,
,,,3.3.3.04981.0001,MANT. DE EQUIPO ODONTOLÓGICO - OBJETO DEL SERVICIO SEGÚN DETALLE: 1° CENTRO DE SALUD DR SPRINGOLO - TAPIZADO DE SILLON Y BANQUETA - COCLOCACION DE UNA JERINGA TRIPLE NUEVA Y MANGUERA NUEVA - CAMBIAR LLAVES DE AGUA DE LLENA VASO -  CAMBIAR LLAVES DE AGUA D,,,,,1,4888400
,,,,,,,,,,
,,,,,,,,,,
,,,,,,,,,,
,,,,,,,,,,
,,786,05/06/2026,SECTYT,110,73,1110127000,,7750000,Sol.de Gastos
,,,,,,,,,,
,,,3.2.9.07456.0002,SERVICIO DE ALQUILER - SERVICIO DE ALQUILER - REALIZACION DE TRASLADO MENSUALES (GRUA) TURNO (21HS A 9 HS) CON CHOFER PARA ACARREO EN VIA PUBLICA,,,,,1,4250000
,,,,,,,,,,
,,,,,,,,,,
,,,,,,,,,,
,,,,,,,,,,
,,787,05/06/2026,SUSERP,110,15,1110105000,,7446870,Sol.de Gastos
,,,,,,,,,,
,,,2.9.6.03496.0093,REPUESTOS PARA BORDEADORA/DESBROZADORA/MOTOGUADAÑA - Descripción = Cable Acelerador ( BOWDEN ) - Tipo: STIHL - Código: 4119-180-1103    ,,,,,12,51950
,,,,,,,,,,
,,,,,,,,,,
,,,,,,,,,,
,,,,,,,,,,
,,788,05/06/2026,DPRDNN,132,24,1110107000,,1029300,Sol.de Gastos
,,,,,,,,,,
,,,2.1.1.00788.0015,GALLETITAS - VARIEDAD SALADA - BIZCOCHOS - TIPO DON SATUR - PAQUETES X 200GR,,,,,180,1900
,,,,,,,,,,
,,,,,,,,,,
,,,,,,,,,,
,,,,,,,,,,
,,789,05/06/2026,INFRA,110,15,1110105000,,40022612.08,Sol.de Gastos
,,,,,,,,,,
,,,4.2.2.07780.0001,"CONSTRUCCIÓN, READECUACIÓN Y PUESTA EN VALOR - SERVICIO DE CONSTRUCCIONDE SENDERO PEATONAL EN ESPACIO PUBLICO UBICADO EN CALLE DERQUI  ENTRE CALLES DOLORES PRATS Y LEONES Y LAS VIAS DE FFCC EN LOCALIDAD DE EL PALOMAR.PROVISION DE MATERIALES Y MANO DE OBRA",,,,,1,40022612.08
,,,,,,,,,,
,,,,,,,,,,
,,,,,,,,,,
,,,,,,,,,,
,,790,05/06/2026,DESARR,110,24,1110107000,,7488744,Sol.de Gastos
,,,,,,,,,,
,,,2.1.1.00541.0018,CARNE - ESPECIE VACUNA - CORTE ROAST BEEF EN TROZOS NO MAYORES A 5 KG- FRESCA SIN CONGELAR.,,,,,158,17468
,,,,,,,,,,
,,,,,,,,,,
,,,,,,,,,,
,,,,,,,,,,
,,791,05/06/2026,6YORES,132,24,1110107000,,3450117.6,Sol.de Gastos
,,,,,,,,,,
,,,5.1.9.05475.0007,PINTURA - PINTURA DE EXTERIOR- COLOR BLANCO- PRESENTACION POR 20 LITROS,,,,,30,115003.92
,,,,,,,,,,
,,,,,,,,,,
,,,,,,,,,,
,,,,,,,,,,
,,792,05/06/2026,6ADGR,110,24,1110107000,,8070000,Sol.de Gastos
,,,,,,,,,,
,,,3.5.1.02464.0014,"SERVICIO DE CHARTER - LARGA O MEDIA DISTANCIA. IDA Y VUELTA,  PARA TRASLADO DE LA TERMINAL DE MORON HACIA LA ESTACION DE TREN EN CONSTITUCION. LUEGO DE LA ESTACION DE TREN DE MAR DEL PLATA A LA COLONIA MUNICIPAL.  EL SERVICIO REQUIERE DE DOS MICROS( CAPAC",,,,,1,8070000
,,,,,,,,,,
,,,,,,,,,,
,,,,,,,,,,
,,,,,,,,,,
,,793,05/06/2026,DERECR,110,58,1110116000,,420000,Sol.de Gastos
,,,,,,,,,,
,,,3.3.3.01627.0037,MANTENIMIENTO MATAFUEGOS - TIPO POLVO QUIMICO ABC - TAREA RECARGA DE MATAFUEGO CON SELLO IRAM CON TARJETA HABILITANTE D.P.S. - CAPACIDAD DE CARGA (ELEM) 5 KG.,,,,,15,28000
,,,,,,,,,,
,,,,,,,,,,
,,,,,,,,,,
,,,,,,,,,,
,,794,05/06/2026,6ADGR,110,24,1110107000,,587651.39,Sol.de Gastos
,,,,,,,,,,
,,,2.9.9.07467.0002,LIJA - DESCRIPCION PARA PARED Nº 240,,,,,1,10497.44
,,,,,,,,,,
,,,,,,,,,,
,,,,,,,,,,
,,,,,,,,,,
,,795,05/06/2026,26PRAF,110,58,1110116000,,997600,Sol.de Gastos
,,,,,,,,,,
,,,3.3.3.08043.0001,AFILADO DE CUCHILLAS - Afilado de un juego de 4 cuchillas para maquina chipeadora,,,,,2,498800
,,,,,,,,,,
,,,,,,,,,,
,,,,,,,,,,
,,,,,,,,,,
,,796,05/06/2026,DESARR,110,24,1110107000,,6682699,Sol.de Gastos
,,,,,,,,,,
,,,2.1.1.00610.0001,ACELGA - PRESENTACION ATADO - ESTADO EN HOJAS FRESCAS.,,,,,28,2062.5
,,,,,,,,,,
,,,,,,,,,,
,,,,,,,,,,
,,,,,,,,,,
,,797,05/06/2026,6DIEME,110,12,1110104000,,8048000,Sol.de Gastos
,,,,,,,,,,
,,,2.9.6.00625.0029,PASTILLA DE FRENO - JUEGO PARA PASTILLAS DELANTERAS- PARA MERCEDEZ BENZ MODELO SPRINTER 415 CDI,,,,,5,80000
,,,,,,,,,,
,,,,,,,,,,
,,,,,,,,,,
,,,,,,,,,,
,,798,05/06/2026,6DIR1,110,57,1110122000,,1990000,Sol.de Gastos
,,,,,,,,,,
,,,2.5.8.07578.0002,CARTEL - TAMAÑO OFICIO- MATERIAL: PVC MAS VINILO IMPRESO Y LAMINADO CRISTAL  SE ADJUNTA IMAGEN,,,,,6,15000
,,,,,,,,,,
,,,,,,,,,,
,,,,,,,,,,
,,,,,,,,,,
,,799,05/06/2026,POLCUT,110,58,1110116000,,6552039,Ped.Suministros
,,,,,,,,,,
,,,2.9.2.03317.0001,PINCEL PARA TEMPERA - ESCOLAR N° 5 PAQUETE X 12 UNIDADES,,,,,20,9255
,,,,,,,,,,
,,,,,,,,,,
,,,,,,,,,,
,,,,,,,,,,
,,800,05/06/2026,6PERCA,110,24,1110107000,,14141080,Sol.de Gastos
,,,,,,,,,,
,,,5.1.4.04545.0005,CARNES ROJAS - TIPO MILANESA DE BOLA DE LOMO FETEADA- NO EN TROZOS.,,,,,160,21986.25
,,,,,,,,,,
,,,,,,,,,,
,,,,,,,,,,
,,,,,,,,,,
,,801,05/06/2026,6PERCA,110,24,1110107000,,4518415.5,Sol.de Gastos
,,,,,,,,,,
,,,5.1.4.06978.0001,"BANANA - TIPO TAMAÑO PAREJO, PESO 120 Gr. POR UNIDAD - PRESENTACION POR KILO.",,,,,260,2750
,,,,,,,,,,
,,,,,,,,,,
,,,,,,,,,,
,,,,,,,,,,
,,802,05/07/2026,DHMORO,110,12,1110104000,,68924000,Sol.de Gastos
,,,,,,,,,,
,,,2.5.2.01726.0025,"SOLUCIONES - SOLUCION FISIOLOGICA - 0,9% - PRESENTACION SACHET x 500ml.",,,,,500,1400
,,,,,,,,,,
,,,,,,,,,,
,,,,,,,,,,
,,,,,,,,,,
,,803,05/07/2026,URIING,110,45,1110103000,,13524000,Ped.Suministros
,,,,,,,,,,
,,,3.5.3.02165.0001,SERVICIO DE IMPRESION - Servicio de impresión de tasas varias. Tamaño: A5 (148 x 210 mm)  Impresión: Frente y dorso (4/4) colores  Papel: Obra . Personalización: Inclusión de dato variable. Entregas parciales a requerimiento segun diseño,,,,,196000,69
,,,,,,,,,,
,,,,,,,,,,
,,,,,,,,,,
,,,,,,,,,,
,,804,05/07/2026,6SSEGO,110,41,1110111000,,95700,Ped.Suministros
,,,,,,,,,,
,,,3.3.2.02460.0031,REPARACION DE CAMION CAMIONETA Y EQ.VIALES - DESCRIPCION RECTIFICACION CINTA Y CAMPANA,,,,,1,95700
,,,,,,,,,,
,,,,,,,,,,
,,,,,,,,,,
,,,,,,,,,,
,,805,05/07/2026,DHMORO,110,12,1110104000,,26517500,Sol.de Gastos
,,,,,,,,,,
,,,2.9.5.00468.0015,TUBO DE ENSAYO - TUBO DE ENSAYO - TUBO PARA EXTRACCION DE SANGRE CON GEL - 13 x 100mm.,,,,,18000,350
,,,,,,,,,,
,,,,,,,,,,
,,,,,,,,,,
,,,,,,,,,,
,,806,05/07/2026,ALUMP,110,15,1110105000,,1557000,Sol.de Gastos
,,,,,,,,,,
,,,4.3.8.00121.0011,"AMOLADORA ANGULAR - AMOLADORA ANGULAR - Descripción = Potencia 2200 W - Diametro del disco de lijado: 180 mm - Diámetro de la muela tipo copa: 7"" - Oscilaciones por y sin carga: 8500 - Tipo: BOSCH - Modelo: GWS 2200-180 VULCANO - Garantía: 1 Año    ",,,,,1,477000
,,,,,,,,,,
,,,,,,,,,,
,,,,,,,,,,
,,,,,,,,,,
,,808,05/07/2026,6SSEGO,110,41,1110111000,,660000,Ped.Suministros
,,,,,,,,,,
,,,2.9.6.00941.0001,BATERIA - PARA VEHICULO IVECO TECTOR (PAT PLF852) E IVECO TECTOR COMPACT(PAT PKV691)- TENSION NOM. 12V - CAPACIDAD DE CORRIENTE 100A.,,,,,4,165000
,,,,,,,,,,
,,,,,,,,,,
,,,,,,,,,,
,,,,,,,,,,
,,809,05/07/2026,DLOGTI,110,24,1110107000,,4854000,Sol.de Gastos
,,,,,,,,,,
,,,2.9.6.03639.0008,RULEMAN - TIPO PARA RUEDA DELANTERA - PARA CITROEN MODELO BERLINGO AÑO 2018.,,,,,2,30000
,,,,,,,,,,
,,,,,,,,,,
,,,,,,,,,,
,,,,,,,,,,
,,810,05/07/2026,SCIUDA,110,50,1110117000,,1043300,Sol.de Gastos
,,,,,,,,,,
,,,3.9.9.02095.0001,"SERVICIO DE REFRIGERIO - COMPUESTO POR SANDWICH DE MILANESA DE POLLO, FRUTA, AGUA, ALFAJOR, SERVILLETA Y SORBETE.",,,,,100,10433
,,,,,,,,,,
,,,,,,,,,,
,,,,,,,,,,
,,,,,,,,,,
,,811,05/07/2026,DHMORO,110,12,1110104000,,16108400,Sol.de Gastos
,,,,,,,,,,
,,,2.5.2.02551.0085,REACTIVO - REACTIVO - TEST RAPIDO PARA SIFILIS ALERE TIPO ABBOTT - PRESENTACION x 100 DETERMINACIONES,,,,,4,85000
,,,,,,,,,,
,,,,,,,,,,
,,,,,,,,,,
,,,,,,,,,,
,,812,05/07/2026,SCIUDA,110,50,1110117000,,7200000,Ped.Suministros
,,,,,,,,,,
,,,4.3.7.00045.0058,"SILLA - TAPIZADO CUERINA, PATAS BASE CENTRAL, GIRATORIA, CON  APOYA BRAZO, CON RESPALDO ERGONOMICO. REGULABLE EN ALTURA",,,,,20,360000
,,,,,,,,,,
,,,,,,,,,,
,,,,,,,,,,
,,,,,,,,,,
,,813,05/07/2026,6PERCA,110,24,1110107000,,2185840,Sol.de Gastos
,,,,,,,,,,
,,,5.1.4.03672.0009,ESPECIAS - TIPO PIMIENTA NEGRA-  PRESENTACION MOLIDA - ENVASE SOBRE 25 GRAMOS,,,,,25,1915
,,,,,,,,,,
,,,,,,,,,,
,,,,,,,,,,
,,,,,,,,,,
,,814,05/07/2026,6PERCA,110,24,1110107000,,2061170,Sol.de Gastos
,,,,,,,,,,
,,,5.1.4.07639.0003,PASTAS FRESCAS - TIPO ÑOQUIS - PRESENTACION POR 500 GRS,,,,,44,1830
,,,,,,,,,,
,,,,,,,,,,
,,,,,,,,,,
,,,,,,,,,,
,,815,05/07/2026,DESARR,110,24,1110107000,,4237280,Sol.de Gastos
,,,,,,,,,,
,,,2.9.1.03300.0001,CREMA - TIPO DE LECHE PARA COCCION- ENVASE CAJA CARTON CONTENIDO 200 cml.,,,,,90,2250
,,,,,,,,,,
,,,,,,,,,,
,,,,,,,,,,
,,,,,,,,,,
,,816,05/07/2026,TINTED,110,58,1110116000,,4700000,Sol.de Gastos
,,,,,,,,,,
,,,3.5.9.06997.0001,"SERVICIO DE SONIDO - 2 SISTEMAS LINE ARRAY L65 + L65S  2 SUBLOW 18""  2 MONITORES  1 CONSOLA ALLEN AND HEAT SQ6  MICROFONOS Y CAJAS DIRECTAS   1 PACHERA DIGITAL ALLEN AND HEATH  1 CONSOLA DMX DIGITAL   8 PAR LED CON TRAMO DE APOYO FRENTE ESCENARIO",,,,,1,4700000
,,,,,,,,,,
,,,,,,,,,,
,,,,,,,,,,
,,,,,,,,,,
,,817,05/08/2026,DIRPUB,110,15,1110105000,,3251740,Sol.de Gastos
,,,,,,,,,,
,,,2.9.6.03495.0067,REPUESTOS PARA MOTOSIERRA - Descripción = Bomba de Aceite - Tipo: STIHL - Modelo: FS 291 - Código: 1141-640-3203    ,,,,,1,67700
,,,,,,,,,,
,,,,,,,,,,
,,,,,,,,,,
,,,,,,,,,,
,,818,05/08/2026,SECTYT,110,73,1110127000,,60000,Sol.de Gastos
,,,,,,,,,,
,,,3.3.2.02162.0037,REPARACION VEHICULO - REPARACION VEHICULO- REPARACION DE CATALIZADOR Y DESOBSTRUCCION DEL MISMO EN VEHICULO PEUGEOT PARTNER AGO34VX,,,,,1,60000
,,,,,,,,,,
,,,,,,,,,,
,,,,,,,,,,
,,,,,,,,,,
,,819,05/08/2026,DERECR,110,58,1110116000,,7981086,Sol.de Gastos
,,,,,,,,,,
,,,2.9.9.06100.0003,MANCUERNA - RECUBIERTA EN PVC - PESO 5 KG - PRESENTACION X PAR,,,,,25,18200
,,,,,,,,,,
,,,,,,,,,,
,,,,,,,,,,
,,,,,,,,,,
,,820,05/08/2026,TINTED,110,58,1110116000,,56200000,Sol.de Gastos
,,,,,,,,,,
,,,3.5.9.06997.0001,"SERVICIO DE SONIDO - ESCENARIO LAYHER DE 10,35 x 8,28 x 1,50 DE ALTURA.  TECHO A DOS AGUAS ANCLADO A 7m DE ALTURA.  2 AREAS DE TRABAJO DE 2,57 x 8.  RAMPA DE ACCESO DE 6ms DE ALTURA.  PISO FENÓLICO DE 18mm PINTADO DE NEGRO.  2 ESCALERAS.  FALDÓN DE ESCENA",,,,,1,56200000
,,,,,,,,,,
,,,,,,,,,,
,,,,,,,,,,
,,,,,,,,,,
,,821,05/08/2026,6SSEGO,110,41,1110111000,,2312000,Ped.Suministros
,,,,,,,,,,
,,,2.4.4.00634.0035,"NEUMATICO P/AUTO - NEMATICO PARA AUTOMOVIL PEUGEOT 408 PATENTE AD429HG - MEDIDAS 225-45-R17, TIPO MARCA GT.",,,,,4,178000
,,,,,,,,,,
,,,,,,,,,,
,,,,,,,,,,
,,,,,,,,,,
,,822,05/08/2026,DHMORO,110,12,1110104000,,4050000,Sol.de Gastos
,,,,,,,,,,
,,,2.5.2.01905.0012,VACUNA - DROGA GENERICA GLOBULINA ANTI D- FORMA FARMACEUTICA JERINGA PRELLENADA- PRESENTACION 150 mcg/ml x 2 ml.,,,,,30,135000
,,,,,,,,,,
,,,,,,,,,,
,,,,,,,,,,
,,,,,,,,,,
,,823,05/08/2026,FGAJEF,110,58,1110116000,,2392000,Sol.de Gastos
,,,,,,,,,,
,,,2.9.6.00780.0062,LLANTA P/AUTOMOTOR Y EQUIPO VIAL - MATERIAL ALEACION PARA NEUMATICO 225/45 R17- DESTINO PEUGEOT 408 PATENTE AD429HG,,,,,4,420000
,,,,,,,,,,
,,,,,,,,,,
,,,,,,,,,,
,,,,,,,,,,
,,824,05/08/2026,TINTED,110,58,1110116000,,1512500,Sol.de Gastos
,,,,,,,,,,
,,,3.2.9.07246.0001,"ALQUILER DE PANTALLA LED - PANTALLA 3x2 mts.  COMPUTADORA.  ESTRUCTURA.  ESCALADOR.  SOFTWARE DE MANEJO Y GESTION DE PANTALLAS.  PUESTA EN MARCHA.  ENERGIA: TABLERO, CABLEADO Y TOMAS, NECESARIO PARA CONECTAR TODO LO MENCIONADO.  TRASLADO Y VIATICOS.",,,,,1,1512500
,,,,,,,,,,
,,,,,,,,,,
,,,,,,,,,,
,,,,,,,,,,
,,825,05/08/2026,DESARR,110,24,1110107000,,6434544,Sol.de Gastos
,,,,,,,,,,
,,,2.1.1.00669.0005,PAN - TIPO RALLADO - PRESENTACION BOLSA DE 500GR,,,,,100,3345
,,,,,,,,,,
,,,,,,,,,,
,,,,,,,,,,
,,,,,,,,,,
,,826,05/08/2026,26CIUD,110,58,1110116000,,4920000,Sol.de Gastos
,,,,,,,,,,
,,,2.3.1.00525.0002,CARTULINA - COLOR AMARILLO - GRAMAJE 130GRS - FORMATO 56 X 76CM - PAQUETE X 500 HOJAS.,,,,,4,410000
,,,,,,,,,,
,,,,,,,,,,
,,,,,,,,,,
,,,,,,,,,,
,,827,05/08/2026,TINTED,110,58,1110116000,,2955000,Sol.de Gastos
,,,,,,,,,,
,,,2.1.1.03311.0003,JUGO -  DE MANZANA/NARANJA T/BAGGIO O SIMILAR 200cc,,,,,5000,591
,,,,,,,,,,
,,,,,,,,,,
,,,,,,,,,,
,,,,,,,,,,
,,828,05/08/2026,SNJDE,132,24,1110107000,,624000,Sol.de Gastos
,,,,,,,,,,
,,,2.1.1.00621.0001,"AVE - ESPECIE POLLOS (PATA Y MUSLO) FRESCOS, NO CONGELADOS - PRESENTACION EN CAJA DE CARTON APTO ALIMENTO-CON BOLSA PLASTICA",,,,,120,5200
,,,,,,,,,,
,,,,,,,,,,
,,,,,,,,,,
,,,,,,,,,,
,,829,05/11/2026,DHMORO,110,12,1110104000,,31674000,Sol.de Gastos
,,,,,,,,,,
,,,2.1.1.00621.0008,AVE - SUPREMA DE POLLO - PESO APROXIMADO 250gr c/u - PRESENTACION KILOGRAMOS,,,,,600,10550
,,,,,,,,,,
,,,,,,,,,,
,,,,,,,,,,
,,,,,,,,,,
,,831,05/11/2026,DPRDNN,132,24,1110107000,,160000,Sol.de Gastos
,,,,,,,,,,
,,,2.9.4.01184.0022,VASO - PACK X 50 VASOS  X 300CC - MATERIAL PLASTICO POLIPROPILENO,,,,,1,40000
,,,,,,,,,,
,,,,,,,,,,
,,,,,,,,,,
,,,,,,,,,,
,,832,05/11/2026,6DLOGI,110,15,1110105000,,43000000,Sol.de Gastos
,,,,,,,,,,
,,,3.3.2.02460.0018,"REPARACION DE CAMION CAMIONETA Y EQ.VIALES - DESCRIPCION = PORTA CRUCETA COMPLETA - SOPLADOR DE ASPIRACION - BOMBA DE VACIO NUEVA 8"" COMPLETA CON DISTRIBUCION ENTERA - SILENCIADOR DE BOMBA DE VACIO - FILTRO DE ASPIRACION Y PORTA FILTRO - ADAPTACION DE CIR",,,,,1,43000000
,,,,,,,,,,
,,,,,,,,,,
,,,,,,,,,,
,,,,,,,,,,
,,833,05/11/2026,TINTED,110,58,1110116000,,49920000,Sol.de Gastos
,,,,,,,,,,
,,,3.5.1.06775.0008,"SERVICIO DE TRASLADO DE PERSONAS - TRANSPORTE PARA TRASLADO DE ALUMNOS.  IDA Y VUELTA DE 120 MICROS DE 40 PLAZAS C/U PARA ACTO DE PROMESA Y FIDELIDAD A LA BANDERA.  LOS MISMOS DEBERÁN CONTAR CON HABILITACIÓN, SEGURO, VTV. Y DEMÁS DISPOSICIONES LEGALES VIG",,,,,120,416000
,,,,,,,,,,
,,,,,,,,,,
,,,,,,,,,,
,,,,,,,,,,
,,834,05/11/2026,26GIRS,110,58,1110116000,,24908.42,Ped.Suministros
,,,,,,,,,,
,,,2.7.9.00656.0001,GRAMPA - GRAMPA - MATERIAL METALICA - USO DE FIJACION - CARACTERISTICA 3/4 X 100 UNID,,,,,2,12454.21
,,,,,,,,,,
,,,,,,,,,,
,,,,,,,,,,
,,,,,,,,,,
,,835,05/11/2026,26GIRS,110,58,1110116000,,3640044.93,Ped.Suministros
,,,,,,,,,,
,,,2.5.8.01460.0003,CINTA PLASTICA - CINTA PVC 15 PLUS 20MTS (TACSA),,,,,3,2540.4
,,,,,,,,,,
,,,,,,,,,,
,,,,,,,,,,
,,,,,,,,,,
,,836,05/11/2026,TINTED,110,58,1110116000,,1980000,Sol.de Gastos
,,,,,,,,,,
,,,2.1.1.00704.0001,ALFAJOR - TIPO GUAYMALLEN 38grs CHOCOLATE BLANCO / CHOCOLATE NEGRO,,,,,5000,396
,,,,,,,,,,
,,,,,,,,,,
,,,,,,,,,,
,,,,,,,,,,
,,837,05/11/2026,TINTED,110,58,1110116000,,1877867.946,Sol.de Gastos
,,,,,,,,,,
,,,2.1.1.02695.0001,VIANDAS - 1 SANDWICH DE MILANESA DE POLLO  1 ALFAJOR  1 AGUA  FRUTAS  SERVILLETAS  SORBETES,,,,,180,10432.5997
,,,,,,,,,,
,,,,,,,,,,
,,,,,,,,,,
,,,,,,,,,,
,,838,05/11/2026,SECTYT,110,73,1110127000,,134500,Sol.de Gastos
,,,,,,,,,,
,,,2.9.6.03426.0001,BOBINA  DE ARRANQUE - ARRANQUE PARA VOLKSWAGEN SURAN PATENTE OTZ935 - MODELO 2015,,,,,1,78500
,,,,,,,,,,
,,,,,,,,,,
,,,,,,,,,,
,,,,,,,,,,
,,839,05/11/2026,FSO,110,37,1110200000,,1722005,Sol.de Gastos
,,,,,,,,,,
,,,2.3.1.00928.0001,ARANDELA DE CARTON - PARA EXPEDIENTES - PRESENTACION BOLSA X 500 UNIDADES.,,,,,5,4075
,,,,,,,,,,
,,,,,,,,,,
,,,,,,,,,,
,,,,,,,,,,
,,840,05/11/2026,FGAJEF,110,58,1110116000,,3900000,Sol.de Gastos
,,,,,,,,,,
,,,3.2.9.05074.0001,"ALQUILER DE BAÑOS QUÍMICOS - MODELO CON LAVAMANOS, RETRETE, ENVIO Y PERSONAL DE LIMPIEZA",,,,,15,260000
,,,,,,,,,,
,,,,,,,,,,
,,,,,,,,,,
,,,,,,,,,,
,,841,05/12/2026,DHMORO,110,12,1110104000,,2080500,Sol.de Gastos
,,,,,,,,,,
,,,2.9.5.02161.0059,CATETER - BILIAR DE 8.5 FR - TIPO KFF,,,,,1,708000
,,,,,,,,,,
,,,,,,,,,,
,,,,,,,,,,
,,,,,,,,,,
,,842,05/12/2026,SCIUDA,131,50,1110117000,,8015685,Sol.de Gastos
,,,,,,,,,,
,,,4.3.9.03409.0001,"SISTEMA DE ALARMA - PORVISION, INSTALACION Y PUESTA EN MARCHA DE CENTRAL DE ALARMA INALAMBRICA, COMPUESTA POR PANELES INTELIGENTES, SENSORES Y DISPOSITIVOS DE AVISO PARA DETECCION DE INTRUSIONES O EMERGENCIAS Y GENERAR ALERTAS. EL KIT INCLUYE: PANEL IPC 2",,,,,15,515899
,,,,,,,,,,
,,,,,,,,,,
,,,,,,,,,,
,,,,,,,,,,
,,843,05/12/2026,DHMORO,110,12,1110104000,,2380000,Ped.Suministros
,,,,,,,,,,
,,,2.7.9.02434.0011,PASADOR - TIPO PORTA CANDADO - MATERIAL CROMADO - DIAMETRO PASANTE - - DIMENSION 100 MM,,,,,10,8000
,,,,,,,,,,
,,,,,,,,,,
,,,,,,,,,,
,,,,,,,,,,
,,844,05/12/2026,SEDELO,110,57,1110122000,,1270000,Sol.de Gastos
,,,,,,,,,,
,,,4.3.4.04834.0001,"PORTERO ELECTRICO - CON  VISOR  - INCLUYE 2 TELEFONOS PANTALLA COLOR 4.3""- 1 FRENTE PARA CALLE ANTIVANDALICO- TIPO  COMMAX - MODELO CDV 43K-  SE ADJUNTA IMAGEN",,,,,1,1270000
,,,,,,,,,,
,,,,,,,,,,
,,,,,,,,,,
,,,,,,,,,,
,,845,05/12/2026,SCIUDA,110,50,1110117000,,310540,Ped.Suministros
,,,,,,,,,,
,,,3.3.3.04886.0001,PRUEBA DE TUBO - DESCRIPCION DE ACETILENO,,,,,1,310540
,,,,,,,,,,
,,,,,,,,,,
,,,,,,,,,,
,,,,,,,,,,
,,846,05/12/2026,DERECR,110,58,1110116000,,2618000,Ped.Suministros
,,,,,,,,,,
,,,3.2.9.05074.0001,ALQUILER DE BAÑOS QUÍMICOS - 6 SANITARIOS CONVENCIONALES (3 HOMBRE Y 3 MUJER) - 1 SANITARIO ADAPTADO PARA PERSONAS CON DISCAPACIDAD - AMBOS INCLUYEN 1 DESAGOTE POR SEMANA Y FLETE PARA ENVIO Y RETIRO DE LOS MISMOS E IMPUESTOS.,,,,,2,1309000
,,,,,,,,,,
,,,,,,,,,,
,,,,,,,,,,
,,,,,,,,,,
,,847,05/12/2026,6EDUDC,110,24,1110107000,,2817650,Ped.Suministros
,,,,,,,,,,
,,,2.7.9.01653.0028,"CAÑO - MATERIAL COBRE - TIPO DE ALTA MALEABILIDAD PARA INSTALACION DE AIRE ACONDICIONADO - DIAMETRO 1/2"" - FRACCIONADO POR 25 MTS",,,,,14,58527
,,,,,,,,,,
,,,,,,,,,,
,,,,,,,,,,
,,,,,,,,,,
,,848,05/12/2026,6EDUDC,110,24,1110107000,,733762.21,Ped.Suministros
,,,,,,,,,,
,,,2.5.5.00570.0062,ESMALTE SINTETICO - COLOR BLANCO SATINADO - CAPACIDAD 4L.,,,,,5,47383
,,,,,,,,,,
,,,,,,,,,,
,,,,,,,,,,
,,,,,,,,,,
,,849,05/13/2026,6DESAH,110,24,1110107000,,8000000,Sol.de Gastos
,,,,,,,,,,
,,,5.1.4.03278.0001,SERVICIOS DE SEPELIOS PARA INDIGENTES - TRASLADO DENTRO DEL PARTIDO DE  MORON HASTA AGOTAR LA SUMA DE $ 8.000.000.-  EL PROVEEDOR DEBERA INDICAR EL PRECIO UNITARIO DE :    VALOR DEL KM EXTRA  INHUMACION EN EL CEMENTERIO DE MORON  ATAUD STANDARD  ATAUD MED,,,,,1,8000000
,,,,,,,,,,
,,,,,,,,,,
,,,,,,,,,,
,,,,,,,,,,
,,850,05/13/2026,6DESAH,110,24,1110107000,,7989967.5,Ped.Suministros
,,,,,,,,,,
,,,5.1.4.04705.0003,ZAPATILLA - DE SIMIL CUERO EN CAPELLADA Y PLANTA DE GOMA.   SE SOLICITAN :   30 PARES NUMERO 35  60 PARES NUMERO 36  60 PARES NUMERO 37  60 PARES NUMERO 38  60 PARES NUMERO 39  60 PARES NUMERO 40  60 PARES NUMERO 41  60 PARES NUMERO 42  15 PARES NUMERO 43,,,,,465,15089.5
,,,,,,,,,,
,,,,,,,,,,
,,,,,,,,,,
,,,,,,,,,,
,,851,05/13/2026,DHMORO,110,12,1110104000,,7920000,Sol.de Gastos
,,,,,,,,,,
,,,2.9.5.02204.0007,GUIA DE SUERO - USO PARA ADMINISTRACION DE ALIMENTACION ENTERAL - TIPO FLEXIFLO.   LAS MISMAS INCLUYEN  DE 10 BOMBAS ENTREGADAS COMODATO PARA LA ADMINISTRACION DE ALIMENTACION ENTERAL.,,,,,600,13200
,,,,,,,,,,
,,,,,,,,,,
,,,,,,,,,,
,,,,,,,,,,
,,852,05/13/2026,TINTED,110,58,1110116000,,444000,Sol.de Gastos
,,,,,,,,,,
,,,2.1.1.08124.0001,TURRON - TIPO ARROZ GALLO - SIN T.A.C.C. - 24u X CAJA,,,,,4,36000
,,,,,,,,,,
,,,,,,,,,,
,,,,,,,,,,
,,,,,,,,,,
,,853,05/13/2026,DHMORO,110,12,1110104000,,4810000,Ped.Suministros
,,,,,,,,,,
,,,2.6.5.01741.0001,CAL - USO CONSTRUCCION - TIPO COMUN - PRESENTACION BOLSA 25kg.,,,,,10,8000
,,,,,,,,,,
,,,,,,,,,,
,,,,,,,,,,
,,,,,,,,,,
,,854,05/13/2026,SCIUDA,131,50,1110117000,,2804390,Sol.de Gastos
,,,,,,,,,,
,,,2.7.2.06891.0001,TUBO ESTRUCTURAL - 40 X 100 X 1.6 MM,,,,,1,84500
,,,,,,,,,,
,,,,,,,,,,
,,,,,,,,,,
,,,,,,,,,,
,,855,05/13/2026,DHMORO,110,12,1110104000,,38829100,Sol.de Gastos
,,,,,,,,,,
,,,2.5.2.03397.0018,SUPLEMENTO NUTRICIONAL - TIPO PEDIASURE - FORMULA ORAL PEDIATRICA NORMOCALORICA - CAPACIDAD x 220ml,,,,,90,7600
,,,,,,,,,,
,,,,,,,,,,
,,,,,,,,,,
,,,,,,,,,,
,,856,05/13/2026,26ALBV,110,58,1110116000,,4160000,Sol.de Gastos
,,,,,,,,,,
,,,3.4.2.02498.0005,COBERTURA DE EMERG.MEDICA - DESCRIPCION CONSULTA DE ATENCIÓN MEDICA CLÍNICA - DURACION VISITA DOMICILIARIA,,,,,40,14000
,,,,,,,,,,
,,,,,,,,,,
,,,,,,,,,,
,,,,,,,,,,
,,857,05/13/2026,6LOGIS,110,45,1110103000,,46800000,Sol.de Gastos
,,,,,,,,,,
,,,2.3.1.00976.0004,PAPEL OBRA - PRESENTACION RESMAS  X 500 HOJAS- PAPEL A4 - TIPO BOREAL - COLOR BLANCO - FORMATO 210 X 297 Cm - GRAMAJE 75Gr/m2.,,,,,6000,7800
,,,,,,,,,,
,,,,,,,,,,
,,,,,,,,,,
,,,,,,,,,,
,,858,05/13/2026,26ALBV,110,58,1110116000,,1176000,Sol.de Gastos
,,,,,,,,,,
,,,3.3.5.01560.0001,"DESINFECCION - SERVICIO DE PREVENCION DE TRATAMIENTO Y CONTROL SANITARIO DE ACUERDO A LAS CARACTERISTICAS DEL PREDIO. INCLUYE DESINFECCION, DESINSECTACION Y DESRATIZACION. LUGAR DE APLICACION COLONIA INT. C. A. VILLEGAS. EL SERVICIO SERÁ MENSUAL.",,,,,4,294000
,,,,,,,,,,
,,,,,,,,,,
,,,,,,,,,,
,,,,,,,,,,
,,859,05/13/2026,6FISIC,110,45,1110103000,,151000,Sol.de Gastos
,,,,,,,,,,
,,,2.5.5.02103.0002,"PINTURA ASFALTICA - TIPO ""A"" - PRESENTACION LATA X 20L.",,,,,1,100000
,,,,,,,,,,
,,,,,,,,,,
,,,,,,,,,,
,,,,,,,,,,
,,860,05/13/2026,26ALBV,110,58,1110116000,,2540400,Sol.de Gastos
,,,,,,,,,,
,,,3.3.5.02136.0001,SERVICIO CONTENEDOR HIGIENICO - RECOLECCION DE RESIDUOS SOLIDOS. FACTURACION MENSUAL.,,,,,4,635100
,,,,,,,,,,
,,,,,,,,,,
,,,,,,,,,,
,,,,,,,,,,
,,861,05/13/2026,HVITAT,110,41,1110111000,,1200000,Sol.de Gastos
,,,,,,,,,,
,,,2.9.6.07661.0002,DISCO SOLIDO - DESCRIPCION SSD  240 Gb.  Sata,,,,,5,240000
,,,,,,,,,,
,,,,,,,,,,
,,,,,,,,,,
,,,,,,,,,,
,,862,05/13/2026,TINTED,110,58,1110116000,,14000000,Sol.de Gastos
,,,,,,,,,,
,,,3.2.9.07029.0001,GRUPO ELECTROGENO - DESCRIPCION: ALQUIER DE GENERADOR ELECTRICO CON COMBUSTIBLE INCLUIDO PARA 40 HS DE USO.  4 CABLES SINTENAX DE 5X35 mm  OPRADOR Y GUARDIA  TRANSPORTE,,,,,1,14000000
,,,,,,,,,,
,,,,,,,,,,
,,,,,,,,,,
,,,,,,,,,,
,,863,05/13/2026,URIING,110,45,1110103000,,480445.65,Sol.de Gastos
,,,,,,,,,,
,,,2.9.3.03614.0002,ZAPATILLA - BOCA 4 TERMICA,,,,,5,6089.13
,,,,,,,,,,
,,,,,,,,,,
,,,,,,,,,,
,,,,,,,,,,
,,864,05/13/2026,ALUMP,110,15,1110105000,,4356000,Sol.de Gastos
,,,,,,,,,,
,,,2.9.3.02285.0013,"CABLE TIPO TALLER (T/T) - DESCRIPCION: Cable Extra flexible - Vaina Redonda Tipo Taller - Sección: 2 x 1.5 mm - Material: alambre de cobre recocido clase 5 - Norma: IRAM NM 280 - Aislación: Capa de PVC especial antillama - Color:  Negro, con marcación alf",,,,,1000,1810
,,,,,,,,,,
,,,,,,,,,,
,,,,,,,,,,
,,,,,,,,,,
,,865,05/13/2026,6COMBN,110,24,1110107000,,1080000,Ped.Suministros
,,,,,,,,,,
,,,2.4.4.07694.0002,CUBIERTA PARA CAMIONETA - BOBCAT 12-16-5N,,,,,2,540000
,,,,,,,,,,
,,,,,,,,,,
,,,,,,,,,,
,,,,,,,,,,
,,866,05/13/2026,DHMORO,110,12,1110104000,,52828400,Sol.de Gastos
,,,,,,,,,,
,,,2.5.2.06465.0002,"AGUA DESMINERALIZADA - AGUA DESTILADA O DESMINERALIZADA - CONDUCTIVIDAD MAX a 25°C=2 MICROS PARTICULAS <a 1 MICRA. PH=6,5. LIQUIDO LIMPIDO, INCOLORO, INODORO E INSIPIDO. CORRECTAMENTE ROTULADO E IDENTIFICABLE. PRESENTACION BIDON x 10LITROS:",,,,,20,18000
,,,,,,,,,,
,,,,,,,,,,
,,,,,,,,,,
,,,,,,,,,,
,,867,05/13/2026,6COMBN,110,24,1110107000,,567599,Ped.Suministros
,,,,,,,,,,
,,,2.7.9.01742.0002,SOLERA - ESPESOR 0.70,,,,,7,6208
,,,,,,,,,,
,,,,,,,,,,
,,,,,,,,,,
,,,,,,,,,,
,,868,05/13/2026,SCIUDA,131,50,1110117000,,7628800,Sol.de Gastos
,,,,,,,,,,
,,,3.2.2.06392.0001,"ALQUILER HIDROELEVADOR - SERVICIO ALQUILER JORNADA MIXTA, DE CAMIONETA CON HIDROELEVADOR, INCLUYE OPERADOR ESPECIALIZADO, DESTINADO A TAREAS OPERATIVAS PARA TRABAJO DE EQUIPO EN ALTURA, INCLUYE COMBUSTIBLE, USO DE EQUIPO DENTRO DE LOS LIMITES DEL PARTIDO.",,,,,3,560000
,,,,,,,,,,
,,,,,,,,,,
,,,,,,,,,,
,,,,,,,,,,
,,869,05/14/2026,INFRA,110,15,1110105000,,100900000,Sol.de Gastos
,,,,,,,,,,
,,,2.2.2.03469.0018,BOTINES DE TRABAJO - Tipo Prusiano con Puntera de Acero - Color Negro - Suela PU-Bidensidad / Puntera Normalizada (IRAM 3610) - Línea Industrial Flex - Tipo VORAN - Modelo ARGOS N *** Según descripción de Talles que a continuación se mencionan ***    Nº 3,,,,,685,60000
,,,,,,,,,,
,,,,,,,,,,
,,,,,,,,,,
,,,,,,,,,,
,,870,05/14/2026,6DPLUV,110,15,1110105000,,1250000,Sol.de Gastos
,,,,,,,,,,
,,,2.7.1.00940.0015,VARILLA DE HIERRO - TIPO REDONDA ALETEADA - DIMENSION 12MM - LONGITUD 12m.,,,,,50,25000
,,,,,,,,,,
,,,,,,,,,,
,,,,,,,,,,
,,,,,,,,,,
,,871,05/14/2026,INFRA,110,15,1110105000,,4550000,Sol.de Gastos
,,,,,,,,,,
,,,4.3.6.00001.0032,"COMPUTADORA DE OFICINA - tipo MSI H610 (HDMI/VGA/USB3.07M.2) INTEL CORE I5 12400 6c/12T/18MB, KINGSTON (o similar) DDR4 8GB 3200MHZ., SSD/M.2 256GB -  Kit Multimedia (Teclado, mouse, parlantes)    ",,,,,3,800000
,,,,,,,,,,
,,,,,,,,,,
,,,,,,,,,,
,,,,,,,,,,
,,872,05/14/2026,TINTED,110,58,1110116000,,2713000,Sol.de Gastos
,,,,,,,,,,
,,,3.9.1.08152.0001,"ALQUILER DE TOTEM - SERVICIO ALAQUILER -    3 TOTEM GA 401-43""    2 TOTEM GA 500-55""    5 MONITOREOS REMOTOS",,,,,1,2713000
,,,,,,,,,,
,,,,,,,,,,
,,,,,,,,,,
,,,,,,,,,,
,,873,05/14/2026,SOBPUB,110,15,1110105000,,7500000,Sol.de Gastos
,,,,,,,,,,
,,,2.5.1.01502.0004,ALQUITRAN Y BITALCO - Tipo Emulsión Cationica Asfáltica - Corte Rápido - Base Acusa y con incorporaciones de Elastomeros - Presentación = Tambor x 205 Lts - Tipo: DAKOBRA  ,,,,,10,750000
,,,,,,,,,,
,,,,,,,,,,
,,,,,,,,,,
,,,,,,,,,,
,,874,05/14/2026,DERECA,110,45,1110103000,,112000,Sol.de Gastos
,,,,,,,,,,
,,,3.3.2.04903.0002,SERVICIO DE MANT. DE VEHÍCULO - SERVICIO DE MANTENIMIENTO DE VEHICULO SEGUN DETALLE:  CAMBIO DE ACEITE CAMIONETA KANGOO 2025,,,,,1,112000
,,,,,,,,,,
,,,,,,,,,,
,,,,,,,,,,
,,,,,,,,,,
,,875,05/14/2026,GREPUB,110,45,1110103000,,1687500,Sol.de Gastos
,,,,,,,,,,
,,,3.5.3.02165.0001,SERVICIO DE IMPRESION - RECIBOS PARA LA EMISION DE LA TASA POR INSPECCION DE SEGURIDAD E HIGIENE- DIMENSION 210 X 297 mm-PAPEL A4 GRAMAJE 75/80 Gr/m2-SISTEMA IMPRESIÓN LASER-IMPRESIÓN AL FRENTE SEGÚN MODELO ADJUNTO (FONDO DE SEGURIDAD COLOR VERDE AGUA-IMP,,,,,17000,90
,,,,,,,,,,
,,,,,,,,,,
,,,,,,,,,,
,,,,,,,,,,
,,876,05/14/2026,DIRVH,110,15,1110105000,,1200000,Sol.de Gastos
,,,,,,,,,,
,,,2.5.8.01922.0001,NYLON - Material: Polietileno - Color Negro - Presentación: Ancho: 4.00 Mts x 50 Mts de largo - Espesor: 200 Micrones    ,,,,,10,120000
,,,,,,,,,,
,,,,,,,,,,
,,,,,,,,,,
,,,,,,,,,,
,,877,05/14/2026,6DICEM,110,15,1110105000,,0,Ped.Suministros
,,,,,,,,,,
,,,2.5.8.01922.0002,NYLON - Material:    ,,,,,0.01,0.001
,,,,,,,,,,
,,,,,,,,,,
,,,,,,,,,,
,,,,,,,,,,
,,878,05/14/2026,SECTYT,110,73,1110127000,,228550,Ped.Suministros
,,,,,,,,,,
,,,2.9.6.00629.0001,"LIMPIA PARABRISAS - JUEGO COMPLETO DE 2 ESCOBILLAS DELANTERAS- CUERPO DE METAL - MEDIDAS PARA CAMIONETA FIAT STRADA MODELO 2017, PATENTE ACO35QT.-",,,,,1,53600
,,,,,,,,,,
,,,,,,,,,,
,,,,,,,,,,
,,,,,,,,,,
,,879,05/14/2026,6DESAH,110,24,1110107000,,1787159.6,Ped.Suministros
,,,,,,,,,,
,,,2.5.5.00258.0006,AGUARRAS MINERAL - ENVASE LATA DE 18L. TIPO EMEDE,,,,,2,68714.8
,,,,,,,,,,
,,,,,,,,,,
,,,,,,,,,,
,,,,,,,,,,
,,880,05/14/2026,MESIZO,110,12,1110104000,,5100000,Ped.Suministros
,,,,,,,,,,
,,,4.3.7.03506.0018,"EQUIPO AIRE ACONDICIONADO - TIPO SPLIT 3000 FRIGORIAS FRIO / CALOR - INCLUYE INSTALACION ELECTRICA, DESINSTALACION DE EQUIPO EXISTENTE Y MATERIALES",,,,,3,1700000
,,,,,,,,,,
,,,,,,,,,,
,,,,,,,,,,
,,,,,,,,,,
,,881,05/14/2026,DERECA,110,45,1110103000,,3471210,Sol.de Gastos
,,,,,,,,,,
,,,2.3.4.06660.0001,ROLLO DE PAPEL TERMICO - ROLLOS DUPLICADOS DE  0.75 MM X 30 M. - ORIGINAL PAPEL DE OBRA 1RA. CALIDAD EN PAPEL QUIMICO AMARILLO. LISOS SIN IMPRESION,,,,,1500,2314.14
,,,,,,,,,,
,,,,,,,,,,
,,,,,,,,,,
,,,,,,,,,,
,,882,05/14/2026,DPRDNN,132,24,1110107000,,179535,Sol.de Gastos
,,,,,,,,,,
,,,2.7.5.01059.0002,PINCEL - TIPO CHATO. - Nº 10 - MATERIAL CERDA,,,,,1,7000
,,,,,,,,,,
,,,,,,,,,,
,,,,,,,,,,
,,,,,,,,,,
,,883,05/14/2026,MESIZO,110,12,1110104000,,7728200,Ped.Suministros
,,,,,,,,,,
,,,2.2.2.04350.0001,"BUZO - CUELLO REDONDO - ALGODON FRIZADO - COLOR NEGRO CON BORDADO COLOR BLANCO EN EL FRENTE - TALLES: 11 UNIDADES TALLE S , 6 UNIDADES TALLE M , 8 UNIDADES TALLE L , 5 UNIDADES TALLE XL , 3 UNIDADES TALLE XXL , 5 UNIDADES TALLE XXXL",,,,,38,51900
,,,,,,,,,,
,,,,,,,,,,
,,,,,,,,,,
,,,,,,,,,,
,,884,05/15/2026,DHMORO,110,12,1110104000,,119462600,Sol.de Gastos
,,,,,,,,,,
,,,2.9.5.02569.0018,TUBO TRAQUEAL - TIPO ENDOTRAQUEAL SIN BALON - Nº 3,,,,,40,900
,,,,,,,,,,
,,,,,,,,,,
,,,,,,,,,,
,,,,,,,,,,
,,885,05/15/2026,SCIUDA,131,50,1110117000,,3925303,Sol.de Gastos
,,,,,,,,,,
,,,2.9.3.06755.0001,CABLE FIBRA OPTICA - CABLE OPTICO OVAL AÉREO 1000M 6 PELOS CORES SM G657A1,,,,,4,981325.75
,,,,,,,,,,
,,,,,,,,,,
,,,,,,,,,,
,,,,,,,,,,
,,886,05/15/2026,6LOGIS,110,45,1110103000,,12512000,Sol.de Gastos
,,,,,,,,,,
,,,2.9.1.00646.0027,BOLSA DE RESIDUOS - DIMENSION 80 x 100 - PRESENTACION PAQ. X 10 BOLSAS - ESPESOR 50 Mn - COLOR NEGRO,,,,,2000,3300
,,,,,,,,,,
,,,,,,,,,,
,,,,,,,,,,
,,,,,,,,,,
,,887,05/15/2026,DHMORO,110,12,1110104000,,85000000,Sol.de Gastos
,,,,,,,,,,
,,,3.4.2.02686.0002,"SERVICIO DE ESTERILIZACION - DE MATERIAL HOSPITALARIO POR METODO A VAPOR DE AGUA SEGUN EL SIGUIENTE DETALLE:   MEDIDA x M3 FRACCION - SERVICIO DIARIO (LUNES A SABADOS) - PRESENTAR PROTOCOLO CORRESPONDIENTE A CADA PROCESO -   BOLSA DE POLIETILENO DE 0,70 X",,,,,1,85000000
,,,,,,,,,,
,,,,,,,,,,
,,,,,,,,,,
,,,,,,,,,,
,,888,05/15/2026,6DLOGI,110,15,1110105000,,9928530,Sol.de Gastos
,,,,,,,,,,
,,,3.3.2.02460.0023,"REPARACION DE CAMION CAMIONETA Y EQ.VIALES - DESCRIPCION = REPARACION DE EMBRAGUE COMPLETO (PLACA, DISCO, RULEMAN DE EMPUJE, RECTIFICACION DE DE VOLANTE - USO INT 303    ",,,,,1,550000
,,,,,,,,,,
,,,,,,,,,,
,,,,,,,,,,
,,,,,,,,,,
,,889,05/15/2026,DHMORO,110,12,1110104000,,22500000,Sol.de Gastos
,,,,,,,,,,
,,,2.5.2.03441.0003,BOLSAS DE ALIMENTACION PARENTERAL - DESCARTABLE PARA  ADULTOS DE 1500 a 3000ml.   CON O SIN LIPIDOS - CON FILTROS.  PROVISION PARA PACIENTES QUE REQUIEREN APORTE NUTRICIONAL ARTIFICIAL. LA COMPOSICION DE LAS FORMULAS ES VARIABLE SEGUN REQUERIMIENTO INDIVI,,,,,15,1500000
,,,,,,,,,,
,,,,,,,,,,
,,,,,,,,,,
,,,,,,,,,,
,,890,05/15/2026,SCIUDA,131,50,1110117000,,8008023.9,Sol.de Gastos
,,,,,,,,,,
,,,2.9.3.03824.0004,PRECINTO - TIPO POLIAM 300 X 4.6 MM COLOR NEGRO. PRESENTACION X 1000,,,,,1,579999
,,,,,,,,,,
,,,,,,,,,,
,,,,,,,,,,
,,,,,,,,,,
,,891,05/15/2026,DPRDNN,132,24,1110107000,,1355000,Sol.de Gastos
,,,,,,,,,,
,,,4.3.7.00018.0003,COCINA A GAS - TIPO GAS NATURAL - HORNALLAS 4 - HORNO CON VISOR- VALVULA DE SEGURIDAD- ANCHO 55CM - ENCENDIDO ELECTRICO.,,,,,1,1355000
,,,,,,,,,,
,,,,,,,,,,
,,,,,,,,,,
,,,,,,,,,,
,,892,05/15/2026,SCIUDA,131,50,1110117000,,6500000,Sol.de Gastos
,,,,,,,,,,
,,,3.4.1.02184.0003,"ENCUESTA - MONITOREO DE OPINION PUBLICA. PROGRAMA INTEGRAL DE MONITOREO DE LA OPINION PUBLICA ORIENTADO A MEJORAR LA TOMA DE DECISIONES A PARTIR DE LA REALIZACION SISTEMICA DE GRUPOS FOCALES. OBJETIVOS. CONOCIMIENTO Y EVALUACION DE POLITICAS LOCALES, EXPE",,,,,1,6500000
,,,,,,,,,,
,,,,,,,,,,
,,,,,,,,,,
,,,,,,,,,,
,,893,05/15/2026,HVITAT,110,41,1110111000,,1495000,Sol.de Gastos
,,,,,,,,,,
,,,2.9.6.04952.0001,"INSUMOS P/PLOTTER - TIPO CABEZAL DE IMPRESIÓN PARA HEWLETT PACKARD MODELO HP  711 CÓDIGO CZ130A, PARA CARTUCHO DE IMPRESIÓN COLOR CYAN , PARA PLOTTER HP DESINGJET T520",,,,,3,95000
,,,,,,,,,,
,,,,,,,,,,
,,,,,,,,,,
,,,,,,,,,,
,,894,05/18/2026,6DESAH,110,24,1110107000,,1054187,Sol.de Gastos
,,,,,,,,,,
,,,2.7.2.01782.0001,"TUBOS - MACHO DE 1 1/2 "" A 1 """,,,,,1,43500
,,,,,,,,,,
,,,,,,,,,,
,,,,,,,,,,
,,,,,,,,,,
,,895,05/18/2026,DTOZOL,110,69,1110106000,,675999.99,Sol.de Gastos
,,,,,,,,,,
,,,2.3.1.00525.0001,CARTULINA - CARTULINA 240GRS EN BLANCO DE 420MM DE ANCHO POR 600M DE ALTO.,,,,,1500,450.66666
,,,,,,,,,,
,,,,,,,,,,
,,,,,,,,,,
,,,,,,,,,,
,,896,05/18/2026,DHMORO,110,12,1110104000,,5400000,Sol.de Gastos
,,,,,,,,,,
,,,2.5.2.02551.0973,REACTIVO - GASES EN SANGRE - SODIO/ POTASIO/ CLORURO/ CALCIO IONICO/ HEMATOCRITO/ LACTATO - INCLUYE 3 CAJAS DE CONTROL NORMAL/CONTROL ALTO/CONTROL BAJO - LOS MISMOS SERAN PROVISTOS A REQUERIMIENTO.,,,,,600,9000
,,,,,,,,,,
,,,,,,,,,,
,,,,,,,,,,
,,,,,,,,,,
,,897,05/18/2026,DLOGTI,110,24,1110107000,,730000,Sol.de Gastos
,,,,,,,,,,
,,,2.9.6.03062.0002,"FILTRO DE AIRE P/VEHICULO - PARA BOBCAT (PALA MINICARGADOR), MARCA LIAN GONG, MODELO 308, AÑO 2023 - KIT QUE INCLUYE 1 FILTRO PRIMARIO (EXTERIOR) Y 1 FILTRO SECUNDARIO (INTERIOR) - MODELOS DE PAPEL FILTRANTE DE ALTA CALIDAD Y CILINDRICOS CON MALLAS METÁLI",,,,,1,105000
,,,,,,,,,,
,,,,,,,,,,
,,,,,,,,,,
,,,,,,,,,,
,,898,05/18/2026,DHMORO,110,12,1110104000,,3520000,Sol.de Gastos
,,,,,,,,,,
,,,2.5.2.03401.0002,SURFACTANTE PULMONAR - - PRESENTACIÓN AMPOLLAS x 120mg,,,,,16,220000
,,,,,,,,,,
,,,,,,,,,,
,,,,,,,,,,
,,,,,,,,,,
,,899,05/18/2026,DPRDNN,132,24,1110107000,,716000,Sol.de Gastos
,,,,,,,,,,
,,,4.3.7.00027.0007,TERMOTANQUE - CAPACIDAD 65L - REVESTIMIENTO INTERIOR VITRIFICADO - GARANTIA 1 AÑO - GAS NATURAL - APTO PARA COLGAR - ENCENDIDO PIEZO ELECTRICO - CON VENTANA FRONTAL.  ,,,,,1,716000
,,,,,,,,,,
,,,,,,,,,,
,,,,,,,,,,
,,,,,,,,,,
,,900,05/19/2026,6 SIT,110,45,1110103000,,60000000,Sol.de Gastos
,,,,,,,,,,
,,,4.8.1.01748.0042,LICENCIAS - ESET PROTECT COMPLETE PARA UTILIZAR EN 1500 PUESTOS DE TRABAJO (PC DE ESCRITORIO) + 25 SERVIDORES. POR UN AÑO,,,,,1,60000000
,,,,,,,,,,
,,,,,,,,,,
,,,,,,,,,,
,,,,,,,,,,
,,901,05/19/2026,SEDELO,110,57,1110122000,,3012000,Sol.de Gastos
,,,,,,,,,,
,,,2.5.8.07737.0001,"LONA IMPRESA - DESCRIPCION PRODUCCIÓN, PROVISIÓN Y COLOCACIÓN - 14 MTS x 1 MTS - DISEÑO ADJUNTO - LEYENDA: SECRETARIA DE DESARROLLO LOCAL, EMPLEO Y ECONOMIA SOCIAL",,,,,1,972000
,,,,,,,,,,
,,,,,,,,,,
,,,,,,,,,,
,,,,,,,,,,
,,902,05/19/2026,DPRDNN,132,24,1110107000,,4652533.6,Sol.de Gastos
,,,,,,,,,,
,,,2.2.9.00701.0063,COLCHON - CONSTRUCCION ESPUMA - DIMENSION 190 X 80CM x 26CM - DENSIDAD 30KG -  (HASTA 100KG),,,,,5,250250
,,,,,,,,,,
,,,,,,,,,,
,,,,,,,,,,
,,,,,,,,,,
,,903,05/19/2026,6DICEM,110,15,1110105000,,2720000,Sol.de Gastos
,,,,,,,,,,
,,,3.3.1.07138.0002,"SERVICIO DE DESAGOTE - DESCRIPCION SERVICIOS DE DESAGOTE Y LIMPIEZA DE CAMARA SEPTICA , CAPACIDAD 30.000 LTS.  SEGUN REQUERIMIENTO DEL CEMENTERIO MUNICIPAL",,,,,4,680000
,,,,,,,,,,
,,,,,,,,,,
,,,,,,,,,,
,,,,,,,,,,
,,904,05/19/2026,MESIZO,110,12,1110104000,,7775200,Ped.Suministros
,,,,,,,,,,
,,,2.2.2.00836.0040,"AMBO - UNISEX CASACA Y PANTALON, ESCOTE EN V - COLOR GRIS TOPO CON LOGO DEL MUNICIPIO COLOR BLANCO EN FRENTE Y ESPALDA - TALLES: 16 UNIDADES TALLE 1 , 16 UNIDADES TALLE 2 , 10 UNIDADES TALLE 3 , 7 UNIDADES TALLE 4 , 2 UNIDADES TALLE 5 , 4 UNIDADES TALLE 6",,,,,55,68500
,,,,,,,,,,
,,,,,,,,,,
,,,,,,,,,,
,,,,,,,,,,
,,905,05/19/2026,DEFEPU,110,37,1110200000,,569434,Ped.Suministros
,,,,,,,,,,
,,,2.9.4.00690.0001,CUCHARA - TIPO SOPA ESTANDAR CAPACIDAD DE 15 ML,,,,,12,1772
,,,,,,,,,,
,,,,,,,,,,
,,,,,,,,,,
,,,,,,,,,,
,,906,05/19/2026,TINTED,110,58,1110116000,,486000,Sol.de Gastos
,,,,,,,,,,
,,,2.3.3.07313.0001,VINILO - PLIEGO AUTOADHESIVO DE 55X55 IMPRESO Y TROQUELADO,,,,,1,90000
,,,,,,,,,,
,,,,,,,,,,
,,,,,,,,,,
,,,,,,,,,,
,,907,05/20/2026,6EDUDC,110,24,1110107000,,13012012,Sol.de Gastos
,,,,,,,,,,
,,,2.1.1.00541.0002,CARNE - ESPECIE VACUNO - CORTE MILANESA DE NALGA,,,,,162,20500
,,,,,,,,,,
,,,,,,,,,,
,,,,,,,,,,
,,,,,,,,,,
,,908,05/20/2026,SEDELO,110,57,1110122000,,1680000,Sol.de Gastos
,,,,,,,,,,
,,,3.3.9.02047.0001,"INSTALACION DE EQUIPOS - PROVISIÓN E INSTALACIÓN DE CAMPANA  EXTRACTORA DE COCINA REALIZADA EN CHAPA DE 2 M x 1 M x 0,40 M DE ALTURA. CALIBRE 25 DE  - INCLUYE LOS MATERIALES: 6 CAÑOS 6"", 1 SOMBRERO 6"", 1 ABRAZADERA CON COLA 6"", EXTRACTORES ELECTRICOS TIPO",,,,,1,1680000
,,,,,,,,,,
,,,,,,,,,,
,,,,,,,,,,
,,,,,,,,,,
,,909,05/20/2026,DPRDNN,132,24,1110107000,,1344000,Sol.de Gastos
,,,,,,,,,,
,,,4.3.3.00188.0001,BALANZA - TIPO SYSTEL ELECTRONICA DIGITAL - CAPACIDAD HASTA 30KG - SENSIBILIDAD ALTA - ESCALA DE PESO GRADUACION MMINIMA 1GR - PLATILLO PLATO DE ACERO INOXIDABLE ESTAMPADO Y CARCAZA DE VISOR EN MATERIAL PLASTICO - MULTIRANGO - ACCESORIOS CON VISOR AMBOS L,,,,,2,672000
,,,,,,,,,,
,,,,,,,,,,
,,,,,,,,,,
,,,,,,,,,,
,,910,05/20/2026,PROMTR,110,57,1110122000,,2089200,Sol.de Gastos
,,,,,,,,,,
,,,2.1.1.00594.0002,"CEBOLLA - TIPO COMUN, PRESENTACION X KG",,,,,50,1500
,,,,,,,,,,
,,,,,,,,,,
,,,,,,,,,,
,,,,,,,,,,
,,911,05/20/2026,SECTYT,110,73,1110127000,,2526480,Ped.Suministros
,,,,,,,,,,
,,,2.9.6.03528.0003,"SIRENA - DESCRIPCION - DOS FAROS FL803 EN EL MANILLAR, UN FARO FL703 EN LA PARTE TRASERA Y SIRENA MODELO EP3ML 30 W SEIS TONOS CON COMANDO DIGITAL DE LUCES Y SIRENAS",,,,,6,421080
,,,,,,,,,,
,,,,,,,,,,
,,,,,,,,,,
,,,,,,,,,,
,,912,05/20/2026,FGAJEF,110,58,1110116000,,283716,Ped.Suministros
,,,,,,,,,,
,,,4.3.3.07341.0002,"EQUIPO CALOVENTOR - TIPO Vitroconvector Tipo Peabody Pe-vc 20 2000 w Eléctrico, garantía un año.",,,,,2,125000
,,,,,,,,,,
,,,,,,,,,,
,,,,,,,,,,
,,,,,,,,,,
,,913,05/20/2026,TINTED,110,58,1110116000,,2000000,Ped.Suministros
,,,,,,,,,,
,,,3.2.9.06168.0001,ALQUILER DE SILLAS - 200 SILLAS PLASTICAS  NEGRAS SIN APOYABRAZOS X 3 DIAS DESDE EL 02 AL 04 DE JUNIO,,,,,1,2000000
,,,,,,,,,,
,,,,,,,,,,
,,,,,,,,,,
,,,,,,,,,,
,,914,05/20/2026,TINTED,110,58,1110116000,,2000000,Ped.Suministros
,,,,,,,,,,
,,,3.2.9.06168.0001,ALQUILER DE SILLAS - 200 SILLAS PLASTICAS  NEGRAS SIN APOYABRAZOS X 3 DIAS DESDE EL 02 AL 04 DE JUNIO,,,,,1,2000000
,,,,,,,,,,
,,,,,,,,,,
,,,,,,,,,,
,,,,,,,,,,
,,915,05/20/2026,TINTED,110,58,1110116000,,2000000,Sol.de Gastos
,,,,,,,,,,
,,,3.2.9.06168.0001,ALQUILER DE SILLAS - 200 SILLAS PLASTICAS  NEGRAS SIN APOYABRAZOS X 3 DIAS DESDE EL 02 AL 04 DE JUNIO,,,,,1,2000000
,,,,,,,,,,
,,,,,,,,,,
,,,,,,,,,,
,,,,,,,,,,
,,916,05/20/2026,PREYCO,110,58,1110116000,,34000,Ped.Suministros
,,,,,,,,,,
,,,3.6.1.03223.0004,"PUBLICIDAD GRAFICA - CD EN DIARIO LA TRIBUNA, TEXTO A CONFIRMAR POR LA DIRECCION DE PRENSA",,,,,1,34000
,,,,,,,,,,
,,,,,,,,,,
,,,,,,,,,,
,,,,,,,,,,
,,917,05/21/2026,DHMORO,110,12,1110104000,,3578960,Sol.de Gastos
,,,,,,,,,,
,,,2.9.5.05876.0005,"TROCAR - CAMISA DE TROCAR REUTILIZABLE - DE OPERACIÓN AUTOMÁTICA - MEDIDAS 10,5mm - CON VÁLVULA MÁGNETICA - DEBERÁ INCLUIR TROCAR DE SEGURIDAD DE 10,5mm DE DIÁMETRO - MATERIAL REUTILIZABLE - TIPO ECLERIS",,,,,4,894740
,,,,,,,,,,
,,,,,,,,,,
,,,,,,,,,,
,,,,,,,,,,
,,918,05/21/2026,SECTYT,110,73,1110127000,,343200,Ped.Suministros
,,,,,,,,,,
,,,2.9.6.00630.0001,CABLE P/BUJIA - JUEGO DE CABLES DE BUJIAS PARA VOLKSWAGEN SURAN DOMINIO OTZ-921,,,,,1,45600
,,,,,,,,,,
,,,,,,,,,,
,,,,,,,,,,
,,,,,,,,,,
,,919,05/21/2026,PREYCO,110,58,1110116000,,4506600,Sol.de Gastos
,,,,,,,,,,
,,,2.3.1.04933.0002,PAPEL CHAMBRIL - GRAMAJE 240 grs FORMATO ABIERTO 420 x 600 mm,,,,,10000,450.66
,,,,,,,,,,
,,,,,,,,,,
,,,,,,,,,,
,,,,,,,,,,
,,920,05/21/2026,6DIRIN,110,24,1110107000,,3016550,Ped.Suministros
,,,,,,,,,,
,,,2.2.2.02859.0002,"REMERA - MATERIAL JERSEY-ALGODON-  TALLE MEDIUM - MANGA CORTA, COLOR ROJO CON LOGO MUNICIPAL FRENTE IZQUIERDO Y ESPALDA CENTRAL.",,,,,10,33350
,,,,,,,,,,
,,,,,,,,,,
,,,,,,,,,,
,,,,,,,,,,
,,922,05/21/2026,6EDUDC,110,24,1110107000,,10140000,Sol.de Gastos
,,,,,,,,,,
,,,2.9.1.07096.0004,KIT DE LIMPIEZA - TIPO N° 1 COMPLEJO - DESCRIPCION EN ARCHIVO ADJUNTO,,,,,4,650000
,,,,,,,,,,
,,,,,,,,,,
,,,,,,,,,,
,,,,,,,,,,
,,923,05/21/2026,TINTED,110,58,1110116000,,2000000,Sol.de Gastos
,,,,,,,,,,
,,,3.5.9.06997.0001,SERVICIO DE SONIDO - SONIDO 4 CAJAS 450w EN TRIPODE.  CONSOLA DE 8 CANALES.  MICROFONO INALAMBRICO.  OPERADOR.  TRANSPORTE.  PC.,,,,,1,2000000
,,,,,,,,,,
,,,,,,,,,,
,,,,,,,,,,
,,,,,,,,,,
,,924,05/21/2026,SCIUDA,110,50,1110117000,,7896500,Sol.de Gastos
,,,,,,,,,,
,,,2.9.6.00941.0002,"BATERIA - TENSION 12V, CAP CORRIENTE 65A.",,,,,1,154800
,,,,,,,,,,
,,,,,,,,,,
,,,,,,,,,,
,,,,,,,,,,
,,925,05/21/2026,SCIUDA,131,50,1110117000,,5528000,Sol.de Gastos
,,,,,,,,,,
,,,2.9.6.01518.0002,AMORTIGUADOR - DELANTERO.,,,,,2,310000
,,,,,,,,,,
,,,,,,,,,,
,,,,,,,,,,
,,,,,,,,,,
,,926,05/21/2026,DHMORO,110,12,1110104000,,6292380,Sol.de Gastos
,,,,,,,,,,
,,,2.1.1.00788.0101,GALLETITAS - VARIEDAD GALLETAS DE ARROZ- SIN TACC (APTO CELIACO) - PRESENTACION PAQUETE x 100grs. TIPO DISKY/MOLINO ALA/ RIERA,,,,,40,2000
,,,,,,,,,,
,,,,,,,,,,
,,,,,,,,,,
,,,,,,,,,,
,,927,05/21/2026,DHMORO,110,12,1110104000,,990000,Ped.Suministros
,,,,,,,,,,
,,,3.3.3.02188.0038,"REPARACION DE EQUIPOS HOSPITALARIOS - REPARACION DE ECOGRAFO PHILIPS HD7 XE SERIE N°Cl53140227 DEL SERVICIO DE DIAGNOSTICO POR IMAGENES, SEGUN EL SIGUIENTE DETALLE:  -RECARGA DE SOFTWARE  GARANTIA 3 MESES.",,,,,1,990000
,,,,,,,,,,
,,,,,,,,,,
,,,,,,,,,,
,,,,,,,,,,
,,928,05/21/2026,DHMORO,110,12,1110104000,,18170000,Sol.de Gastos
,,,,,,,,,,
,,,2.9.3.03308.0023,"LAMPARAS - PANEL LED 30W - 0.30 x 1,20mts - PANEL PARA EMBUTIR - LUZ FRIA -  TIPO SICA/MECREO",,,,,40,20000
,,,,,,,,,,
,,,,,,,,,,
,,,,,,,,,,
,,,,,,,,,,
,,929,05/22/2026,DESARR,132,24,1110107000,,4580289,Sol.de Gastos
,,,,,,,,,,
,,,2.1.1.00541.0033,CARNE - ESPECIE VACUNA - CORTE BOLA DE LOMO EN TROZOS NO MAYORES A 5 KG- FRESCO SIN CONGELAR.,,,,,12,20218
,,,,,,,,,,
,,,,,,,,,,
,,,,,,,,,,
,,,,,,,,,,
,,930,05/22/2026,DHMORO,110,12,1110104000,,64800000,Sol.de Gastos
,,,,,,,,,,
,,,2.5.2.02551.0973,REACTIVO - GASES EN SANGRE - (SODIO/ POTASIO/ CLORURO/ CALCIO IONICO) BILIRRUBINA/GLUCOSA/LACTATO/UREA/HEMATOCRITO/HEMOGLOBINA/ COOXIMETRIA PARA EL DOSAJE DE Hb DERIVADAS Y PARAMETROS CALCULADOS.  DEBERA INCLUIR LA CANTIDAD DE EQUIPOS EN COMODATO NECESARI,,,,,7200,9000
,,,,,,,,,,
,,,,,,,,,,
,,,,,,,,,,
,,,,,,,,,,
,,931,05/22/2026,ALUMP,110,15,1110105000,,2656857.6,Sol.de Gastos
,,,,,,,,,,
,,,3.2.2.06164.0002,"ALQUILER GRUA HIDRAULICA GIRATORIA - DESCRIPCION: 10 METROS DE ALTURA, CON CHOFER, SEGURO Y COMBUSTIBLE A CARGO DEL PROVEEDOR CONTRATADO",,,,,4,664214.4
,,,,,,,,,,
,,,,,,,,,,
,,,,,,,,,,
,,,,,,,,,,
,,932,05/22/2026,6DESAH,110,24,1110107000,,2469350,Sol.de Gastos
,,,,,,,,,,
,,,2.9.6.07298.0005,SELLADOR P/JUNTAS - DESCRIPCION  ADHESIVO SELLADOR PEGAMENTO ANTIHUMEDAD PARA JUNTAS TIPO DRYMIX PRESENTACION  BOLSA POR 16 KILOGRAMOS 2 EN 1,,,,,1,69150
,,,,,,,,,,
,,,,,,,,,,
,,,,,,,,,,
,,,,,,,,,,
,,933,05/22/2026,TUDES,132,24,1110107000,,1606248.86,Sol.de Gastos
,,,,,,,,,,
,,,2.5.8.01505.0001,CHANELA - CHANELA FRONTAL 63MM TIPO FORTIFLEX,,,,,2,5200
,,,,,,,,,,
,,,,,,,,,,
,,,,,,,,,,
,,,,,,,,,,
,,934,05/22/2026,6SSEGO,110,41,1110111000,,160000,Ped.Suministros
,,,,,,,,,,
,,,2.9.6.00925.0016,BOMBA DE DIRECCION HIDRAULICA - VEHICULO CITROEN BERLINGO FURGON HDI 92 BUSINESS MIXTO,,,,,1,160000
,,,,,,,,,,
,,,,,,,,,,
,,,,,,,,,,
,,,,,,,,,,
,,935,05/26/2026,6LOGIS,110,45,1110103000,,1250000,Sol.de Gastos
,,,,,,,,,,
,,,2.3.1.05388.0005,BOLSAS DE POLIETILENO - TIPO BOLSAS DE ARRANQUE - MEDIDAS DE 40 X 50 CM - ROLLO DE 2 KG. APROX.    NOTA : SE DEBERA PRESENTAR MUESTRA DEL ITEM COTIZADO PARA SU POSTERIOR ADJUDICACIÓN.  EN DIRECCION DE LOGISTICA : SAN MARTIN 967 MORON,,,,,50,25000
,,,,,,,,,,
,,,,,,,,,,
,,,,,,,,,,
,,,,,,,,,,
,,936,05/26/2026,DIRPUB,110,15,1110105000,,4715000,Sol.de Gastos
,,,,,,,,,,
,,,2.9.9.04971.0001,"REPUESTOS DE JUEGOS DE PLAZAS - Tipo Repuesto para Hamaca de Goma Tabla - Con Cadena - Medidas: 0,50 m x 0,16 m - Equipamiento: Hamaca de goma anti-vandálica Tipo: Hule - Herrajes reforzados. Máxima seguridad anti-golpes - Tipo: GREENJUEGOS - ART. R-111 -",,,,,40,90000
,,,,,,,,,,
,,,,,,,,,,
,,,,,,,,,,
,,,,,,,,,,
,,937,05/26/2026,6DMAYO,110,15,1110105000,,750000,Sol.de Gastos
,,,,,,,,,,
,,,3.3.3.04310.0001,REPARACION ASCENSORES - DESCRIPCION = REEMPLAZO 2 LIMITES DE SINCRONISMO - REEMPLAZO DE 2 LIMITES CORTE DE MANIOBRA - REEMPLAZO DE CERRADURA DE PUERTA EXTERIOR EN SUBSUELO    ,,,,,1,750000
,,,,,,,,,,
,,,,,,,,,,
,,,,,,,,,,
,,,,,,,,,,
,,938,05/26/2026,DHMORO,110,12,1110104000,,1071195,Sol.de Gastos
,,,,,,,,,,
,,,3.4.9.03457.0001,SERVICIO DE DOSIMETRIA - DESCRIPCION PERSONAL POR FILMS MONITORING MARCADOS A PERCUSION CON RECAMBIO MENSUAL PARA 25 USUARIOS MARCA TLD 100,,,,,3,357065
,,,,,,,,,,
,,,,,,,,,,
,,,,,,,,,,
,,,,,,,,,,
,,939,05/26/2026,TINTED,110,58,1110116000,,2250000,Sol.de Gastos
,,,,,,,,,,
,,,3.9.9.06805.0005,SERVICIO DE DESAYUNO - DESCRIPCION PARA 100/150 PERSONAS.  EL SERVICIO INCLUYE:  -MEDIALUNAS.  -INFUSIONES.,,,,,1,2250000
,,,,,,,,,,
,,,,,,,,,,
,,,,,,,,,,
,,,,,,,,,,
,,940,05/26/2026,DHMORO,110,12,1110104000,,7000000,Sol.de Gastos
,,,,,,,,,,
,,,3.4.6.02354.0006,SERVICIO SISTEMAS ESPECIFICOS - DESCRIPCION MANTENIMIENTO CORRECTIVO PLATAFORMA CLOUD PARA LA ADMINISTRACION DEL SERVICIO DE SALUD EN HOSPITAL MUNICIPAL OSTACIANA B. DE LAVIGNOLLE Y SUS CONSULTORIOS EXTERNOS. EL SERVICIO DE GESTION ON LINE DEBERA INCLUIR:,,,,,2,3500000
,,,,,,,,,,
,,,,,,,,,,
,,,,,,,,,,
,,,,,,,,,,
,,941,05/26/2026,DHMORO,110,12,1110104000,,34200000,Sol.de Gastos
,,,,,,,,,,
,,,2.9.5.01909.0004,GUANTES USO MEDICINAL - GUANTES USO MEDICINAL - DE EXAMEN - MATERIAL LATEX DESCARTABLE - TAMAÑO GRANDE - PUÑO LARGO.,,,,,20000,45
,,,,,,,,,,
,,,,,,,,,,
,,,,,,,,,,
,,,,,,,,,,
,,942,05/26/2026,PROMTR,110,57,1110122000,,836000,Ped.Suministros
,,,,,,,,,,
,,,2.1.1.00541.0001,CARNE - ESPECIE VACUNO - CORTE CUADRIL,,,,,30,23500
,,,,,,,,,,
,,,,,,,,,,
,,,,,,,,,,
,,,,,,,,,,
,,943,05/26/2026,6SAEE,132,24,1110107000,,1270818312.4,Sol.de Gastos
,,,,,,,,,,
,,,5.1.5.07340.0001,"SERVICIO DE DISTRIBUCION DE ALIMENTOS EN CRUDO - SERVICIO DE DISTRIBUCION DE ALIMENTOS EN CRUDO - ZONA 1:  DESAYUNO/MERIENDA Y COMEDOR, SEGÚN MENU Y DETALLE EN LICITACION PÚBLICA 9/2025. ENTREGA EN INSTITUCIONES EDUCATIVAS PROVINCIALES Y MUNICIPALES DEL D",,,,,1,1270818312.4
,,,,,,,,,,
,,,,,,,,,,
,,,,,,,,,,
,,,,,,,,,,
,,944,05/26/2026,6EDUDC,110,24,1110107000,,2496860,Sol.de Gastos
,,,,,,,,,,
,,,2.5.5.00728.0082,PINTURA AL LATEX - TIPO LATEX - USO EXTERIORES - COLOR ROJO MUNICIPIO - CAPACIDAD 20L.,,,,,20,107741
,,,,,,,,,,
,,,,,,,,,,
,,,,,,,,,,
,,,,,,,,,,
,,945,05/26/2026,6EDUDC,110,24,1110107000,,4351264,Ped.Suministros
,,,,,,,,,,
,,,4.3.7.00096.0002,MICROONDAS - INTERIOR DE ACERO INOXIDABLE - CAPACIDAD 27L - 900W - ACCESORIOS SIN,,,,,3,490500
,,,,,,,,,,
,,,,,,,,,,
,,,,,,,,,,
,,,,,,,,,,
,,946,05/26/2026,6EDUDC,110,24,1110107000,,1408825,Sol.de Gastos
,,,,,,,,,,
,,,2.7.9.01653.0029,"CAÑO - MATERIAL COBRE - TIPO DE ALTA MALEABILIDAD PARA INSTALACION DE AIRE ACONDICIONADO - DIAMETRO 1/4"" - FRACCIONADO POR 25 MTS",,,,,4,58527
,,,,,,,,,,
,,,,,,,,,,
,,,,,,,,,,
,,,,,,,,,,
,,947,05/26/2026,DHMORO,110,12,1110104000,,85470000,Sol.de Gastos
,,,,,,,,,,
,,,2.5.2.02551.0023,REACTIVO - DETERMINACION CKMB - COD. SAP 8057486190  ,,,,,1500,800
,,,,,,,,,,
,,,,,,,,,,
,,,,,,,,,,
,,,,,,,,,,
,,948,05/26/2026,PREYCO,110,58,1110116000,,364000,Sol.de Gastos
,,,,,,,,,,
,,,3.5.3.02165.0068,"SERVICIO DE IMPRESION - De VINILOS, incluida colocación, para 2 Totems de  3 caras c/u - Medidas: 35cm x 245cm. Contenido a confirmar",,,,,1,320000
,,,,,,,,,,
,,,,,,,,,,
,,,,,,,,,,
,,,,,,,,,,
,,949,05/26/2026,DHMORO,110,12,1110104000,,57420000,Sol.de Gastos
,,,,,,,,,,
,,,2.3.4.00783.0001,TOALLAS DE  PAPEL PARA COCINA - TOALLAS DE  PAPEL PARA COCINA - GRAMAJE 55/60Gr/m2 - DIMENSION 20 x 22cm. - COLOR BLANCO - DOBLE HOJA - PRESENTACION ROLLO x 50 HOJAS (ENTREGAR ENPAQUETADO X 3 UNIDADES).,,,,,4000,1500
,,,,,,,,,,
,,,,,,,,,,
,,,,,,,,,,
,,,,,,,,,,
,,950,05/26/2026,FGAJEF,110,58,1110116000,,34071000,Sol.de Gastos
,,,,,,,,,,
,,,4.3.9.08159.0001,"PUESTO PARA EMPRENDIMIENTOS - DESCRIPCION: CONSTRUIDO EN CHAPA 150 X 60 CM., SEGÚN  CROQUIS ADJUNTO",,,,,30,1135700
,,,,,,,,,,
,,,,,,,,,,
,,,,,,,,,,
,,,,,,,,,,
,,951,05/26/2026,FGAJEF,110,58,1110116000,,692200,Sol.de Gastos
,,,,,,,,,,
,,,2.1.1.00511.0011,TE - PRESENTACION CAJA - CONTIENE 100 SAQUITOS - PESO .2 GR. C/U - TIPO TARAGUI,,,,,7,4600
,,,,,,,,,,
,,,,,,,,,,
,,,,,,,,,,
,,,,,,,,,,
,,952,05/27/2026,DHMORO,110,12,1110104000,,3000000,Sol.de Gastos
,,,,,,,,,,
,,,3.2.9.03558.0001,"ALQUILER DE EQUIPAMIENTO HOSPITALARIO - EQUIPOS - HASTA UN MAXIMO DE $3.000.000, INCLUYE EL ALQUILER DE BOMBAS DE INFUSION, CALENTADOR HUMIDIFICADOR, ELECTROBISTURI, CARDIODESFIBRILADOR, MONITOR DE ECG y CO2, OXIMETRO DE PULSO, RESPIRADOR NEONATAL MICROPR",,,,,1,3000000
,,,,,,,,,,
,,,,,,,,,,
,,,,,,,,,,
,,,,,,,,,,
,,953,05/27/2026,PROMTR,110,57,1110122000,,7018455,Sol.de Gastos
,,,,,,,,,,
,,,2.1.1.00516.0001,CHOCLO -  PRESENTACION EN LATA -,,,,,20,1615
,,,,,,,,,,
,,,,,,,,,,
,,,,,,,,,,
,,,,,,,,,,
,,954,05/27/2026,26ALBV,110,58,1110116000,,136500,Sol.de Gastos
,,,,,,,,,,
,,,2.1.1.00439.0012,ACEITE COMESTIBLE - TIPO GIRASOL - PRESENTACION BIDON X 5 LITROS,,,,,1,19000
,,,,,,,,,,
,,,,,,,,,,
,,,,,,,,,,
,,,,,,,,,,
,,955,05/27/2026,26ALBV,110,58,1110116000,,442956.8,Sol.de Gastos
,,,,,,,,,,
,,,2.9.6.08157.0001,PARCHE PARA CARDIODESFIBRILADOR - ELECTRODO PAR PARA DEA FRED-PA1 ADULTO. MARCA SCHILLER ORIGINAL,,,,,1,442956.8
,,,,,,,,,,
,,,,,,,,,,
,,,,,,,,,,
,,,,,,,,,,
,,957,05/27/2026,DHMORO,110,12,1110104000,,5633530,Sol.de Gastos
,,,,,,,,,,
,,,2.5.2.02551.0822,REACTIVO - MEDIO BASE - USO PARA PREPARAR CROMOGENICO PARA KPC,,,,,1,378025
,,,,,,,,,,
,,,,,,,,,,
,,,,,,,,,,
,,,,,,,,,,
,,958,05/27/2026,6POEDU,110,24,1110107000,,3600000,Ped.Suministros
,,,,,,,,,,
,,,2.9.6.05787.0001,DISPOSITIVO USB - PENDRIVE 128GB USB 3.2,,,,,6,40000
,,,,,,,,,,
,,,,,,,,,,
,,,,,,,,,,
,,,,,,,,,,
,,959,05/27/2026,DILOG,110,57,1110122000,,2070000,Ped.Suministros
,,,,,,,,,,
,,,3.3.2.02162.0001,REPARACION VEHICULO - TAREA REPARACION DE MOTOR DE ARRANQUE,,,,,1,890000
,,,,,,,,,,
,,,,,,,,,,
,,,,,,,,,,
,,,,,,,,,,
,,960,05/27/2026,SNJDE,132,24,1110107000,,204000,Sol.de Gastos
,,,,,,,,,,
,,,2.9.6.00401.0003,CARTUCHO TONER - LASER TONER CARTIGE ALTERNATIVO PARA USAR EN IMPRESORA MARCA XR PHASER 3020/3025,,,,,15,13600
,,,,,,,,,,
,,,,,,,,,,
,,,,,,,,,,
,,,,,,,,,,
,,961,05/27/2026,DPRDNN,132,24,1110107000,,1748300,Sol.de Gastos
,,,,,,,,,,
,,,2.7.9.02098.0006,RAMAL - MATERIAL POLIPROPILENO - DIAMETRO 63 MM- INCLUYE ORRING.,,,,,3,7800
,,,,,,,,,,
,,,,,,,,,,
,,,,,,,,,,
,,,,,,,,,,
,,962,05/27/2026,PROMTR,110,57,1110122000,,607745,Ped.Suministros
,,,,,,,,,,
,,,2.9.5.00426.0003,BASTON DE APOYO - TIPO CUATRO PUNTAS,,,,,1,30492
,,,,,,,,,,
,,,,,,,,,,
,,,,,,,,,,
,,,,,,,,,,
,,963,05/27/2026,TUDES,132,24,1110107000,,5194700,Sol.de Gastos
,,,,,,,,,,
,,,4.3.7.00019.0001,COCINA ELECTRICA - HORNO ELECTRICO- TIPO PIZZERO-P/6 MOLDES- TIPO MARCA USMAN- PUERTA DE VIDRIO O SIMILAR,,,,,1,2289500
,,,,,,,,,,
,,,,,,,,,,
,,,,,,,,,,
,,,,,,,,,,
,,964,05/28/2026,DHMORO,110,12,1110104000,,119493000,Sol.de Gastos
,,,,,,,,,,
,,,2.5.2.02551.0825,REACTIVO - DETERMINACION CMV IgG,,,,,120,6600
,,,,,,,,,,
,,,,,,,,,,
,,,,,,,,,,
,,,,,,,,,,
,,965,05/28/2026,6DLOGI,110,15,1110105000,,8000000,Sol.de Gastos
,,,,,,,,,,
,,,3.3.2.02460.0018,REPARACION DE CAMION CAMIONETA Y EQ.VIALES - DESCRIPCION = REPARACION DE PAQUETE DE VALVULAS HIDRAULICO DE COMANDO - USO COMPACTADOR SCORZA DE OBRAS  ,,,,,1,8000000
,,,,,,,,,,
,,,,,,,,,,
,,,,,,,,,,
,,,,,,,,,,
,,966,05/28/2026,6DLOGI,110,15,1110105000,,0.1,Ped.Suministros
,,,,,,,,,,
,,,3.3.2.02460.0018,REPARACION DE CAMION CAMIONETA Y EQ.VIALES - DESCRIPCION =,,,,,1,0.1
,,,,,,,,,,
,,,,,,,,,,
,,,,,,,,,,
,,,,,,,,,,
,,967,05/28/2026,TUDES,132,24,1110107000,,2530000,Sol.de Gastos
,,,,,,,,,,
,,,4.3.5.08161.0001,"BATERIA - DESCRIPCION: 5 CUERPOS ACUSTICA, TIPO PARQUER, BOMBO 22"" X 16, TOM DE PIE 16"" X 16"", TOMS 12"" Y 10"",TAMBOR 14"" X 5.5, CON HI HAT 14 X 2, CRASH 16 X 1, BANQUETA, PEDAL DE BOMBO",,,,,1,1100000
,,,,,,,,,,
,,,,,,,,,,
,,,,,,,,,,
,,,,,,,,,,
,,968,05/28/2026,DHMORO,110,12,1110104000,,120000000,Ped.Suministros
,,,,,,,,,,
,,,2.5.2.02551.0103,"REACTIVO - DETERMINACION HEMOGRAMAS.   INCLUYE LA PROVISION DE CONSUMIBLES, CONTROLES, CALIBRADORES NECESARIOS PARA LA REALIZACION DEL MENCIONADO ESTUDIO. DEBERA INCLUIR LA CANTIDAD DE EQUIPOS EN COMODATO NECESARIOS PARA EL PROCESAMIENTO ADECUADO A LA CAN",,,,,60000,2000
,,,,,,,,,,
,,,,,,,,,,
,,,,,,,,,,
,,,,,,,,,,
,,969,05/28/2026,TINTED,110,58,1110116000,,74000,Sol.de Gastos
,,,,,,,,,,
,,,2.6.2.03032.0009,VIDRIO PLANO - PARA PUERTA - ESPESOR 4 mm - TRANSPARENCIA 100% -  MEDIDAS 725 X 1670 CM,,,,,1,74000
,,,,,,,,,,
,,,,,,,,,,
,,,,,,,,,,
,,,,,,,,,,
,,970,05/28/2026,DHMORO,110,12,1110104000,,1000000,Sol.de Gastos
,,,,,,,,,,
,,,2.5.2.03398.0006,CONTRASTE RADIOLOGICO - DROGA GENERICA GADOPENTETATO DE DIMEGLUMINA (GADOLINIO) - FORMA FARMACEUTICA FRASCO AMPOLLA - PRESENTACION 469mg/ml. x 15ml.,,,,,20,50000
,,,,,,,,,,
,,,,,,,,,,
,,,,,,,,,,
,,,,,,,,,,
,,971,05/28/2026,DPSCAP,110,12,1110104000,,6100000,Sol.de Gastos
,,,,,,,,,,
,,,3.3.3.01400.0001,"MANTENIMIENTO ASCENSORES - MANTENIMIENTO MENSUAL DE 5 (CINCO)  ASCENSORES  UBICADOS EN:   *CAPS DR JORGE SALINAS , DIRECCION PERGAMINO 1820 ENTRE TUCUMAN Y MUNILLA  *DIRECCION GENERAL DE ATENCION PRIMARIA, PELLEGRINI 622  *CAPS DR MONTE, DIRECCION GRITO D",,,,,4,1525000
,,,,,,,,,,
,,,,,,,,,,
,,,,,,,,,,
,,,,,,,,,,
,,972,05/28/2026,TUDES,132,24,1110107000,,1231199.36,Sol.de Gastos
,,,,,,,,,,
,,,2.5.5.00728.0089,PINTURA AL LATEX - PINTURA- TIPO LATEX - USO INTERIORES - COLOR BLANCO MATE - CAPACIDAD 20L- MARCA TIPO MEGALUX.,,,,,4,83389.16
,,,,,,,,,,
,,,,,,,,,,
,,,,,,,,,,
,,,,,,,,,,
,,973,05/29/2026,URIING,110,45,1110103000,,36000000,Sol.de Gastos
,,,,,,,,,,
,,,3.4.9.03045.0001,"ESTUDIO TECNICO - Servicio profesional de relevamiento y medición de sitios con infraestructura radioeléctrica, orientado a la identificación y georreferenciación de sistemas de telecomunicaciones instalados en el Municipio.   El servicio comprende la eje",,,,,6,6000000
,,,,,,,,,,
,,,,,,,,,,
,,,,,,,,,,
,,,,,,,,,,
,,974,05/29/2026,DHMORO,110,12,1110104000,,108000000,Sol.de Gastos
,,,,,,,,,,
,,,2.5.2.02551.0898,REACTIVO - DETERMINACION TP (TIEMPO DE PROTOMBINA).,,,,,18000,3000
,,,,,,,,,,
,,,,,,,,,,
,,,,,,,,,,
,,,,,,,,,,
,,975,05/29/2026,6POEDU,110,24,1110107000,,2831650,Sol.de Gastos
,,,,,,,,,,
,,,2.1.1.00453.0001,GASEOSA - ENVASE BOTELLA PLASTICA DESC. - CAPACIDAD 2 1/4L - SABOR COLA.,,,,,15,2350
,,,,,,,,,,
,,,,,,,,,,
,,,,,,,,,,
,,,,,,,,,,
,,976,06/01/2026,TINTED,110,58,1110116000,,1137000,Sol.de Gastos
,,,,,,,,,,
,,,3.9.1.08152.0001,"ALQUILER DE TOTEM - -  1 TOTEM GA 401 - 43""  1 TOTEM GA 500 - 55""  2 MONITOREO REMOTO",,,,,1,1137000
,,,,,,,,,,
,,,,,,,,,,
,,,,,,,,,,
,,,,,,,,,,
,,977,06/01/2026,URIING,110,45,1110103000,,60000000,Sol.de Gastos
,,,,,,,,,,
,,,3.5.3.02165.0001,SERVICIO DE IMPRESION - Servicio de impresión de tasas varias. Tamaño: A5 (148 x 210 mm)  Impresión: Frente y dorso (4/4) colores  Papel: Obra . Personalización: Inclusión de dato variable. Entregas parciales a requerimiento segun diseño.  Proceso de Impr,,,,,1,60000000
,,,,,,,,,,
,,,,,,,,,,
,,,,,,,,,,
,,,,,,,,,,
,,978,06/01/2026,DUINPR,110,66,1110125000,,4548000,Sol.de Gastos
,,,,,,,,,,
,,,2.3.3.01133.0015,"TARJETA - JOVEN 4.000   MEDIDAS 8,5 CM X 5,3 CM - TROQUELADAS CON PUNTAS REDONDEADAS - CORTE SOBRE TINTA A UN COLOR EN UNA CARA - SE ADJUNTA MODELO    TARJETA JUBILADOS 2.000   MEDIDAS 8,5 CM X 5,3 CM - TROQUELADAS CON PUNTAS REDONDEADAS - CORTE SOBRE TIN",,,,,6000,758
,,,,,,,,,,
,,,,,,,,,,
,,,,,,,,,,
,,,,,,,,,,
,,979,06/02/2026,DHMORO,110,12,1110104000,,32639246,Sol.de Gastos
,,,,,,,,,,
,,,3.3.3.05047.0002,"REPARACIÓN DE EQUIPOS - REPARACION DE EQUIPO COMPRESOR DE AIRE COMPRIMIDO CENTRAL DE GUARDIA QUE INCLUYE LA REPARACION INTEGRAL DE CABEZAL EQUIPO DE AIRE COMPRIMIDO 5,5HP (130-90) N°02082646 SEGUN EL SIGUIENTE DETALLE:.  -2 ARO 90mm  -2 ARO 130mm  -1 JUNT",,,,,1,8143280
,,,,,,,,,,
,,,,,,,,,,
,,,,,,,,,,
,,,,,,,,,,
,,980,06/02/2026,DHMORO,110,12,1110104000,,6480000,Sol.de Gastos
,,,,,,,,,,
,,,2.5.1.03003.0001,ANHIDRIDO CARBONICO - PRESENTACION TUBO - CAPACIDAD 27Kg.,,,,,216,30000
,,,,,,,,,,
,,,,,,,,,,
,,,,,,,,,,
,,,,,,,,,,
,,981,06/02/2026,SECTYT,110,73,1110127000,,7750000,Sol.de Gastos
,,,,,,,,,,
,,,3.2.9.07456.0002,SERVICIO DE ALQUILER - SERVICIO DE ALQUILER - SERVICIO DE ALQUILER - REALIZACION DE TRASLADO MENSUALES (GRUA) TURNO (21HS A 9HS) CON CHOFER PARA ACARREO EN VIA PUBLICA,,,,,1,4250000
,,,,,,,,,,
,,,,,,,,,,
,,,,,,,,,,
,,,,,,,,,,
,,982,06/02/2026,SCIUDA,131,50,1110117000,,6920000,Sol.de Gastos
,,,,,,,,,,
,,,3.4.9.04616.0001,"SERVICIO INSTALACIÓN EQUIPOS REFRIGERACIÓN - VERIFICACION, REPARACION Y PUESTA EN MARCHA DE EQUIPOS DE REFRIGERACION CENTRAL DE DATA CENTER, POR INCONVENIENTE EN CAÑERIA CON FUGA. VERIFICACION DE EQUIPO EN OFICINA PB Y SUM. REVISION, GENERAL DE TODOS LOS ",,,,,1,6920000
,,,,,,,,,,
,,,,,,,,,,
,,,,,,,,,,
,,,,,,,,,,
,,983,06/02/2026,PROMTR,110,57,1110122000,,4555000,Ped.Suministros
,,,,,,,,,,
,,,3.3.3.05241.0001,"REPRACION DE MAQUINA DE COSER -              1-MAQUINA DE CORTE DAPET CZD-3 8 pulg : Cambio de cuchilla afiladores , corrección de carro , rectificado de guias  2--MAQUINA POSTE YAMATA TY-820: Cambio de tira hilo , puesta a punto , cambio de correa , repa",,,,,1,4555000
,,,,,,,,,,
,,,,,,,,,,
,,,,,,,,,,
,,,,,,,,,,
,,984,06/03/2026,RESALC,110,58,1110116000,,1980000,Ped.Suministros
,,,,,,,,,,
,,,4.3.7.03506.0018,EQUIPO AIRE ACONDICIONADO - TIPO SPLIT - DESCRIPCION 3000 FRIGORIAS FRIO / CALOR - GARANTIA 1 AÑO,,,,,2,990000
,,,,,,,,,,
,,,,,,,,,,
,,,,,,,,,,
,,,,,,,,,,
,,985,06/03/2026,SEDELO,110,57,1110122000,,320000,Ped.Suministros
,,,,,,,,,,
,,,4.3.5.00206.0001,MICROFONO - AMPLIFICADOR PORTATIL- CONEXION USB-INALAMBRICO-FORMATO VINCHA-SD-BLUETOOTH-BATERIA RECARGABLE TIPO GADNIC  SE ADJUNTA IMAGEN,,,,,4,80000
,,,,,,,,,,
,,,,,,,,,,
,,,,,,,,,,
,,,,,,,,,,
,,986,06/03/2026,SECMUJ,110,64,1110113000,,1400000,Sol.de Gastos
,,,,,,,,,,
,,,3.5.9.06818.0002,"IMPRESION VOLANTES - Impresion a Color  - Volante "" Politicas para la Diversidad"" de 1 cara A5 - Papel Ilustracion de 115gr. Medida 21 x 15cm. Cantidad: 1000 unidades.",,,,,1,540000
,,,,,,,,,,
,,,,,,,,,,
,,,,,,,,,,
,,,,,,,,,,
,,987,06/03/2026,DHMORO,110,12,1110104000,,31976000,Sol.de Gastos
,,,,,,,,,,
,,,2.9.5.03372.0001,CINTA AUTOADHESIVA CONTROL VIRAJE - DESCRIPCION CALOR HUMEDO (18mm x 50mts) - CON TESTIGO QUIMICO DE VIRAJE NETO Y DEFINIDO CADA 10mm a 15mm. Y CON ADHESIVO RESISTENTE AL PROCESO Y BUEN PODER ADHERENTE - PRESENTACION ROLLO - TIPO KIMS.,,,,,200,6500
,,,,,,,,,,
,,,,,,,,,,
,,,,,,,,,,
,,,,,,,,,,
,,988,06/03/2026,6EDUDC,110,24,1110107000,,2100000,Sol.de Gastos
,,,,,,,,,,
,,,3.3.3.01400.0003,MANTENIMIENTO ASCENSORES - MANTENIMIENTO ASCENSOR ESCUELA DE DANZAS- FRECUENCIA MENSUAL - TIPO ELECTRICO,,,,,6,350000
,,,,,,,,,,
,,,,,,,,,,
,,,,,,,,,,
,,,,,,,,,,
,,989,06/03/2026,FSO,110,37,1110200000,,6300000,Sol.de Gastos
,,,,,,,,,,
,,,3.3.3.01400.0001,MANTENIMIENTO ASCENSORES - MANTENIMIENTO DE TRES ASCENSORES UBICADOS EN EL HONORABLE CONCEJO DELIBERANTE DE MORON. DESDE JULIO A DICIEMBRE 2026,,,,,6,1050000
,,,,,,,,,,
,,,,,,,,,,
,,,,,,,,,,
,,,,,,,,,,
,,990,06/03/2026,FSO,110,37,1110200000,,1120000,Sol.de Gastos
,,,,,,,,,,
,,,2.9.9.03508.0001,"ARREGLO FLORAL - TIPO CORONA DE LAURELES - ADQUISICION DE OFRENDAS CORONA DE LAURELES Y ARREGLOS FLORALES - HOMENAJES, NATALICIOS Y FALLECIMIENTO DE PROCERES Y EX PRESIDENTES.",,,,,8,140000
,,,,,,,,,,
,,,,,,,,,,
,,,,,,,,,,
,,,,,,,,,,
,,991,06/03/2026,FSO,110,37,1110200000,,440000,Sol.de Gastos
,,,,,,,,,,
,,,3.3.3.02040.0002,"MANT. AIRE ACONDICIONADO - REPARACION DE DOS EQUIPOS DE AIRE ACONDICIONADO QUE INCLUYE: UN EQUIPO LG DE 3000 FRIGORIAS, CAMBIO DE MOTOCOMPRESOR, CARGA DE GAS Y PUESTA EN MARCHA. COSTO UNITARIO $220.000.- ** UN EQUIPO MARCA SURREY DE 3000 FRIGORIAS, CAMBIO",,,,,2,220000
,,,,,,,,,,
,,,,,,,,,,
,,,,,,,,,,
,,,,,,,,,,
,,992,06/03/2026,PREYCO,110,58,1110116000,,1950000,Sol.de Gastos
,,,,,,,,,,
,,,3.6.1.05564.0108,PUBLICIDAD PAGINA WEB - . Portal www.comunicacionsocial.org.ar. Banner 800 x 800 pxl. Contenido a Confirmar.  ,,,,,3,650000
,,,,,,,,,,
,,,,,,,,,,
,,,,,,,,,,
,,,,,,,,,,
,,993,06/03/2026,PREYCO,110,58,1110116000,,1950000,Sol.de Gastos
,,,,,,,,,,
,,,3.6.1.03446.0004,PUBLICIDAD RADIAL - FM en Tránsito. Tandas rotativas. Contenido a confirmar por la Secretaría de comunicación.,,,,,3,650000
,,,,,,,,,,
,,,,,,,,,,
,,,,,,,,,,
,,,,,,,,,,
,,994,06/03/2026,PREYCO,110,58,1110116000,,1500000,Sol.de Gastos
,,,,,,,,,,
,,,3.6.1.03446.0048,"PUBLICIDAD RADIAL - FM en Tránsito. ""La 94 Sport"". Contenido a Confirmar por la Secretaría de Comunicación.",,,,,3,500000
,,,,,,,,,,
,,,,,,,,,,
,,,,,,,,,,
,,,,,,,,,,
,,995,06/03/2026,PREYCO,110,58,1110116000,,600000,Sol.de Gastos
,,,,,,,,,,
,,,3.6.1.03446.0540,PUBLICIDAD RADIAL - En radio AM810. Radio Federal. Transmision de fútbol. Contenido a confirmar.,,,,,3,200000
,,,,,,,,,,
,,,,,,,,,,
,,,,,,,,,,
,,,,,,,,,,
,,996,06/03/2026,PREYCO,110,58,1110116000,,1200000,Sol.de Gastos
,,,,,,,,,,
,,,3.6.1.02510.0043,"SERV.DE PUBLICIDAD TELEVISIVA - Para Cablevision. Canal 7. Programa ""La hora de Morón"". Contenido a confirmar.",,,,,3,400000
,,,,,,,,,,
,,,,,,,,,,
,,,,,,,,,,
,,,,,,,,,,
,,997,06/03/2026,PREYCO,110,58,1110116000,,1800000,Sol.de Gastos
,,,,,,,,,,
,,,3.6.1.02510.0094,"SERV.DE PUBLICIDAD TELEVISIVA - Para Cablevision. Canal 7. Programa ""Boca es Boca"". Conduce Marcelo Giovanini. Contenido a confirmar.",,,,,3,600000
,,,,,,,,,,
,,,,,,,,,,
,,,,,,,,,,
,,,,,,,,,,
,,998,06/03/2026,PREYCO,110,58,1110116000,,1500000,Sol.de Gastos
,,,,,,,,,,
,,,3.6.1.02510.0178,"SERV.DE PUBLICIDAD TELEVISIVA - En cablevisión. Programa ""AM TV de aca"". Contenido a confirmar.",,,,,3,500000
,,,,,,,,,,
,,,,,,,,,,
,,,,,,,,,,
,,,,,,,,,,
,,999,06/03/2026,TINTED,110,58,1110116000,,1320000,Sol.de Gastos
,,,,,,,,,,
,,,3.9.1.07239.0001,SERVICIO DE DESAYUNO -   SANDWICHES DE MIGA DE JAMON Y QUESO  CUADRADOS DE BROWNIE  CUADRADOS DE LIMON  MEDIALUNAS  ALFAJORES DE MAICENA   CHIPS DE JAMON Y QUESO   INFUSIONES VARIAS  SERVICIO PARA 60 PERSONAS,,,,,1,1320000
,,,,,,,,,,
,,,,,,,,,,
,,,,,,,,,,
,,,,,,,,,,
,,1000,06/03/2026,PREYCO,110,58,1110116000,,1500000,Sol.de Gastos
,,,,,,,,,,
,,,3.6.1.02510.0176,"SERV.DE PUBLICIDAD TELEVISIVA - En cablevisión. Programa ""El Consultorio TV Saludable"". Contenido a confirmar.",,,,,3,500000
,,,,,,,,,,
,,,,,,,,,,
,,,,,,,,,,
,,,,,,,,,,
,,1001,06/03/2026,PREYCO,110,58,1110116000,,450000,Sol.de Gastos
,,,,,,,,,,
,,,3.6.1.03446.0211,"PUBLICIDAD RADIAL - Programa ""Mil Disculpas"". FM 95.3 Imaginaria. Sábados 9 a 11hs. - Contenido a Confirmar.",,,,,3,150000
,,,,,,,,,,
,,,,,,,,,,
,,,,,,,,,,
,,,,,,,,,,
,,1002,06/03/2026,PREYCO,110,58,1110116000,,1500000,Sol.de Gastos
,,,,,,,,,,
,,,3.6.1.07353.0002,"SERVICIO PUBLICITARIO - Publicidad en portal www.fmfribuay.org.ar. Medidas banner 305 x 215 pxl. Rotación de Spot radial en horario central en programas semanal ""Al carajo"",  y diario ""Ahora dicen que"", emitidos en simultaneo por La Red de medios del Oest",,,,,3,500000
,,,,,,,,,,
,,,,,,,,,,
,,,,,,,,,,
,,,,,,,,,,
,,1003,06/03/2026,PREYCO,110,58,1110116000,,900000,Sol.de Gastos
,,,,,,,,,,
,,,3.6.1.05564.0127,PUBLICIDAD PAGINA WEB - . En portal www.oestenoticias.com. Banner 970 x 250 pxl. Contenido a confirmar.,,,,,3,300000
,,,,,,,,,,
,,,,,,,,,,
,,,,,,,,,,
,,,,,,,,,,
,,1004,06/03/2026,PREYCO,110,58,1110116000,,900000,Sol.de Gastos
,,,,,,,,,,
,,,3.6.1.05564.0169,PUBLICIDAD PAGINA WEB -  En portal www.primicias365.com. Banner 250x300 pxl. Contenido a confirmar.,,,,,3,300000
,,,,,,,,,,
,,,,,,,,,,
,,,,,,,,,,
,,,,,,,,,,
,,1005,06/04/2026,DHMORO,110,12,1110104000,,91097600,Sol.de Gastos
,,,,,,,,,,
,,,2.1.1.00541.0033,CARNE - ESPECIE VACUNA - CORTE BOLA DE LOMO - FRESCA - NO ENVASADA AL VACÍO,,,,,720,21100
,,,,,,,,,,
,,,,,,,,,,
,,,,,,,,,,
,,,,,,,,,,
,,1006,06/04/2026,DHMORO,110,12,1110104000,,107000000,Sol.de Gastos
,,,,,,,,,,
,,,3.9.9.02439.0001,"SERV. DE RECOLECCION DE RESIDUOS PATOLOGICOS - RETIRO, TRASLADO, TRATAMIENTO y DISPOSICION FINAL DE LOS RESIDUOS PATOGENICOS (Y01) y (Y06/Y16), QUE SE PRODUZCAN EN EL HOSPITAL DE MORON, CONSULTORIOS EXTERNOS DE PELLEGRINI, 15 CENTROS DE SALUD y DIRECCION ",,,,,1,107000000
,,,,,,,,,,
,,,,,,,,,,
,,,,,,,,,,
,,,,,,,,,,
,,1007,06/04/2026,6DLOGI,110,15,1110105000,,9000000,Sol.de Gastos
,,,,,,,,,,
,,,3.3.2.02460.0023,REPARACION DE CAMION CAMIONETA Y EQ.VIALES - DESCRIPCION = REPARACION Y CAMBIO DE PERNO DE BRAZO DE HIDRO - CAMBIO DE BUJES - CAMBIO DE SEGUROS - TEMPLADO Y DUREZA - TRATAMIENTO TERMICO - MATERIALES Y MANO DE OBRA - USO DOMINIO AB 864 VP    ,,,,,1,9000000
,,,,,,,,,,
,,,,,,,,,,
,,,,,,,,,,
,,,,,,,,,,
,,1008,06/04/2026,PREYCO,110,58,1110116000,,720000,Sol.de Gastos
,,,,,,,,,,
,,,3.6.1.03446.0541,"PUBLICIDAD RADIAL - Programa ""Sucesos y Protagonistas"". En  Radio La Siglo 100.3. Más presencia en redes. Contenido a confirmar.",,,,,3,120000
,,,,,,,,,,
,,,,,,,,,,
,,,,,,,,,,
,,,,,,,,,,
,,1009,06/04/2026,PREYCO,110,58,1110116000,,2100000,Sol.de Gastos
,,,,,,,,,,
,,,3.6.1.05564.0188,PUBLICIDAD PAGINA WEB - En portal www.elcondordemoron.com.ar - Banner 300x250 pxl. Contenido a confirmar.,,,,,3,700000
,,,,,,,,,,
,,,,,,,,,,
,,,,,,,,,,
,,,,,,,,,,
,,1010,06/04/2026,PREYCO,110,58,1110116000,,900000,Sol.de Gastos
,,,,,,,,,,
,,,3.6.1.05564.0188,PUBLICIDAD PAGINA WEB - .www.laciudadweb.com.ar  Banner 300 x 250 px. Contenido a confirmar,,,,,3,300000
,,,,,,,,,,
,,,,,,,,,,
,,,,,,,,,,
,,,,,,,,,,
,,1011,06/04/2026,PREYCO,110,58,1110116000,,1500000,Ped.Suministros
,,,,,,,,,,
,,,3.6.1.03446.0530,"PUBLICIDAD RADIAL -  Rotativas en ""www.kamikaze.com.ar"" y Banner web 850x110 pxl. Contenido a confirmar",,,,,3,500000
,,,,,,,,,,
,,,,,,,,,,
,,,,,,,,,,
,,,,,,,,,,
,,1012,06/04/2026,6DRINF,132,41,1110111000,,149961481.56,Sol.de Gastos
,,,,,,,,,,
,,,4.2.2.05214.0004,"PAVIMENTO - BACHEO DE HORMIGÓN DE 837,20 M2 - INCLUYE: Demolición de losas; Suelo Seleccionado Estabilizado al 4% C.U.V.y Compactado, espesor: 0.20cm; Base de Hormigón Pobre H13, espesor: 0.12m; Pavimento de Hormigón Simple H30, espesor: 0.18m; Retomado d",,,,,1,149961481.56
,,,,,,,,,,
,,,,,,,,,,
,,,,,,,,,,
,,,,,,,,,,
,,1013,06/04/2026,PREYCO,110,58,1110116000,,600000,Sol.de Gastos
,,,,,,,,,,
,,,3.6.1.05564.0047,"PUBLICIDAD PAGINA WEB - En portal www.Vivíeloeste.com Banner en home de 600 X 150 pxly en Sección Morón, banner de 300 x 300 pxl. Contenido a confirmar.",,,,,3,200000
,,,,,,,,,,
,,,,,,,,,,
,,,,,,,,,,
,,,,,,,,,,
,,1014,06/04/2026,PREYCO,110,58,1110116000,,600000,Sol.de Gastos
,,,,,,,,,,
,,,3.6.1.05564.0153,PUBLICIDAD PAGINA WEB - En portal web www.radioveo.com.ar Banner 300x250 pxl. Contenido a Confirmar.,,,,,3,200000
,,,,,,,,,,
,,,,,,,,,,
,,,,,,,,,,
,,,,,,,,,,
,,1015,06/04/2026,PREYCO,110,58,1110116000,,900000,Sol.de Gastos
,,,,,,,,,,
,,,3.6.1.03446.0503,PUBLICIDAD RADIAL - Tandas rotativas Radio VEO. Contenido a Confirmar.,,,,,3,300000
,,,,,,,,,,
,,,,,,,,,,
,,,,,,,,,,
,,,,,,,,,,
,,1016,06/04/2026,PREYCO,110,58,1110116000,,600000,Sol.de Gastos
,,,,,,,,,,
,,,3.6.1.03446.0540,"PUBLICIDAD RADIAL - Programa ""Desarmando la mañana"". Radio AM Contacto 1460kz - Lunes de 10 a 12Hs y miércoles de 9 a 12Hs. - Contenido a confirmar",,,,,3,200000
,,,,,,,,,,
,,,,,,,,,,
,,,,,,,,,,
,,,,,,,,,,
,,1017,06/04/2026,PREYCO,110,58,1110116000,,600000,Sol.de Gastos
,,,,,,,,,,
,,,3.6.1.03446.0567,"PUBLICIDAD RADIAL -  Programa ""Vamos por mas"" Radio FM ""Universal"" 105.9 Mhz. Sábados de 20 a 22 hs",,,,,3,100000
,,,,,,,,,,
,,,,,,,,,,
,,,,,,,,,,
,,,,,,,,,,
,,1018,06/04/2026,PREYCO,110,58,1110116000,,540000,Sol.de Gastos
,,,,,,,,,,
,,,3.6.1.05564.0099,PUBLICIDAD PAGINA WEB -  En www.marilynradio.com.ar . Medida del Banner 270 x 270 pxl .Contenido a Confirmar .,,,,,3,180000
,,,,,,,,,,
,,,,,,,,,,
,,,,,,,,,,
,,,,,,,,,,
,,1019,06/04/2026,PREYCO,110,58,1110116000,,540000,Sol.de Gastos
,,,,,,,,,,
,,,3.6.1.03446.0317,"PUBLICIDAD RADIAL - En www.radioyalgomas.com.ar. Programa ""Shabuatov"". Conduce Rosa Rasdolsky y Daniel Wior. Contenido a confirmar.",,,,,3,180000
,,,,,,,,,,
,,,,,,,,,,
,,,,,,,,,,
,,,,,,,,,,
,,1020,06/04/2026,PREYCO,110,58,1110116000,,1200000,Sol.de Gastos
,,,,,,,,,,
,,,3.6.1.05564.0181,PUBLICIDAD PAGINA WEB - En portal www.enlacedenoticias.com.ar. Banner de 300x250. Contenido a confirmar.,,,,,3,400000
,,,,,,,,,,
,,,,,,,,,,
,,,,,,,,,,
,,,,,,,,,,
,,1021,06/04/2026,6PERCA,132,24,1110107000,,1915644,Sol.de Gastos
,,,,,,,,,,
,,,2.2.2.03332.0001,"COFIA - TELA DE ALGODON, PARA COCINERA - COLOR BLANCO- CAJA POR 100 UNIDADES",,,,,1,21000
,,,,,,,,,,
,,,,,,,,,,
,,,,,,,,,,
,,,,,,,,,,
,,1022,06/04/2026,DHMORO,110,12,1110104000,,14700000,Sol.de Gastos
,,,,,,,,,,
,,,3.3.3.01400.0013,"MANTENIMIENTO ASCENSORES - MANTENIMIENTO MENSUAL DE 5 ASCENSORES y 2 MONTACARGAS, SEGUN EL SIGUIENTE DETALLE:  A - UNA VEZ POR MES COMO MINIMO:  -EFECTUAR LA LIMPIEZA DEL SOLADO DEL CUARTO DE MAQUINAS, REGULADOR O LIMITADOR DE VELOCIDAD, TABLERO, CONTROLE",,,,,6,2450000
,,,,,,,,,,
,,,,,,,,,,
,,,,,,,,,,
,,,,,,,,,,
,,1023,06/04/2026,6PERCA,132,24,1110107000,,485856.8,Sol.de Gastos
,,,,,,,,,,
,,,2.9.3.00554.0003,TUBO FLUORESCENTE - tubo led 18w- t8- luz fria-220v conexion 1 punta,,,,,40,3450
,,,,,,,,,,
,,,,,,,,,,
,,,,,,,,,,
,,,,,,,,,,
,,1024,06/04/2026,DESARR,110,24,1110107000,,537138,Sol.de Gastos
,,,,,,,,,,
,,,3.2.2.02014.0002,ALQUILER DE DISPENSERS - C/CONEXION AGUA CORRIENTE TIPO AGUA FRIA Y CALIENTE - INCLUYE 1 DISPENSADORES,,,,,3,76734
,,,,,,,,,,
,,,,,,,,,,
,,,,,,,,,,
,,,,,,,,,,
,,1025,06/04/2026,SCIUDA,131,50,1110117000,,6976258,Sol.de Gastos
,,,,,,,,,,
,,,2.9.6.00941.0001,BATERIA - TENSION NOM. 12V - CAPACIDAD DE CORRIENTE 75A.,,,,,5,284721
,,,,,,,,,,
,,,,,,,,,,
,,,,,,,,,,
,,,,,,,,,,
,,1026,06/04/2026,FSO,110,37,1110200000,,1532600,Sol.de Gastos
,,,,,,,,,,
,,,2.9.6.00401.0001,CARTUCHO TONER - CODIGO 2612 A ORIGINAL -  COLOR NEGRO - PRODUCTO ALTERNATIVO GENERICO,,,,,12,9600
,,,,,,,,,,
,,,,,,,,,,
,,,,,,,,,,
,,,,,,,,,,
,,1027,06/04/2026,SEDELO,110,57,1110122000,,1285020,Ped.Suministros
,,,,,,,,,,
,,,2.2.2.00826.0163,PANTALONES - DESTINATARIO HOMBRE -  MODELO DE TRABAJO - TIPO CARGO -  COLOR NEGRO - DESCRIPCION DE TALLES A CONTINUACIÓN:  TALLE N° 54: 1  TALLE N° 50: 1  TALLE N° 48: 1  TALLE N° 42: 1  TALLE N° 46: 2,,,,,6,26620
,,,,,,,,,,
,,,,,,,,,,
,,,,,,,,,,
,,,,,,,,,,
,,1028,06/05/2026,DESARR,110,24,1110107000,,2100000,Sol.de Gastos
,,,,,,,,,,
,,,3.3.3.01400.0014,MANTENIMIENTO ASCENSORES - COMPONENTE EN SU TOTALIDAD - FRECUENCIA MENSUAL - TIPO HIDRAULICO.,,,,,6,350000
,,,,,,,,,,
,,,,,,,,,,
,,,,,,,,,,
,,,,,,,,,,
,,1029,06/05/2026,6DIRIN,110,24,1110107000,,704965,Ped.Suministros
,,,,,,,,,,
,,,2.9.9.03618.0016,"CAÑOS Y ACCESORIOS POLIPROPILENO COPOLIMERO - TIPO CODO  20 MM x 1/2"" ROSCA M -TIPO ACQUA SYSTEM",,,,,15,6645
,,,,,,,,,,
,,,,,,,,,,
,,,,,,,,,,
,,,,,,,,,,
,,1030,06/05/2026,DINGLA,110,69,1110106000,,1890000,Sol.de Gastos
,,,,,,,,,,
,,,2.9.6.07691.0002,"REPUESTO AUTOMOTOR - TURBO PARA CAMIONETA MARCA CITROEN BERLINGO , MOVIL 22 DOMINIO AC 113 XY",,,,,1,891000
,,,,,,,,,,
,,,,,,,,,,
,,,,,,,,,,
,,,,,,,,,,
,,1031,06/05/2026,TUDES,132,24,1110107000,,3613000,Sol.de Gastos
,,,,,,,,,,
,,,4.3.9.04093.0001,MAQUINA DE CORTE DE CABELLO - MAQUINA PARA CORTE DE PELO- MARCA TIPO WAHL MAGIC CLIP,,,,,2,282000
,,,,,,,,,,
,,,,,,,,,,
,,,,,,,,,,
,,,,,,,,,,
,,1032,06/05/2026,FSO,110,37,1110200000,,650000,Sol.de Gastos
,,,,,,,,,,
,,,4.3.7.00027.0001,TERMOTANQUE - CAPACIDAD 45 LITROS MULTIGAS DE CARGA SUPERIOR - TIPO ESCORIAL/SEÑORIAL O SIMILAR - MEDIDAS DE 61 CM DE ALTO POR 43 CM DE DIAMETRO - GARANTIA DE UN AÑO,,,,,1,650000
,,,,,,,,,,
,,,,,,,,,,
,,,,,,,,,,
,,,,,,,,,,
,,1033,06/08/2026,DIRVIA,110,15,1110105000,,5100000,Sol.de Gastos
,,,,,,,,,,
,,,2.3.3.07313.0004,VINILO - Adhesivo para ploter de corte - Tipo ORACAL 651 - Rollo de 50 mt - Rollo Transfer (Posicionadores)    ,,,,,5,120000
,,,,,,,,,,
,,,,,,,,,,
,,,,,,,,,,
,,,,,,,,,,
,,1034,06/08/2026,6 SIT,110,45,1110103000,,79803360,Sol.de Gastos
,,,,,,,,,,
,,,3.4.6.08044.0001,SERVICIO DE MANTENIMIENTO DE SISTEMAS ESPECIFICOS - Mantenimiento preventivo y correctivo de la infraestructura logistica del Data Center (Palacio y Hospital) Se adjunta memoria descriptiva. Administración y gestión del DataCenter - (Julio a Diciembre 202,,,,,6,13300560
,,,,,,,,,,
,,,,,,,,,,
,,,,,,,,,,
,,,,,,,,,,
,,1035,06/08/2026,6 SIT,110,45,1110103000,,50487840,Sol.de Gastos
,,,,,,,,,,
,,,3.4.6.08044.0001,SERVICIO DE MANTENIMIENTO DE SISTEMAS ESPECIFICOS - Soporte y manteniemiento del plano logico de Networking - SE ADJUNTA MEMORIA DESCRIPTIVA - (Julio a Diciembre 2026),,,,,6,8414640
,,,,,,,,,,
,,,,,,,,,,
,,,,,,,,,,
,,,,,,,,,,
,,1036,06/08/2026,FSO,110,37,1110200000,,1150000,Sol.de Gastos
,,,,,,,,,,
,,,2.1.1.00478.0019,AGUA MINERAL - TIPO SIN GASIFICAR - ENVASE BIDON - CAPACIDAD 20L. CON ENTREGA DE DISPENSERS EN COMODATO,,,,,250,4600
,,,,,,,,,,
,,,,,,,,,,
,,,,,,,,,,
,,,,,,,,,,
,,1037,06/08/2026,DIRASU,110,70,1110110000,,1830000,Sol.de Gastos
,,,,,,,,,,
,,,2.3.1.00976.0035,PAPEL OBRA - TIPO CARTULINA OPALINA 210 GR. OFICIO 216 X 356 MM.,,,,,10,183000
,,,,,,,,,,
,,,,,,,,,,
,,,,,,,,,,
,,,,,,,,,,
,,1038,06/08/2026,SUBAPT,110,57,1110122000,,1522350,Ped.Suministros
,,,,,,,,,,
,,,2.3.1.01040.0001,BLOCK - DE DIBUJO - COLOR- TAMAÑO A4- X 24 HOJAS-  TIPO LUMA MANCHA,,,,,10,4294
,,,,,,,,,,
,,,,,,,,,,
,,,,,,,,,,
,,,,,,,,,,
,,1039,06/08/2026,DPSCAP,110,12,1110104000,,6399432,Sol.de Gastos
,,,,,,,,,,
,,,3.3.3.02440.0007,"MANT. EQUIPO DE RADIOLOGIA - MANTENIMIENTO PREVENTIVO Y CORRECTIVO DE LOS EQUIPOS DE RADIOLOGIA GENERAL Y EQUIPOS DE RX ODONTOLOGICOS.  EQUIPO DE RAYOS MARCA  GBA MOD 300MA CON MESA BASCULANTE, COLUMNA PISO TECHO CON FRENOS ELECTROMAGNETICOS, COLIMADOR LU",,,,,6,1066572
,,,,,,,,,,
,,,,,,,,,,
,,,,,,,,,,
,,,,,,,,,,
,,1040,06/08/2026,SUBAPT,110,57,1110122000,,119040,Ped.Suministros
,,,,,,,,,,
,,,2.9.9.05176.0003,"PLACA DE FIBROFACIL - MEDIDAS 81CM  X 130 CM., ESPESOR 12 MM. COLOR BLANCO",,,,,4,19840
,,,,,,,,,,
,,,,,,,,,,
,,,,,,,,,,
,,,,,,,,,,
,,1041,06/08/2026,PROMTR,110,57,1110122000,,265701,Ped.Suministros
,,,,,,,,,,
,,,4.3.9.01703.0002,CARGADOR DE BATERIA - PARA DELL ULTRA 14 /15 19.5V 3.34A 65W LA45NM140 - ALTERNATIVO  SE ADJUNTA IMAGEN,,,,,1,45993
,,,,,,,,,,
,,,,,,,,,,
,,,,,,,,,,
,,,,,,,,,,
,,1042,06/08/2026,PREYCO,110,58,1110116000,,300000,Sol.de Gastos
,,,,,,,,,,
,,,3.6.1.03223.0210,"PUBLICIDAD GRAFICA -  En Revista Digital ""Noticias GBA"" - Medida Banner 300 x 250. Contenido a confirmar.",,,,,3,100000
,,,,,,,,,,
,,,,,,,,,,
,,,,,,,,,,
,,,,,,,,,,
,,1043,06/09/2026,SOBPUB,110,15,1110105000,,4350480,Sol.de Gastos
,,,,,,,,,,
,,,3.3.3.06760.0003,"REPARACION DE USINA ASFALTICA - Descripción = Reparación y puesta a punto de quemador electrico Nº 50076 , con los siguientes repuestos: Contactor, relevo y cont. Aux para la planta x 2 juegos  ",,,,,1,4350480
,,,,,,,,,,
,,,,,,,,,,
,,,,,,,,,,
,,,,,,,,,,
,,1044,06/09/2026,DESARR,110,24,1110107000,,7930500,Sol.de Gastos
,,,,,,,,,,
,,,5.1.4.03503.0002,FLAN - TIPO POLVO PARA PREPRAR - PRESENTACION CAJA X 120 GR.,,,,,7000,513
,,,,,,,,,,
,,,,,,,,,,
,,,,,,,,,,
,,,,,,,,,,
,,1045,06/09/2026,RESALC,110,58,1110116000,,75000,Sol.de Gastos
,,,,,,,,,,
,,,2.9.6.00401.0097,CARTUCHO TONER - CODIGO CF 280A - COLOR NEGRO - PRODUCTO TONER ALTERNATIVO - USO P/IMPRESORA HP LASER JET PRO 400,,,,,3,25000
,,,,,,,,,,
,,,,,,,,,,
,,,,,,,,,,
,,,,,,,,,,
,,1046,06/09/2026,PAMIOS,110,45,1110103000,,403000,Sol.de Gastos
,,,,,,,,,,
,,,2.7.9.01743.0001,MONTANTE - ESPESOR 70MM - TIPO PARA DURLOCK.,,,,,6,15000
,,,,,,,,,,
,,,,,,,,,,
,,,,,,,,,,
,,,,,,,,,,
,,1047,06/09/2026,PROMTR,110,57,1110122000,,5097880,Ped.Suministros
,,,,,,,,,,
,,,2.7.5.00768.0001,LIMA - SET MINI LIMAS DIAMANTADAS IMPRESION 3D,,,,,10,15800
,,,,,,,,,,
,,,,,,,,,,
,,,,,,,,,,
,,,,,,,,,,
,,1048,06/09/2026,PREYCO,110,58,1110116000,,9630000,Ped.Suministros
,,,,,,,,,,
,,,3.5.3.02165.0079,SERVICIO DE IMPRESION - 500 Carteles en serigrafia - Sobre placa de plastico corrugado - Medida:  50 cm de ancho x  70 cm alto - En fondo rojo - Precio Unit: $10470 - 2 Modelos diferentes a confirmar (250 unid.de cada uno),,,,,1,5235000
,,,,,,,,,,
,,,,,,,,,,
,,,,,,,,,,
,,,,,,,,,,
,,1049,06/09/2026,PREYCO,110,58,1110116000,,750000,Sol.de Gastos
,,,,,,,,,,
,,,3.6.1.05564.0081,PUBLICIDAD PAGINA WEB - En portal www.noficcionweb.com.ar. Banner 250 x 250 pxl. Contenido a confirmar.,,,,,3,250000
,,,,,,,,,,
,,,,,,,,,,
,,,,,,,,,,
,,,,,,,,,,
,,1050,06/09/2026,DHMORO,110,12,1110104000,,121000000,Sol.de Gastos
,,,,,,,,,,
,,,2.5.2.02551.0119,"REACTIVO - DETERMINACION RETICULOCITO.  INCLUYE LA PROVISION DE CONSUMIBLES, CONTROLES, CALIBRADORES NECESARIOS PARA LA REALIZACION DEL MENCIONADO ESTUDIO. DEBERA INCLUIR LA CANTIDAD DE EQUIPOS EN COMODATO NECESARIOS PARA EL PROCESAMIENTO ADECUADO A LA CA",,,,,500,2000
,,,,,,,,,,
,,,,,,,,,,
,,,,,,,,,,
,,,,,,,,,,
,,1051,06/10/2026,6DMAYO,110,15,1110105000,,8400000,Sol.de Gastos
,,,,,,,,,,
,,,3.3.3.01400.0001,"MANTENIMIENTO ASCENSORES - COMPONENTE DE CUATRO ASCENSORES, UBICACIÓN PALACIO MUNICIPAL;  CON LA SIGUIENTE DISPOSICIÓN: DOS EN EL ALA SAN MARTIN: COMUNICANDO LA PLANTA BAJA CON EL CUARTO PISO Y DOS UBICADOS A DERECHA E IZQUIERDA RESPECTIVAMENTE DE LA ENTR",,,,,6,1400000
,,,,,,,,,,
,,,,,,,,,,
,,,,,,,,,,
,,,,,,,,,,
,,1052,06/10/2026,INFRA,110,15,1110105000,,4200000,Sol.de Gastos
,,,,,,,,,,
,,,3.3.3.01400.0001,"MANTENIMIENTO ASCENSORES - COMPONENTE DE DOS MONTACARGAS, UBICACION CEMENTERIO MUNICIPAL.-  PERIODO DE SERVICIO =                         Desde Julio de 2026 Hasta Diciembre de 2026    FRECUENCIA MENSUAL; DE ACUERDO A LOS TÉRMINOS Y OBLIGACIONES DE LA ORD",,,,,6,700000
,,,,,,,,,,
,,,,,,,,,,
,,,,,,,,,,
,,,,,,,,,,
,,1053,06/10/2026,SEDELO,131,57,1110122000,,847050,Sol.de Gastos
,,,,,,,,,,
,,,5.1.9.04906.0023,VIVERES SECOS - TIPO HARINA COMÚN 000- PAQUETE X 1KG,,,,,75,950
,,,,,,,,,,
,,,,,,,,,,
,,,,,,,,,,
,,,,,,,,,,
,,1055,06/10/2026,SEDELO,110,57,1110122000,,666000,Sol.de Gastos
,,,,,,,,,,
,,,3.9.9.07051.0001,PROVISION Y COLOCACION DE VIDRIO -                               VIDRIO FLOAT 4MM INCOLORO - MEDIDAS 93CM X 64CM    x 3 UNIDADES  VIDRIO LAMINADO 3+3 INCOLORO MEDIDAS: 2340 CM X 1355 CM   x1 UNIDAD  VIDRIO LAMINADO 3+3 INCOLORO 820CM X 870CM         x1 UN,,,,,1,666000
,,,,,,,,,,
,,,,,,,,,,
,,,,,,,,,,
,,,,,,,,,,
,,1056,06/10/2026,SEDELO,110,57,1110122000,,271040,Sol.de Gastos
,,,,,,,,,,
,,,4.3.9.07420.0001,BICICLETERO - DESCRIPCION MATERIAL HIERRO PINTADO CON PINTURA EPOXI -LUGAR PARA APOYO:5 UNIDADES MEDIDAS: 140CM ANCHO X 0.45 CM PROFUNDIDAD X 25CM ALTURA  SE ADJUNTA IMAGEN,,,,,2,135520
,,,,,,,,,,
,,,,,,,,,,
,,,,,,,,,,
,,,,,,,,,,
,,1057,06/10/2026,6DLOGI,110,15,1110105000,,7695000,Sol.de Gastos
,,,,,,,,,,
,,,2.5.6.03443.0008,ACEITES LUBRICANTES - Destino: Sistemas Hidráulicos - Tipo: Castrol Hidralic Oil 68 (AXION) * Hidráulico BP 68 (YPF) * Hidráulico 68 (SHELL) - Presentación: Tambor x 205 Lts    ,,,,,3,1297000
,,,,,,,,,,
,,,,,,,,,,
,,,,,,,,,,
,,,,,,,,,,
,,1058,06/10/2026,26ALBV,110,58,1110116000,,7000000,Sol.de Gastos
,,,,,,,,,,
,,,3.3.9.03404.0002,"SERVICIO DE LAVADO Y SECADO DE ROPA - DESCRIPCION: SABANAS, FUNDAS, TOALLONES, TOALLAS DE MANO, COLCHAS, CORTINAS, FRAZADAS, MANTELES Y CUBRE MANTELES. SEGUN LO REQUIERA EL SERVICIO QUE SE BRINDA.  SERVICIO HASTA AGOTAR EL TOTAL ESTIMADO ( $ 7.000.000)",,,,,1,7000000
,,,,,,,,,,
,,,,,,,,,,
,,,,,,,,,,
,,,,,,,,,,
,,1059,06/10/2026,TINTED,110,58,1110116000,,2608149.925,Sol.de Gastos
,,,,,,,,,,
,,,2.1.1.02695.0001,VIANDAS -   1 SANDWICH DE MILANESA DE POLLO  1 ALFAJOR  1 AGUA  FRUTAS   SERVILLETAS,,,,,250,10432.5997
,,,,,,,,,,
,,,,,,,,,,
,,,,,,,,,,
,,,,,,,,,,
,,1060,06/10/2026,TINTED,110,58,1110116000,,1000050,Sol.de Gastos
,,,,,,,,,,
,,,3.9.1.07239.0001,SERVICIO DE DESAYUNO -   SANDWICHES DE MIGA DE JAMON Y QUESO  CUADRADOS DE BROWNIE  CUADRADOS DE LIMON   MEDIALUNAS  ALFAJORES DE MAICENA  CHIPS DE JAMON Y QUESO  PARA 50 PERSONAS,,,,,1,1000050
,,,,,,,,,,
,,,,,,,,,,
,,,,,,,,,,
,,,,,,,,,,
,,1061,06/11/2026,6EDUDC,110,24,1110107000,,92425,Ped.Suministros
,,,,,,,,,,
,,,2.1.1.00481.0010,"AZUCAR - TIPO ""A"" COMUN - ESTADO BLANCA MOLIDA - PESO 1000GR - ENVASE BOLSA DE POLIETILENO. TIPO DOMINO",,,,,3,1425
,,,,,,,,,,
,,,,,,,,,,
,,,,,,,,,,
,,,,,,,,,,
,,1062,06/11/2026,6DESAH,110,24,1110107000,,230202,Sol.de Gastos
,,,,,,,,,,
,,,3.2.2.02014.0001,ALQUILER DE DISPENSERS - C/CONEXION AGUA CORRIENTE - TIPO AGUA FRIA Y CALIENTE.,,,,,3,76734
,,,,,,,,,,
,,,,,,,,,,
,,,,,,,,,,
,,,,,,,,,,
,,1063,06/11/2026,SEDELO,132,57,1110122000,,737300,Sol.de Gastos
,,,,,,,,,,
,,,4.3.9.04359.0001,BATIDORA - TIPO PLANETARIA- CAPACIDAD 4 LITROS- 1000 W,,,,,2,368650
,,,,,,,,,,
,,,,,,,,,,
,,,,,,,,,,
,,,,,,,,,,
,,1064,06/11/2026,SECTYT,110,73,1110127000,,1472812,Ped.Suministros
,,,,,,,,,,
,,,2.5.8.04751.0002,REDUCTOR DE VELOCIDAD - PUNTERA DE LOMO LIGHT. MP2015 LIGHT AM H,,,,,4,58443
,,,,,,,,,,
,,,,,,,,,,
,,,,,,,,,,
,,,,,,,,,,
,,1065,06/11/2026,DHMORO,110,12,1110104000,,9150000,Sol.de Gastos
,,,,,,,,,,
,,,2.5.2.01726.0025,"SOLUCIONES - SOLUCION FISIOLOGICA - 0,9%  - PRESENTACION SACHET x 500ml.",,,,,1800,3650
,,,,,,,,,,
,,,,,,,,,,
,,,,,,,,,,
,,,,,,,,,,
,,1066,06/11/2026,SEDELO,110,57,1110122000,,931788,Sol.de Gastos
,,,,,,,,,,
,,,2.9.3.06587.0001,LUMINARIA - PANEL LED -PARA EMBUTIR- 48 W -LUZ  BLANCA- MEDIDA 120CM X 30CM  SE ADJUNTA IMAGEN,,,,,12,77649
,,,,,,,,,,
,,,,,,,,,,
,,,,,,,,,,
,,,,,,,,,,
,,1067,06/11/2026,DHMORO,110,12,1110104000,,68400000,Sol.de Gastos
,,,,,,,,,,
,,,2.5.2.03481.0001,"OXIGENO - CONSISTENCIA LIQUIDO - PRESENTACION LA PROVISION DEL MISMO DEBERA SER EN FORMA CONTINUA , CON LOS M3 y PRESION ADECUADOS y DEBIDAMENTE ESPECIFICADOS SIN AFECTAR LAS INSTALACIONES y CUMPLIR LA PRESENTACION DE LOS CORRESPONDIENTES  REMITOS EN TIEM",,,,,36000,1900
,,,,,,,,,,
,,,,,,,,,,
,,,,,,,,,,
,,,,,,,,,,
,,1068,06/11/2026,TINTED,110,58,1110116000,,6983500,Sol.de Gastos
,,,,,,,,,,
,,,3.2.9.08129.0001,ALQUILER DE MAQUINA DE HUMO -   BANDERA ARGENTINA DE HUMO 40M. (21 POSICIONES),,,,,1,6473500
,,,,,,,,,,
,,,,,,,,,,
,,,,,,,,,,
,,,,,,,,,,
,,1069,06/12/2026,6 SIT,110,45,1110103000,,300000,Sol.de Gastos
,,,,,,,,,,
,,,3.3.3.02500.0001,MANT. DE GRUPO ELECTROGENO - Reparación llave en mano de bomba de agua del grupo electrógeno con revisión previa del equipo.,,,,,1,300000
,,,,,,,,,,
,,,,,,,,,,
,,,,,,,,,,
,,,,,,,,,,
,,1070,06/12/2026,SEDELO,110,57,1110122000,,2662695,Sol.de Gastos
,,,,,,,,,,
,,,2.5.9.01240.0001,MEMBRANA IMPERMEABILIZANTE - TIPO EN PASTA ELASTOMERICA COLOR ROJO O VERDE - LATA X 20KG,,,,,10,110000
,,,,,,,,,,
,,,,,,,,,,
,,,,,,,,,,
,,,,,,,,,,
,,1071,06/12/2026,PROMTR,110,57,1110122000,,2279958.54,Ped.Suministros
,,,,,,,,,,
,,,2.6.9.00776.0006,DISCO ABRASIVO - USO EN METAL - TIPO DESVASTE -  DE 4 1/2,,,,,20,2491
,,,,,,,,,,
,,,,,,,,,,
,,,,,,,,,,
,,,,,,,,,,
,,1072,06/12/2026,TINTED,110,58,1110116000,,65000000,Sol.de Gastos
,,,,,,,,,,
,,,3.2.9.03837.0002,"ALQUILER ESCENARIO - ESTRUCTURA  - ESCENARIO LAYHER DE 12,42 x 8,28 x 1,50 DE ALTURA.  - 2 AREAS DE TRABAJO DE 4,14 x 6,21.  - 3 TORRES DE 12ms DE ALTURA EN CADA LATERAL PARA COLGADO DE SONIDO Y PANTALLAS DE LED.  - RAMPA DE ACCESO DE 6ms DE ALTURA.  - PI",,,,,1,65000000
,,,,,,,,,,
,,,,,,,,,,
,,,,,,,,,,
,,,,,,,,,,
,,1073,06/16/2026,PROMTR,110,57,1110122000,,5023485.1,Ped.Suministros
,,,,,,,,,,
,,,2.9.3.00351.0001,CAJA EMBUTIR P/ELECTRICIDAD - CUADRADA - MEDIDAS 10 CM X 10CM CON OREJA PLASTICA,,,,,10,2474
,,,,,,,,,,
,,,,,,,,,,
,,,,,,,,,,
,,,,,,,,,,
,,1074,06/16/2026,DHMORO,110,12,1110104000,,8760000,Sol.de Gastos
,,,,,,,,,,
,,,2.5.2.03398.0002,CONTRASTE RADIOLOGICO - DROGA GENERICA AMIDOTRIZOATO SODICO 10%- AMIDOTRIZOATO DE MEGLUMINA 66% - FORMA FARMACEUTICA F/A - PRESENTACION x 50ml. - TIPO TRIYOSON C.,,,,,200,43800
,,,,,,,,,,
,,,,,,,,,,
,,,,,,,,,,
,,,,,,,,,,
,,1075,06/16/2026,FSO,110,37,1110200000,,10920000,Sol.de Gastos
,,,,,,,,,,
,,,3.3.3.02040.0001,"MANT. AIRE ACONDICIONADO - MANTENIMIENTO DE 28 AIRES TIPO SPLIT Y 25 AIRES TIPO VENTANA QUE INCLUYE: LIMPIEZA DE FILTROS, BANDEJA DE CONDENSADO, SERPENTINAS EVAPORADORAS Y CONDENSADORAS, MEDICION DE PRESION DE TRABAJO DE GAS REFRIGERANTE Y RECARGA DE GAS ",,,,,6,1820000
,,,,,,,,,,
,,,,,,,,,,
,,,,,,,,,,
,,,,,,,,,,
,,1076,06/16/2026,SCIUDA,131,50,1110117000,,7806000,Sol.de Gastos
,,,,,,,,,,
,,,3.2.9.05074.0001,ALQUILER DE BAÑOS QUÍMICOS - 4 BAÑOS CON LAVAMANOS Y RETRETE,,,,,3,1080000
,,,,,,,,,,
,,,,,,,,,,
,,,,,,,,,,
,,,,,,,,,,
,,1077,06/16/2026,PREYCO,110,58,1110116000,,1500000,Sol.de Gastos
,,,,,,,,,,
,,,3.6.1.05564.0067,PUBLICIDAD PAGINA WEB - En portal www.primerplanoonline.com.ar banner 300x250 pxl.  Contenido a confirmar.,,,,,3,500000
,,,,,,,,,,
,,,,,,,,,,
,,,,,,,,,,
,,,,,,,,,,
,,1078,06/16/2026,PREYCO,110,58,1110116000,,2700000,Sol.de Gastos
,,,,,,,,,,
,,,3.6.1.02510.0008,"SERV.DE PUBLICIDAD TELEVISIVA - Programa ""Primer Plano"" Canal 7 Cablevisión/Somos Oeste. Cond. Adrián Noriega.  Contenido a confirmar.",,,,,3,900000
,,,,,,,,,,
,,,,,,,,,,
,,,,,,,,,,
,,,,,,,,,,
,,1079,06/16/2026,SCIUDA,131,50,1110117000,,23400000,Sol.de Gastos
,,,,,,,,,,
,,,3.2.2.06521.0001,"ALQUILER DE CAMION - TIPO IVECO 7017, CON CARGA MAXIMA 5TN, MALACATE PARA 4 TONELADAS, PLANCHA DE 2.30 X 5.30 PARA ACARREO DE VEHICULO LIVIANO Y/O MEDIANO. EL SERVICIO INCLUYE CHOFER, DISPONIBLE LAS 24 HS Y COMBUSTIBLE",,,,,3,7800000
,,,,,,,,,,
,,,,,,,,,,
,,,,,,,,,,
,,,,,,,,,,
,,1080,06/16/2026,DERECR,110,58,1110116000,,5980000,Ped.Suministros
,,,,,,,,,,
,,,4.3.2.00146.0018,BICICLETA - MODELO FIJA PARA SPINNING - CARACTERÍSTICAS: VOLANTE DE ACERO SIMULADOR INERCIAL DE 17KG - PIÑON FIJO A CORREA - PALANCA DE TRES PIEZAS - RUEDAS DE TRANSLADO - REGULADOR MANUAL - ASIENTO CON DESPLAZAMIENTO HORIZONTAL Y VERTICAL REGULABLE - FRE,,,,,13,460000
,,,,,,,,,,
,,,,,,,,,,
,,,,,,,,,,
,,,,,,,,,,
,,1081,06/17/2026,6DPLUV,110,15,1110105000,,1270000,Sol.de Gastos
,,,,,,,,,,
,,,2.6.5.00335.0018,CEMENTO PORTLAND - TIPO LOMA NEGRA - PRESENTACION BOLSA x 25 KG. - Tipo I / CP40 - Normas ASTM C-150 / IRAM 50.000    ,,,,,80,11500
,,,,,,,,,,
,,,,,,,,,,
,,,,,,,,,,
,,,,,,,,,,
,,1082,06/17/2026,PROMTR,110,57,1110122000,,2759000,Sol.de Gastos
,,,,,,,,,,
,,,2.2.2.00915.0002,ROPA DESCARTABLE - ELEMENTO DELANTAL- COLOR BLANCO- CAJA X 100 UNIDADES,,,,,20,52300
,,,,,,,,,,
,,,,,,,,,,
,,,,,,,,,,
,,,,,,,,,,
,,1083,06/17/2026,6 SIT,110,45,1110103000,,26790000,Sol.de Gastos
,,,,,,,,,,
,,,4.8.1.01343.0038,SISTEMA OPERATIVO DE RED - WINDOWS SVR STD 2025 64BITS SPA 24 CORES COEM - Licencias Windows Server 2025,,,,,5,3828000
,,,,,,,,,,
,,,,,,,,,,
,,,,,,,,,,
,,,,,,,,,,
,,1084,06/17/2026,DESARR,110,24,1110107000,,20203420,Sol.de Gastos
,,,,,,,,,,
,,,2.1.1.00541.0033,CARNE - ESPECIE VACUNA - CORTE BOLA DE LOMO. EN TROZOS NO MAYORES A 5 KG- FRESCO SIN CONGELAR.,,,,,24,20092.5
,,,,,,,,,,
,,,,,,,,,,
,,,,,,,,,,
,,,,,,,,,,
,,1085,06/17/2026,DERECR,110,58,1110116000,,2300000,Sol.de Gastos
,,,,,,,,,,
,,,3.3.1.07030.0001,"SERVICIO DE MANTENIMIENTO EDILICIO - REPARACIÓN DE PISO DEL MICROESTADIO MUNICIPAL DIEGO ARMANDO MARADONA.  INTERVENCIONES: RECUBRIMIENTOS DE 10 TAPAS, REPARACIÓN DE 4 SECTORES ENGLOBADOS Y MULTIPLES SECTORES DE MENOS DE 2 METROS CUADRADOS.",,,,,1,2300000
,,,,,,,,,,
,,,,,,,,,,
,,,,,,,,,,
,,,,,,,,,,
,,1086,06/17/2026,DESARR,110,24,1110107000,,16995010,Sol.de Gastos
,,,,,,,,,,
,,,2.1.1.00610.0001,ACELGA - PRESENTACION ATADO - ESTADO EN HOJAS FRESCAS.,,,,,56,2025
,,,,,,,,,,
,,,,,,,,,,
,,,,,,,,,,
,,,,,,,,,,
,,1087,06/17/2026,6EDUDC,110,24,1110107000,,10963423.15,Sol.de Gastos
,,,,,,,,,,
,,,2.1.1.02605.0001,APIO - TIPO FRESCO - ESTADO NATURAL - PRESENTACION ATADO X 350 GRS.,,,,,35,2100
,,,,,,,,,,
,,,,,,,,,,
,,,,,,,,,,
,,,,,,,,,,
,,1088,06/17/2026,DESARR,110,24,1110107000,,14732490,Sol.de Gastos
,,,,,,,,,,
,,,2.1.1.00455.0002,DULCE DE LECHE - ENVASE POTE - CAPACIDAD 400gr,,,,,110,2920
,,,,,,,,,,
,,,,,,,,,,
,,,,,,,,,,
,,,,,,,,,,
,,1089,06/17/2026,6 SIT,110,45,1110103000,,1356709,Sol.de Gastos
,,,,,,,,,,
,,,3.9.9.07099.0001,SERVICIO DE RENOVACION DE CERTIFICADOS DIGITALES - Certificados Digitales - SSL PARA SERVIDOR SECURE SERVER ID CON VIGENCIA POR UN AÑO PARA TODOS LOS DOMINIOS Y SUBDOMINIOS MORON.GOB.AR MARCA GEOTRUST.,,,,,1,1356709
,,,,,,,,,,
,,,,,,,,,,
,,,,,,,,,,
,,,,,,,,,,
,,1090,06/17/2026,6 SIT,110,45,1110103000,,24204632.84,Ped.Suministros
,,,,,,,,,,
,,,4.8.1.01748.0043,"LICENCIAS - Licenciamiento por un año para equipo Fortigate 601E, el número de serie FG6H1ETB21905856, debe incluir protección avanzada contra malware, filtrado de correos, prevención de intrusos, filtrado web, cloud sandbox y Firmware & actualizaciones g",,,,,1,24204632.84
,,,,,,,,,,
,,,,,,,,,,
,,,,,,,,,,
,,,,,,,,,,
,,1091,06/17/2026,DPSCAP,110,12,1110104000,,6120000,Sol.de Gastos
,,,,,,,,,,
,,,3.2.2.02014.0001,ALQUILER DE DISPENSERS - C/CONEXION AGUA CORRIENTE  - ALTO 90Cm - ANCHO 35Cm - PROFUNDIDAD 35Cm - TIPO AGUA FRIA Y CALIENTE.    INCLUIR MANTENIMIENTO DE CADA DISPENSER  Y CAMBIO DE FILTROS EN LOS 17 EQUIPOS DE LOS CENTROS QUE A CONTINUACION SE DETALLAN:  ,,,,,6,1020000
,,,,,,,,,,
,,,,,,,,,,
,,,,,,,,,,
,,,,,,,,,,
,,1092,06/17/2026,SCIUDA,110,50,1110117000,,228550,Sol.de Gastos
,,,,,,,,,,
,,,2.9.6.00629.0004,LIMPIA PARABRISAS - JUEGO DE LIMPIAPARABRISAS (2) PARA RENAULT CLIO - MOD 2014 - PATENTE NFZ196,,,,,1,53150
,,,,,,,,,,
,,,,,,,,,,
,,,,,,,,,,
,,,,,,,,,,
,,1093,06/17/2026,DPSCAP,110,12,1110104000,,554400,Sol.de Gastos
,,,,,,,,,,
,,,3.4.9.03457.0001,SERVICIO DE DOSIMETRIA - DESCRIPCION PERSONAL GAMMA PARA CUERPO ENTERO CON DOSIMETROS TERMOLUMINISCENTES.  EL SERVICIO MENSUAL CONSTA DE ENVIO POR CORREO A LOS CAPS DR. SPRINGOLO Y DR.GELPI; SERVICIO DE EVALUACION DE VALORES DOSIMETRICOS; SERVICIO DE EMER,,,,,5,110880
,,,,,,,,,,
,,,,,,,,,,
,,,,,,,,,,
,,,,,,,,,,
,,1094,06/17/2026,DESARR,110,24,1110107000,,8833620,Sol.de Gastos
,,,,,,,,,,
,,,2.1.1.00515.0006,MANTECA - TIPO SOLIDA - CONSISTENCIA EN PAN - SAL CON - PESO 200GR. TIPO LA SERENISIMA,,,,,40,3100
,,,,,,,,,,
,,,,,,,,,,
,,,,,,,,,,
,,,,,,,,,,
,,1095,06/17/2026,DESARR,110,24,1110107000,,2465000,Sol.de Gastos
,,,,,,,,,,
,,,2.1.1.00669.0001,PAN - PAN- TIPO FIGAZAS DE MANTECA - PRESENTACION POR KG,,,,,35,2900
,,,,,,,,,,
,,,,,,,,,,
,,,,,,,,,,
,,,,,,,,,,
,,1096,06/17/2026,SCIUDA,110,50,1110117000,,1902300,Ped.Suministros
,,,,,,,,,,
,,,2.5.6.03443.0011,ACEITES LUBRICANTES - DESTINO - PARA VEHICULO CHEVROLET CORSA PATENTES NZR 636 Y NZR 635 - PRESENTACION 4 LTS,,,,,2,50000
,,,,,,,,,,
,,,,,,,,,,
,,,,,,,,,,
,,,,,,,,,,
,,1097,06/17/2026,DPSCAP,131,12,1110104000,,1527450,Sol.de Gastos
,,,,,,,,,,
,,,5.1.4.06781.0002,"TALCO - DESCRIPCION TIPO FECULA PARA BEBÉ , ENVASE X 200 GR.",,,,,50,4708
,,,,,,,,,,
,,,,,,,,,,
,,,,,,,,,,
,,,,,,,,,,
,,1098,06/18/2026,SCIUDA,131,50,1110117000,,5498000,Sol.de Gastos
,,,,,,,,,,
,,,2.4.4.00635.0014,"NEUMATICO P/CAMIONETA - MEDIDAS: ROD 16, 255.70, PARA VEHICULOS DE CIUDADANA",,,,,8,220000
,,,,,,,,,,
,,,,,,,,,,
,,,,,,,,,,
,,,,,,,,,,
,,1099,06/18/2026,DHMORO,110,12,1110104000,,5267800,Sol.de Gastos
,,,,,,,,,,
,,,2.5.2.03478.0001,BOLSAS P/TRANSFERENCIA - S41 - MATERIAL PLASTICO - CAJA x 30 UNIDADES.,,,,,1,517000
,,,,,,,,,,
,,,,,,,,,,
,,,,,,,,,,
,,,,,,,,,,
,,1100,06/18/2026,DHMORO,110,12,1110104000,,8980000,Sol.de Gastos
,,,,,,,,,,
,,,2.5.2.01726.0025,"SOLUCIONES - SOLUCION FISIOLOGICA - 0,9%  - PRESENTACION SACHET x 500ml.",,,,,4500,1800
,,,,,,,,,,
,,,,,,,,,,
,,,,,,,,,,
,,,,,,,,,,
,,1101,06/18/2026,SEDELO,110,57,1110122000,,980000,Sol.de Gastos
,,,,,,,,,,
,,,3.3.2.02162.0001,REPARACION VEHICULO - TAREA CAMBIO DE DISTRIBUCION,,,,,1,980000
,,,,,,,,,,
,,,,,,,,,,
,,,,,,,,,,
,,,,,,,,,,
,,1102,06/18/2026,DHMORO,110,12,1110104000,,8980000,Ped.Suministros
,,,,,,,,,,
,,,2.5.2.01726.0002,SOLUCIONES - TIPO RINGER LACTATO 15% - PRESENTACION SACHET X 500 ML..,,,,,400,2200
,,,,,,,,,,
,,,,,,,,,,
,,,,,,,,,,
,,,,,,,,,,
,,1103,06/18/2026,SUBAPT,110,57,1110122000,,412699,Ped.Suministros
,,,,,,,,,,
,,,2.5.9.00588.0002,VASO PLASTICO DESCARTABLE - DE 220CC - PAQUETE X 100 UNDADES,,,,,20,4776.2
,,,,,,,,,,
,,,,,,,,,,
,,,,,,,,,,
,,,,,,,,,,
,,1104,06/18/2026,DERECR,110,58,1110116000,,17170000,Sol.de Gastos
,,,,,,,,,,
,,,2.2.2.02859.0007,REMERA - MATERIAL YERSEY DE ALGOLDON 100% (SEMI PEINADO) - CUELLO REDONDO - MANGA CORTA - COLOR ROJO - ESTAMPADO EN EL FRENTE - TALLES A CONFIRMAR.,,,,,150,16500
,,,,,,,,,,
,,,,,,,,,,
,,,,,,,,,,
,,,,,,,,,,
,,1105,06/18/2026,PREYCO,110,58,1110116000,,750000,Sol.de Gastos
,,,,,,,,,,
,,,3.6.1.02510.0090,"SERV.DE PUBLICIDAD TELEVISIVA - Programa ""Buenos Aires Hoy"". Canal Somos - Cablevision. Contenido a confirmar.",,,,,3,150000
,,,,,,,,,,
,,,,,,,,,,
,,,,,,,,,,
,,,,,,,,,,
,,1106,06/18/2026,PREYCO,110,58,1110116000,,1230000,Sol.de Gastos
,,,,,,,,,,
,,,4.3.7.03506.0018,EQUIPO AIRE ACONDICIONADO - de 4500 frigorias. Inverter. FRIO /CALOR . Tipo Samsung,,,,,1,1230000
,,,,,,,,,,
,,,,,,,,,,
,,,,,,,,,,
,,,,,,,,,,
,,1107,06/19/2026,DHMORO,110,12,1110104000,,9336000,Sol.de Gastos
,,,,,,,,,,
,,,2.5.2.01726.0002,SOLUCIONES - TIPO RINGER LACTATO 15 % - PRESENTACION SACHET X 500 ML..,,,,,150,4000
,,,,,,,,,,
,,,,,,,,,,
,,,,,,,,,,
,,,,,,,,,,
,,1108,06/19/2026,PREYCO,110,58,1110116000,,1500000,Sol.de Gastos
,,,,,,,,,,
,,,3.6.1.08032.0001,"SERVICIO EN STREAMING - Spot en canal ""Kamikaze Stream"" transmitido por Youtube - Contenido a confirmar.",,,,,3,500000
,,,,,,,,,,
,,,,,,,,,,
,,,,,,,,,,
,,,,,,,,,,
,,1109,06/19/2026,DHMORO,110,12,1110104000,,6255000,Sol.de Gastos
,,,,,,,,,,
,,,2.1.1.00669.0025,PAN - TIPO RALLADO - PRESENTACION x KILOGRAMO,,,,,750,1900
,,,,,,,,,,
,,,,,,,,,,
,,,,,,,,,,
,,,,,,,,,,
,,1110,06/19/2026,DERECR,110,58,1110116000,,3030000,Sol.de Gastos
,,,,,,,,,,
,,,2.9.9.05278.0001,VALLA DE ATLETISMO - METALICA - ALTURA Y CONTRAPESO REGULABLE - BASE EN CAÑO CUADRADO DE 50 X 50MM - REGULACION A 5 ALTURAS REGLAMENTARIAS - PARTE SUPERIOR SINTETICA.,,,,,30,101000
,,,,,,,,,,
,,,,,,,,,,
,,,,,,,,,,
,,,,,,,,,,
,,1111,06/19/2026,DERECR,110,58,1110116000,,3393000,Sol.de Gastos
,,,,,,,,,,
,,,2.1.1.00788.0009,GALLETITAS - DULCES - PRESENTACION PAQUETE X 39GRS - TIPO FRUTIGRAN,,,,,3000,384
,,,,,,,,,,
,,,,,,,,,,
,,,,,,,,,,
,,,,,,,,,,
,,1112,06/22/2026,SNJDE,132,24,1110107000,,1106120,Sol.de Gastos
,,,,,,,,,,
,,,2.1.1.00621.0001,"AVE - ESPECIE POLLOS FRESCOS, NO CONGELADOS - PRESENTACION PATA MUSLO.",,,,,40,6525
,,,,,,,,,,
,,,,,,,,,,
,,,,,,,,,,
,,,,,,,,,,
,,1113,06/22/2026,6PERCA,132,24,1110107000,,6065000,Sol.de Gastos
,,,,,,,,,,
,,,2.9.1.03305.0001,TOALLAS FEMENINAS - ENVASE PAQUETE - CAPACIDAD X 10 UNIDADES,,,,,20,1500
,,,,,,,,,,
,,,,,,,,,,
,,,,,,,,,,
,,,,,,,,,,
,,1115,06/22/2026,DHMORO,110,12,1110104000,,9360000,Sol.de Gastos
,,,,,,,,,,
,,,3.4.2.02099.0006,SERVICIO MEDICO - TRATAMIENTO DE HEMODIALISIS PARA PACIENTES INTERNADOS EN TERAPIA INTENSIVA Y CLINICA MÉDICA. EL SERVICIO INCLUYE LA VISITA DEL PROFESIONAL Y LOS INSUMOS NECESARIOS PARA LLEVAR A CABO EL TRATAMIENTO.,,,,,39,240000
,,,,,,,,,,
,,,,,,,,,,
,,,,,,,,,,
,,,,,,,,,,
,,1116,06/22/2026,FSO,110,37,1110200000,,19700500,Sol.de Gastos
,,,,,,,,,,
,,,2.9.6.03869.0001,MICROPROCESADOR -  TIPO AMD RYZEN 5 5600 GT AM4 - GARANTIA DE 1 AÑO.,,,,,2,529000
,,,,,,,,,,
,,,,,,,,,,
,,,,,,,,,,
,,,,,,,,,,
,,1117,06/22/2026,FCONME,110,45,1110103000,,530000,Sol.de Gastos
,,,,,,,,,,
,,,2.6.2.04194.0002,"PUERTA DE VIDRIO - TIPO FLOAT 10 MM. INCOLORO TEMPLADO - TAMAÑO PAÑO  910 X 2130,   CON COLOCACION",,,,,1,530000
,,,,,,,,,,
,,,,,,,,,,
,,,,,,,,,,
,,,,,,,,,,
,,1118,06/22/2026,DHMORO,110,12,1110104000,,7393500,Sol.de Gastos
,,,,,,,,,,
,,,3.2.9.03558.0005,ALQUILER DE EQUIPAMIENTO HOSPITALARIO - EQUIPO CONCENTRADOR DE OXÍGENO CON TUBO DE BUCK UP,,,,,24,90000
,,,,,,,,,,
,,,,,,,,,,
,,,,,,,,,,
,,,,,,,,,,
,,1119,06/22/2026,SNJDE,132,24,1110107000,,567344.94,Sol.de Gastos
,,,,,,,,,,
,,,2.1.1.00453.0036,GASEOSA - TIPO MANAOS - - ENVASE BOTELLA PLASTICA DESCARTABLE - CAPACIDAD 2.25 LTS. - SABOR VARIADO,,,,,24,1393
,,,,,,,,,,
,,,,,,,,,,
,,,,,,,,,,
,,,,,,,,,,
,,1120,06/22/2026,SCIUDA,131,50,1110117000,,7137600,Sol.de Gastos
,,,,,,,,,,
,,,3.4.6.07853.0001,"PLATAFORMA  TECNOLOGICA INTEGRAL - MANTENIMIENTO MOBILE ANDROID ALERTA MORON. DETALLE: A EFECTOS DE PODER SUBSANAR POSIBLES ERRORES  POR CAMBIOS DE VERSIONES DE SISTEMA OPERATIVO Y GARANTIZAR AL VECINO ALTA DISPONIBILIDAD, IMPLEMENTACION Y CAPACIDAD DE UN",,,,,2,3568800
,,,,,,,,,,
,,,,,,,,,,
,,,,,,,,,,
,,,,,,,,,,
,,1121,06/22/2026,DHMORO,110,12,1110104000,,7200000,Sol.de Gastos
,,,,,,,,,,
,,,3.2.2.02014.0001,ALQUILER DE DISPENSERS - C/CONEXION AGUA CORRIENTE - ALTO 90Cm - ANCHO 35Cm - PROFUNDIDAD 35Cm - TIPO AGUA FRIA Y CALIENTE - INCLUYE CAMBIO DE FILTROS - CANTIDAD TOTAL 31 EQUIPOS.,,,,,3,2400000
,,,,,,,,,,
,,,,,,,,,,
,,,,,,,,,,
,,,,,,,,,,
,,1122,06/23/2026,6LOGIS,110,45,1110103000,,11970000,Sol.de Gastos
,,,,,,,,,,
,,,2.3.4.00783.0006,TOALLAS DE  PAPEL PARA COCINA - MATERIAL PAPEL TISSUE - GRAMAJE 55/60 Gr/M2 - DIMENSION 21 X 18.7 Cm. - COLOR BLANCO - PRESENTACION PAQUETE X 3 UNIDADES DE 50 PAÑOS C/U-  TIPO ELEGANTE,,,,,6000,1995
,,,,,,,,,,
,,,,,,,,,,
,,,,,,,,,,
,,,,,,,,,,
,,1123,06/23/2026,DHMORO,110,12,1110104000,,8653983.81,Sol.de Gastos
,,,,,,,,,,
,,,3.3.3.02440.0001,"MANT. EQUIPO DE RADIOLOGIA - DESCRIPCION SERVICIO DE MANTENIMIENTO PREVENTIVO-CORRECTIVO DE EQUIPOS DE RX, DEPENDIENTES DEL SERVICIO DE DIAGNOSTICO POR IMAGENES. EL SERVICIO INCLUYE 1 VISITA PROGRAMADA MENSUAL Y LLAMADAS DE URGENCIAS. INCLUYE LA PROVISION",,,,,3,2884661.27
,,,,,,,,,,
,,,,,,,,,,
,,,,,,,,,,
,,,,,,,,,,
,,1124,06/23/2026,6VIVIO,110,64,1110113000,,180000,Sol.de Gastos
,,,,,,,,,,
,,,3.2.2.02014.0001,ALQUILER DE DISPENSERS - C/CONEXION AGUA CORRIENTE - ALTO 90Cm - ANCHO 35Cm - PROFUNDIDAD 35Cm - TIPO AGUA FRIA Y CALIENTE.,,,,,6,30000
,,,,,,,,,,
,,,,,,,,,,
,,,,,,,,,,
,,,,,,,,,,
,,1125,06/23/2026,SECTYT,110,73,1110127000,,2165000,Sol.de Gastos
,,,,,,,,,,
,,,2.3.3.03903.0002,"VOLANTE - TARJETAS 10 X 21 CM. IMPRESAS 2/0 EN PAPEL OBRA 80 GR. NUMERADOS.IMPRESION EN FRENTE E.M. VEHICULO EN INFRACCION, A PARTIR DE LA ENUMERACION 338.001. SE ADJUNTA DISEÑO.",,,,,10000,109
,,,,,,,,,,
,,,,,,,,,,
,,,,,,,,,,
,,,,,,,,,,
,,1126,06/23/2026,SECTYT,110,73,1110127000,,953555,Sol.de Gastos
,,,,,,,,,,
,,,4.3.4.04508.0001,"MEGAFONO - MEGAFONO CON PUERTO USB, TARJETA SD Y ENTRADA AUXILIAR, DE 25 WATTS, ALCANCE AL AIRE LIBRE HASTA 1500 M. DOS EFECTOS SONOROS (SIRENA Y SILBATO). DE 230 MM DE DIAMETRO X 350 MM DE LARGO",,,,,1,275000
,,,,,,,,,,
,,,,,,,,,,
,,,,,,,,,,
,,,,,,,,,,
,,1127,06/24/2026,DHMORO,110,12,1110104000,,8053767,Sol.de Gastos
,,,,,,,,,,
,,,3.3.3.02440.0001,MANT. EQUIPO DE RADIOLOGIA - DESCRIPCION SERVICIO DE MANTENIMIENTO PREVENTIVO-CORRECTIVO MENSUAL DE:  -1 EQUIPO CR ELITE CON MAMO N° K54848231 SERIE N°2005078  -1 IMPRESORA LASER DV5950 N° K54826154 SERIE N°59538979  EL SERVICIO INCLUYE:  -SOPORTE TELEFON,,,,,3,2684589
,,,,,,,,,,
,,,,,,,,,,
,,,,,,,,,,
,,,,,,,,,,
,,1128,06/24/2026,DTOZOL,110,69,1110106000,,254000,Sol.de Gastos
,,,,,,,,,,
,,,2.9.2.00859.0010,SELLO FECHADOR - DIGITOS MOVILES AÑO CAMBIABLES - DIGITOS MOVILES MES CAMBIABLES - DIGITOS MOVILES DIA CAMBIABLES - SELLO FECHADOR CON LOGO E INSCRIPCIONES DE 4CM DE ALTO POR 6CM DE LARGO,,,,,2,69000
,,,,,,,,,,
,,,,,,,,,,
,,,,,,,,,,
,,,,,,,,,,
,,1129,06/24/2026,6ADGR,110,24,1110107000,,4170000,Sol.de Gastos
,,,,,,,,,,
,,,2.1.1.00541.0019,CARNE - ESPECIE VACUNA - CORTE NALGA,,,,,90,34000
,,,,,,,,,,
,,,,,,,,,,
,,,,,,,,,,
,,,,,,,,,,
,,1130,06/24/2026,DESPAC,110,45,1110103000,,840000,Sol.de Gastos
,,,,,,,,,,
,,,3.2.1.02024.0002,ALQUILER DE COCHERA - 2 COCHERAS - ZONA CENTRICA - UBICACION CUBIERTA - TIPO MOVIL - HORARIO COMPLETO.,,,,,3,280000
,,,,,,,,,,
,,,,,,,,,,
,,,,,,,,,,
,,,,,,,,,,
,,1131,06/24/2026,PREYCO,110,58,1110116000,,2379120,Sol.de Gastos
,,,,,,,,,,
,,,3.5.9.02176.0001,"SEGUIMIENTO DE MEDIOS - Cobertura de todas las noticias las 24hs relacionadas con el Municipio de Morón que aparezcan en radio, TV y gráfica con copia y envío de informe de audio y video via mail de todas las noticas locales, nacionales e internacionales.",,,,,1,2379120
,,,,,,,,,,
,,,,,,,,,,
,,,,,,,,,,
,,,,,,,,,,
,,1132,06/24/2026,FGAJEF,110,58,1110116000,,2840000,Sol.de Gastos
,,,,,,,,,,
,,,2.9.6.00941.0003,BATERIA - DESTINO AUTOMOTOR - TENSION NOM. 12V - CAPACIDAD DE CORRIENTE 80A. MARCA TIPO EXTREME O SIMILAR,,,,,20,142000
,,,,,,,,,,
,,,,,,,,,,
,,,,,,,,,,
,,,,,,,,,,
,,1133,06/24/2026,DHMORO,110,12,1110104000,,8600000,Sol.de Gastos
,,,,,,,,,,
,,,2.5.2.01821.0021,"ANTIBIOTICOS - DROGA GENERICA CEFTAZIDIMA 2gr.  + AVIBACTAM 0,5gr. - FORMA FARMACEUTICA FRASCO/AMPOLLA.",,,,,20,430000
,,,,,,,,,,
,,,,,,,,,,
,,,,,,,,,,
,,,,,,,,,,
,,1134,06/24/2026,6COMBN,110,24,1110107000,,3590000,Sol.de Gastos
,,,,,,,,,,
,,,4.3.7.03506.0009,"EQUIPO AIRE ACONDICIONADO - TIPO SPLIT DE 4500 KCAL/ FRIO/CALOR, INCLUIDO TRASLADO E INSTALACION.",,,,,2,1795000
,,,,,,,,,,
,,,,,,,,,,
,,,,,,,,,,
,,,,,,,,,,
,,1135,06/24/2026,SUBAPT,110,57,1110122000,,1063268,Ped.Suministros
,,,,,,,,,,
,,,2.1.1.00706.0004,MATE COCIDO EN SAQUITOS - ENVASE CAJA CARTON - PRESENTACION ENSOBRADO - CONTIENE X 50 SAQUITOS - TIPO NATURA,,,,,40,2417
,,,,,,,,,,
,,,,,,,,,,
,,,,,,,,,,
,,,,,,,,,,
,,1136,06/24/2026,SCIUDA,131,50,1110117000,,9158664,Sol.de Gastos
,,,,,,,,,,
,,,3.3.3.02500.0001,"MANT. DE GRUPO ELECTROGENO - MANTENIMIENTO PREVENTIVO Y GUARDIA 7XX24X365. INCLUYE PARA LAS UPS: SERVICIO ANUAL DE DOS (2) MANTENIMIENTOS PREVENTIVOS Y DIEZ (10) RUTINAS PREDICTIVAS, GUARDIAS 24 HS TODOS LOS DIAS. PARA EL GRUPO ELECTROGENO GUARDIAS LAS 24",,,,,12,763222
,,,,,,,,,,
,,,,,,,,,,
,,,,,,,,,,
,,,,,,,,,,
,,1137,06/24/2026,PREYCO,110,58,1110116000,,188000,Sol.de Gastos
,,,,,,,,,,
,,,2.9.3.01803.0007,CABLE SUBTERRANEO - HILOS 4 - SECCION HILO 4mm¦ - AISLACION VAINA Y ANTIFLAMA.,,,,,20,9400
,,,,,,,,,,
,,,,,,,,,,
,,,,,,,,,,
,,,,,,,,,,
,,1138,06/25/2026,PAMIOS,110,45,1110103000,,240445.86,Sol.de Gastos
,,,,,,,,,,
,,,2.9.3.03792.0027,LLAVE -  ARMADA TOMA DOBLE TAPA 2071 URBANA,,,,,3,4056.98
,,,,,,,,,,
,,,,,,,,,,
,,,,,,,,,,
,,,,,,,,,,
,,1139,06/25/2026,DIRASU,110,70,1110110000,,2541000,Sol.de Gastos
,,,,,,,,,,
,,,3.5.3.02165.0071,"SERVICIO DE IMPRESION - COPIATIVOS DE DECRETOS, CONTRATOS Y RESOLUCIONES",,,,,5000,508.2
,,,,,,,,,,
,,,,,,,,,,
,,,,,,,,,,
,,,,,,,,,,
,,1140,06/25/2026,SECTYT,110,73,1110127000,,1420000,Ped.Suministros
,,,,,,,,,,
,,,2.9.6.00941.0003,BATERIA - DESTINO AUTOMOTOR - TENSION NOM. 12V - CAPACIDAD DE CORRIENTE 80A. MARCA TIPO EXTREME O SIMILAR,,,,,10,142000
,,,,,,,,,,
,,,,,,,,,,
,,,,,,,,,,
,,,,,,,,,,
,,1141,06/25/2026,PAMIOS,131,45,1110103000,,320000,Ped.Suministros
,,,,,,,,,,
,,,4.3.3.07341.0002,"EQUIPO CALOVENTOR - TIPO Vitroconvector Tipo Peabody 2000 w Eléctrico,",,,,,2,160000
,,,,,,,,,,
,,,,,,,,,,
,,,,,,,,,,
,,,,,,,,,,
,,1142,06/25/2026,SEDELO,110,57,1110122000,,230202,Sol.de Gastos
,,,,,,,,,,
,,,3.2.2.02014.0001,ALQUILER DE DISPENSERS - C/CONEXION AGUA CORRIENTE - ALTO 90Cm - ANCHO 35Cm - PROFUNDIDAD 35Cm - TIPO AGUA FRIA Y CALIENTE.,,,,,3,76734
,,,,,,,,,,
,,,,,,,,,,
,,,,,,,,,,
,,,,,,,,,,
,,1143,06/25/2026,6DIR1,110,57,1110122000,,371540,Sol.de Gastos
,,,,,,,,,,
,,,2.7.9.00644.0001,TORNILLO - TIPO T1- PUNTA MECHA - BOLSA X200UNIDADES,,,,,1,2540
,,,,,,,,,,
,,,,,,,,,,
,,,,,,,,,,
,,,,,,,,,,
,,1144,06/25/2026,DHMORO,110,12,1110104000,,9140500,Sol.de Gastos
,,,,,,,,,,
,,,2.5.2.01723.0006,ANTISEPTICO LOCAL - TIPO MONODROGA - DROGA GENERICA IODOPOVIDONA - FORMA FARMACEUTICA SOLUCION - PRESENTACION 1000CM3.,,,,,48,14000
,,,,,,,,,,
,,,,,,,,,,
,,,,,,,,,,
,,,,,,,,,,
,,1145,06/25/2026,FGAJEF,110,58,1110116000,,212750,Ped.Suministros
,,,,,,,,,,
,,,2.9.6.07387.0001,KIT DE EMBRAGUE - DESCRIPCION INCLUYE RULEMAN Y VOLANTE -PARA CITROEN BERLINGO MULTISPACE 1.6 HDI SX AM53.,,,,,1,212750
,,,,,,,,,,
,,,,,,,,,,
,,,,,,,,,,
,,,,,,,,,,
,,1146,06/25/2026,DHMORO,110,12,1110104000,,1986200,Sol.de Gastos
,,,,,,,,,,
,,,2.5.2.01726.0031,SOLUCIONES - TIPO MANITOL 15 % - PRESENTACION 500 ML .,,,,,20,12190
,,,,,,,,,,
,,,,,,,,,,
,,,,,,,,,,
,,,,,,,,,,
,,1147,06/25/2026,DHMORO,110,12,1110104000,,536900,Sol.de Gastos
,,,,,,,,,,
,,,2.9.5.03373.0001,ELECTRODOS P/ECG - DESCRIPCION AUTOADHESIVO DESCARTABLE - USO ADULTO - PRESENTACION CAJA X 50 UNIDADES,,,,,20,13630
,,,,,,,,,,
,,,,,,,,,,
,,,,,,,,,,
,,,,,,,,,,
,,1148,06/26/2026,6ADGR,110,24,1110107000,,1575000,Sol.de Gastos
,,,,,,,,,,
,,,2.1.1.00730.0062,HELADO - ESTADO PREPARADO - CONSISTENCIA LECHE Y CREMA - ENVASE ENVOLTORIO DE PAPEL - PRESENTACION 90GR - SABOR MIXTO. SIN TACC,,,,,450,3500
,,,,,,,,,,
,,,,,,,,,,
,,,,,,,,,,
,,,,,,,,,,
,,1149,06/26/2026,6DICEM,110,15,1110105000,,4356000,Sol.de Gastos
,,,,,,,,,,
,,,2.5.8.01922.0003,NYLON - Material: Polietileno de Baja Densidad - Color Negro - Largo: 40 mt - Espesor: 100 Mic. Peso Aprox. 50 Kg    ,,,,,6,363000
,,,,,,,,,,
,,,,,,,,,,
,,,,,,,,,,
,,,,,,,,,,
,,1150,06/26/2026,PREYCO,110,58,1110116000,,9000000,Sol.de Gastos
,,,,,,,,,,
,,,2.9.2.08162.0001,"SUSCRIPCION - Servicio de suscripción anual a Creative Cloud Pro, asociado al mail contenidosdigitalesmoron@gmail.com",,,,,1,2000000
,,,,,,,,,,
,,,,,,,,,,
,,,,,,,,,,
,,,,,,,,,,
,,1151,06/26/2026,DHMORO,110,12,1110104000,,11362000,Sol.de Gastos
,,,,,,,,,,
,,,2.5.9.00588.0034,VASO PLASTICO DESCARTABLE - MATERIAL . - LINEA VASOS TERMICOS - MOTIVO SIN TAPA - CAPACIDAD 180 CC - PRESENTACION .PAQUETE X 100 UNIDADES .,,,,,300,8500
,,,,,,,,,,
,,,,,,,,,,
,,,,,,,,,,
,,,,,,,,,,
,,1152,06/26/2026,6ADGR,110,24,1110107000,,2725500,Sol.de Gastos
,,,,,,,,,,
,,,2.1.1.00521.0001,TOMATE - TIPO PERITA - ESTADO NATURAL - AGREGADO SIN - PRESENTACION GRANEL.,,,,,30,2800
,,,,,,,,,,
,,,,,,,,,,
,,,,,,,,,,
,,,,,,,,,,
,,1153,06/26/2026,DERECR,110,58,1110116000,,600000,Sol.de Gastos
,,,,,,,,,,
,,,3.9.9.02375.0001,"SERVICIO DE MERIENDA - 300 MEDIALUNAS DE MANTECA X DIA PARA SER ENTREGADAS DEL LUNES 20/07 AL VIERNES 24/07 - EL LUGAR DE ENTREGA SERA EN POLIDEPORTIVO GORKI GRANA SITO EN BLAS PARERA 180, CASTELAR - EL HORARIO DE ENTREGA SERA A LAS 14:30 HS.",,,,,5,120000
,,,,,,,,,,
,,,,,,,,,,
,,,,,,,,,,
,,,,,,,,,,
,,1154,06/26/2026,6ADGR,110,24,1110107000,,7302000,Sol.de Gastos
,,,,,,,,,,
,,,2.1.1.00455.0002,DULCE DE LECHE - TIPO Dulce de leche - ENVASE POTE - CAPACIDAD 1000gramos SIN TACC,,,,,12,15000
,,,,,,,,,,
,,,,,,,,,,
,,,,,,,,,,
,,,,,,,,,,
,,1155,06/26/2026,6EDUDC,110,24,1110107000,,17718560,Sol.de Gastos
,,,,,,,,,,
,,,3.3.1.07030.0001,SERVICIO DE MANTENIMIENTO EDILICIO - REPARACION DE TECHO MOVIL DEL JARDIN MUNICIPAL Nº 2 CASCABELES. SE ADJUNTA MEMORIA DESCRIPTIVA DE LA OBRA- PLANILLA DE COMPUTOS- PLANILLA DE COMPUTOS EN BLANCO- SE SOLICITA VISITA PREVIA A LOS PROVEEDORES OFERENTES,,,,,1,17718560
,,,,,,,,,,
,,,,,,,,,,
,,,,,,,,,,
,,,,,,,,,,
,,1156,06/26/2026,6EDUDC,110,24,1110107000,,1771083,Sol.de Gastos
,,,,,,,,,,
,,,2.9.6.00943.0001,TACO DE GOMA - PATA DE GOMA CON TORNILLO PARA MENSULA- JUEGO X 2 UNIDADES,,,,,3,4205
,,,,,,,,,,
,,,,,,,,,,
,,,,,,,,,,
,,,,,,,,,,
,,1157,06/26/2026,6EDUDC,110,24,1110107000,,3348630,Sol.de Gastos
,,,,,,,,,,
,,,4.3.7.03506.0018,EQUIPO AIRE ACONDICIONADO - TIPO SPLIT - DESCRIPCION 3100 FRIGORIAS FRIO / CALOR -3600 WATT-  GARANTIA 1 AÑO,,,,,3,1116210
,,,,,,,,,,
,,,,,,,,,,
,,,,,,,,,,
,,,,,,,,,,
,,1158,06/26/2026,6ADGR,110,24,1110107000,,2934300,Sol.de Gastos
,,,,,,,,,,
,,,2.1.1.00439.0001,ACEITE COMESTIBLE - TIPO DE MAIZ - ENVASE BOTELLA DE PLASTICO - CAPACIDAD 900 C.C. SIN TACC,,,,,9,5400
,,,,,,,,,,
,,,,,,,,,,
,,,,,,,,,,
,,,,,,,,,,
,,1159,06/26/2026,PREYCO,110,58,1110116000,,9322350,Sol.de Gastos
,,,,,,,,,,
,,,3.5.3.02165.0079,SERVICIO DE IMPRESION - 500 Carteles en serigrafia - Sobre placa de plastico corrugado - Medida:  50 cm de ancho x  70 cm alto - En fondo rojo -Se ajuntan modelos (250 unid. de cada uno).,,,,,1,5235000
,,,,,,,,,,
,,,,,,,,,,
,,,,,,,,,,
,,,,,,,,,,
,,1160,06/29/2026,DLOGTI,110,24,1110107000,,1950000,Sol.de Gastos
,,,,,,,,,,
,,,2.9.6.05877.0002,"DISPOSITIVO EXTERNO PARA COMPUTACION - TACÓGRAFO DIGITAC O SIMILAR - TIPO DIGITAL RPM (VELOCÍMETRO, ODÓMETRO, RELOJ HORARIO, TACÓMETRO Y TACÓGRAFO DIGITAL) - PARA MERCEDES BENZ, MODELO SPRINTER 517 CDI, MINIBUS 19+1, AÑO 2024 - CON IMPRESORA, COMO DISPOSI",,,,,1,1950000
,,,,,,,,,,
,,,,,,,,,,
,,,,,,,,,,
,,,,,,,,,,
,,1161,06/29/2026,6DLOGI,110,15,1110105000,,5580000,Sol.de Gastos
,,,,,,,,,,
,,,2.4.4.00636.0028,NEUMATICO P/CARGA Y TRANSPORTE - CONSTRUCCION RADIAL ACERO - MEDIDAS 245/70 -R 17.5 PARA VEHICULO CARRETON - USO DOMINIO AI 327 WM    ,,,,,12,465000
,,,,,,,,,,
,,,,,,,,,,
,,,,,,,,,,
,,,,,,,,,,
,,1162,06/29/2026,DTOZOL,110,69,1110106000,,9000000,Ped.Suministros
,,,,,,,,,,
,,,3.3.1.07030.0001,SERVICIO DE MANTENIMIENTO EDILICIO - DESMONTAR AMBAS HOJAS DE PORTON ENTRADA CURUPAITY. SACAR GUIAS COMPLETAS. COLOCAR Y AMURAR GUIAS NUEVAS. SACAR CUATRO RODAMIENTOS DE LAS HOJAS DEL PORTON Y REALIZAR MANTENIMIENTO.  REALIZAR CAMBIO COMPLETO DE LA GUIA D,,,,,1,9000000
,,,,,,,,,,
,,,,,,,,,,
,,,,,,,,,,
,,,,,,,,,,
,,1163,06/29/2026,DPRDNN,132,24,1110107000,,1550000,Sol.de Gastos
,,,,,,,,,,
,,,3.3.3.02435.0001,"MANTENIMIENTO DE CALDERA - SERVICIO DE MANTENIMIENTO MENSUAL, CONTROL Y VERIFICACION CON RESPUESTOS MENORES.",,,,,1,1550000
,,,,,,,,,,
,,,,,,,,,,
,,,,,,,,,,
,,,,,,,,,,
,,1164,06/29/2026,PREYCO,110,58,1110116000,,1517590,Ped.Suministros
,,,,,,,,,,
,,,4.3.6.00002.0028,"COMPUTADORA PORTATIL - PROCESADOR NOTEBOOK  , tipo HP i3 pantalla 15 FHD RAM 8GB/SSD 512Gb Border Ultraslim Windows 11 Home",,,,,1,1517590
,,,,,,,,,,
,,,,,,,,,,
,,,,,,,,,,
,,,,,,,,,,
,,1165,06/30/2026,DHMORO,110,12,1110104000,,6860000,Sol.de Gastos
,,,,,,,,,,
,,,2.5.2.03481.0002,"OXIGENO - CONSISTENCIA GASEOSO - LA PROVISION DEL MISMO DEBERA SER EN FORMA CONTINUA, CON LOS METROS CUBICOS y PRESION ADECUADOS y DEBIDAMENTE ESPECIFICADOS SIN AFECTAR LAS INSTALACIONES y CUMPLIR CON LA PRESENTACION DE LOS CORRESPONDIENTES REMITOS EN TIE",,,,,700,9800
,,,,,,,,,,
,,,,,,,,,,
,,,,,,,,,,
,,,,,,,,,,
,,1166,06/30/2026,6COMBN,110,24,1110107000,,17820000,Ped.Suministros
,,,,,,,,,,
,,,2.2.2.03823.0005,CAMPERA - TELA TRAQUEL- COLOR ROJO- FORRADO EN MATERIAL MATELASE  CON LOGO DEL MUNICIPIO AL FRENTE Y DORSO- CON CINTAS REFLECTIVAS- TALLES S AL 5XL,,,,,150,118800
,,,,,,,,,,
,,,,,,,,,,
,,,,,,,,,,
,,,,,,,,,,
,,1167,06/30/2026,SEDELO,110,57,1110122000,,2496000,Sol.de Gastos
,,,,,,,,,,
,,,2.5.8.07737.0001,"LONA IMPRESA - PRODUCCIÓN, PROVISIÓN  DE LONA  COLOR ROJO TIPO PAMPERO 1000 IMPRESA  CON LETRAS BLANCAS,  EN VINILO TERMOTRANSFERIBLE - MEDIDAS: 1.20 MTS X 0.20 CM  LEYENDA"" DESARROLLO LOCAL, EMPLEO Y ECONOMIA SOCIAL"" + LOGO MUNICIPIO DE MORON  SE ADJUNTA",,,,,80,31200
,,,,,,,,,,
,,,,,,,,,,
,,,,,,,,,,
,,,,,,,,,,
,,1168,06/30/2026,CIFIZC,110,45,1110103000,,150738,Ped.Suministros
,,,,,,,,,,
,,,2.9.3.07133.0001,CAJA PARA ELECTRICIDAD - TIPO CAJA PVC- RECTAGULAR DE PVC,,,,,6,25123
,,,,,,,,,,
,,,,,,,,,,
,,,,,,,,,,
,,,,,,,,,,
,,1169,06/30/2026,SUBPES,110,57,1110122000,,2850000,Sol.de Gastos
,,,,,,,,,,
,,,2.2.9.05139.0001,BOLSA DE TELA - TIPO FRISELINA- COLOR BLANCA-LISA- MODELO RIÑON- MEDIDA 15CM X 20CM  ,,,,,2000,325
,,,,,,,,,,
,,,,,,,,,,
,,,,,,,,,,
,,,,,,,,,,
,,1170,06/30/2026,PAMIOS,110,45,1110103000,,320000,Sol.de Gastos
,,,,,,,,,,
,,,4.3.3.07341.0002,EQUIPO CALOVENTOR - EQUIPO CALOVENTOR TIPO VITROCONVECTOR TIPO PEABODY 2000W ELECTRICO,,,,,2,160000
,,,,,,,,,,
,,,,,,,,,,
,,,,,,,,,,
,,,,,,,,,,
,,1171,06/30/2026,TINTED,110,58,1110116000,,9000000,Sol.de Gastos
,,,,,,,,,,
,,,3.5.9.06997.0001,"SERVICIO DE SONIDO - SONIDO 4 CAJAS450W TRIPODE.  CONSOLADE 8 CANALES DIGITAL.  2 MICROFONOS INALAMBRICOS SM58.  PC  PARA REPRODUCCION DE CONTENIDO, MUSICA.  TARIMA DE 7X4 CON FONDO.  OPERADOR.  TRANSPORTE.  ",,,,,1,9000000
,,,,,,,,,,
,,,,,,,,,,
,,,,,,,,,,
,,,,,,,,,,
,,1172,06/30/2026,TINTED,110,58,1110116000,,950000,Sol.de Gastos
,,,,,,,,,,
,,,3.9.1.07304.0001,SERVICIO DE MERIENDA - DESCRIPCION PARA 60 PERSONAS - EL SERVICIO INCLUYE:  MEDIALUNAS.  INFUSIONES.  VAJILLA.  FRUTAS.  ,,,,,1,950000
,,,,,,,,,,
,,,,,,,,,,
,,,,,,,,,,
,,,,,,,,,,
,,1173,06/30/2026,6DIREC,110,45,1110103000,,7200000,Sol.de Gastos
,,,,,,,,,,
,,,3.4.6.02354.0001,SERVICIO SISTEMAS ESPECIFICOS - Servicio en modalidad de Software destinado a la gestión administrativa y financiera de la Dirección de Pagos y Programación Financiera. MORON-COMPRAS  Detalle Técnico según Adjunto.,,,,,6,1200000
,,,,,,,,,,
,,,,,,,,,,
,,,,,,,,,,
,,,,,,,,,,
,,1174,06/30/2026,SCIUDA,131,50,1110117000,,4250000,Sol.de Gastos
,,,,,,,,,,
,,,4.3.5.00202.0008,"PUPITRE - SILLA ENTERIZA UNIPERSONAL DE PROLIPROPILENO CONSTRUIDA EN CAÑO OVAL PINTADA CON PINTURA EPOXI HORNEADA - ASIENTO Y RESPALDO EN PROPILENO. COLOR NEGRO, REBATIBLE EN mdf DE 18 MM",,,,,50,85000
,,,,,,,,,,
,,,,,,,,,,
,,,,,,,,,,
,,,,,,,,,,
,,1175,06/30/2026,TINTED,110,58,1110116000,,360000,Sol.de Gastos
,,,,,,,,,,
,,,2.6.2.03032.0002,"VIDRIO PLANO - TIPO FLOAT DE 6mm DE 1,8mts x 2,5mts",,,,,1,360000
,,,,,,,,,,
,,,,,,,,,,
,,,,,,,,,,
,,,,,,,,,,
,,1176,07/01/2026,6EDUDC,110,24,1110107000,,17990000,Ped.Suministros
,,,,,,,,,,
,,,2.9.1.07096.0007,KIT DE LIMPIEZA - TIPO N° 4 CEIM- DESCRIPCION SEGUN ARCHIVO ADJUNTO,,,,,7,460000
,,,,,,,,,,
,,,,,,,,,,
,,,,,,,,,,
,,,,,,,,,,
,,1177,07/01/2026,6DESAH,110,24,1110107000,,9270000,Sol.de Gastos
,,,,,,,,,,
,,,5.1.4.03280.0001,DESTAPE DE POZOS CIEGOS PARA FAMILIAS CARENCIADAS - DOMICILIADAS EN EL MUNICIPIO DE MORON. SE DEBERA INCLUIR DESTAPACION DE POZO Y CAMARA SEPTICA HASTA 6000 LITROS,,,,,45,206000
,,,,,,,,,,
,,,,,,,,,,
,,,,,,,,,,
,,,,,,,,,,
,,1178,07/01/2026,6EDUDC,110,24,1110107000,,17990000,Ped.Suministros
,,,,,,,,,,
,,,2.9.1.07096.0004,KIT DE LIMPIEZA - TIPO N° 1 COMPLEJO - DESCRIPCION EN ARCHIVO ADJUNTO,,,,,4,840000
,,,,,,,,,,
,,,,,,,,,,
,,,,,,,,,,
,,,,,,,,,,
,,1179,07/01/2026,6EDUDC,110,24,1110107000,,25705921,Sol.de Gastos
,,,,,,,,,,
,,,2.9.1.07096.0004,KIT DE LIMPIEZA - TIPO N° 1 COMPLEJO - DESCRIPCION EN ARCHIVO ADJUNTO,,,,,4,1266185
,,,,,,,,,,
,,,,,,,,,,
,,,,,,,,,,
,,,,,,,,,,
,,1180,07/01/2026,6DESAH,110,24,1110107000,,8897000,Sol.de Gastos
,,,,,,,,,,
,,,5.1.4.05125.0007,PAÑALES - DESCARTABLE CON GEL  PARA NIÑOS TAMAÑO  XXG,,,,,20500,434
,,,,,,,,,,
,,,,,,,,,,
,,,,,,,,,,
,,,,,,,,,,
,,1181,07/01/2026,6DESAH,110,24,1110107000,,4571140,Sol.de Gastos
,,,,,,,,,,
,,,5.1.4.04705.0003,ZAPATILLA - DE SIMIL CUERO EN CAPELLADA Y PLANTA DE GOMA.   SE SOLICITAN :   60 PARES NUMERO 35  60 PARES NUMERO 36  60 PARES NUMERO 37  40 PARES NUMERO 43,,,,,220,15089.5
,,,,,,,,,,
,,,,,,,,,,
,,,,,,,,,,
,,,,,,,,,,
,,1182,07/01/2026,URIING,110,45,1110103000,,80000000,Sol.de Gastos
,,,,,,,,,,
,,,3.5.3.02165.0001,SERVICIO DE IMPRESION - Servicio de impresión de tasas varias. Tamaño: A5 (148 x 210 mm)  Impresión: Frente y dorso (4/4) colores  Papel: Obra . Personalización: Inclusión de dato variable. Entregas parciales a requerimiento segun diseño.  Proceso de Impr,,,,,1,80000000
,,,,,,,,,,
,,,,,,,,,,
,,,,,,,,,,
,,,,,,,,,,
,,1183,07/01/2026,6 SIT,110,45,1110103000,,17500000,Sol.de Gastos
,,,,,,,,,,
,,,3.5.3.02165.0001,"SERVICIO DE IMPRESION - SERVICIO DE IMPRESION - A COLOR- INCLUYE PROVISION DE EQUIPO, SERVICIO TECNICO Y MATERIALES DE CONSUMO COMO: CILINDRO, TONER Y REVELADOR EQUIPO Y LUGAR E STALACION SEGUN DETALLE: la respuesta tecnica debe ser dentro de 24 horas. De",,,,,1,2500000
,,,,,,,,,,
,,,,,,,,,,
,,,,,,,,,,
,,,,,,,,,,
,,1184,07/01/2026,6EDUDC,110,24,1110107000,,7018403.4,Sol.de Gastos
,,,,,,,,,,
,,,2.1.1.02113.0006,DULCE - TIPO DE BATATA - PRESENTACION CAJON - PESO 5 KILOS,,,,,4,12080
,,,,,,,,,,
,,,,,,,,,,
,,,,,,,,,,
,,,,,,,,,,
,,1185,07/01/2026,6FISIC,110,45,1110103000,,102000,Sol.de Gastos
,,,,,,,,,,
,,,2.3.3.01356.0099,FORMULARIO - FORMULARIO  08 DE TRANSFERENCIA  AUTOMOTOR -  - PAPEL DE ALTA SEGURIDAD -,,,,,5,20400
,,,,,,,,,,
,,,,,,,,,,
,,,,,,,,,,
,,,,,,,,,,
,,1186,07/01/2026,6LOGIS,110,45,1110103000,,128000,Sol.de Gastos
,,,,,,,,,,
,,,2.9.6.03064.0019,FILTRO DE COMBUSTIBLE P/VEHICULO - CAMBIO DE ACEITE Y FILTRO COMPLETO    PARA CITROEN BERLINGO,,,,,1,128000
,,,,,,,,,,
,,,,,,,,,,
,,,,,,,,,,
,,,,,,,,,,
,,1187,07/01/2026,6ADGR,110,24,1110107000,,1992000,Sol.de Gastos
,,,,,,,,,,
,,,2.1.1.00478.0021,AGUA MINERAL - TIPO SIN GAS - ENVASE PLASTICO - CAPACIDAD 500 CM3  TIPO VILLAVICENCIO/VILLA MANAOS/VILLA DEL SUR SIN TACC,,,,,600,1500
,,,,,,,,,,
,,,,,,,,,,
,,,,,,,,,,
,,,,,,,,,,
,,1189,07/01/2026,DHMORO,110,12,1110104000,,7480000,Sol.de Gastos
,,,,,,,,,,
,,,3.3.9.07280.0001,MANTENIMIENTO DE EQUIPOS - MANTENIMIENTO PREVENTIVO DE 1 UPS MARCA SIEL MODELO SAFE POWER EVO 12P 220Kva Nº DE SERIE UI40118 Y SUS BANCOS DE BATERIAS SEGUN EL SIGUIENTE DETALLE:  -EL SERVICIO INCLUYE 3  (TRES) VISITAS PREVENTIVAS BASICAS MENSUALES CONSIST,,,,,4,1870000
,,,,,,,,,,
,,,,,,,,,,
,,,,,,,,,,
,,,,,,,,,,
,,1190,07/01/2026,6ADGR,110,24,1110107000,,4056000,Sol.de Gastos
,,,,,,,,,,
,,,2.1.1.01351.0005,FACTURA - TIPO CHURROS RELLENOS DE DULCE DE LECHE,,,,,780,1300
,,,,,,,,,,
,,,,,,,,,,
,,,,,,,,,,
,,,,,,,,,,
,,1191,07/01/2026,6ADGR,110,24,1110107000,,9370000,Sol.de Gastos
,,,,,,,,,,
,,,3.5.1.02464.0014,"SERVICIO DE CHARTER - LARGA O MEDIA DISTANCIA. IDA Y VUELTA,  PARA TRASLADO DE LA TERMINAL DE MORON HACIA LA ESTACION DE TREN EN CONSTITUCION. LUEGO DE LA ESTACION DE TREN DE MAR DEL PLATA A LA COLONIA MUNICIPAL.  EL SERVICIO REQUIERE DE DOS MICROS( CAPAC",,,,,1,9370000
,,,,,,,,,,
,,,,,,,,,,
,,,,,,,,,,
,,,,,,,,,,
,,1192,07/01/2026,DHMORO,110,12,1110104000,,2700000,Sol.de Gastos
,,,,,,,,,,
,,,3.9.9.06763.0001,"SERVICIO DE MENSAJERIA - DESCRIPCION: PARA DISTRIBUCION FACTURACION DE OBRAS SOCIALES EN MAS DE 120 DESTINOS UBICADOS EN CABA, GRAN BS. AS. y LA CIUDAD DE LA PLATA. EL SERVICIO INCLUYE EL RETIRO DE PAGOS Y ENTREGA DE DOCUMENTACION.",,,,,5,540000
,,,,,,,,,,
,,,,,,,,,,
,,,,,,,,,,
,,,,,,,,,,
,,1193,07/01/2026,SECTYT,110,73,1110127000,,7750000,Sol.de Gastos
,,,,,,,,,,
,,,3.2.9.07456.0002,SERVICIO DE ALQUILER - SERVICIO DE ALQUILER - REALIZACION DE TRASLADO MENSUALES (GRUA) TURNO (21 HS A 9 HS) CON CHOFER PARA ACARREO EN VIA PUBLICA,,,,,1,4250000
,,,,,,,,,,
,,,,,,,,,,
,,,,,,,,,,
,,,,,,,,,,
,,1194,07/01/2026,6LOGIS,110,45,1110103000,,6953200,Sol.de Gastos
,,,,,,,,,,
,,,2.9.2.00291.0002,ALMOHADILLA P/SELLOS - MEDIDAS 15 X 7 CM.  Nº 3 - MATERIAL METÁLICA. CALIDAD SIMILAR PAGODA,,,,,50,7000
,,,,,,,,,,
,,,,,,,,,,
,,,,,,,,,,
,,,,,,,,,,
,,1195,07/01/2026,FGAJEF,110,58,1110116000,,480000,Sol.de Gastos
,,,,,,,,,,
,,,2.9.6.00941.0003,BATERIA - DESTINO AUTOMOTOR - TENSION NOM. 12V - CAPACIDAD DE CORRIENTE 110A.PARA DOS VEHICULO DIESEL CLARK BY LION PATENTE EQB90 MODELO CPCD25 Y CLARK MARCA 337- HYSTER MODELO 184-H2.5 UT DIESEL N°DE MOTOR. 67648.,,,,,2,240000
,,,,,,,,,,
,,,,,,,,,,
,,,,,,,,,,
,,,,,,,,,,
,,1196,07/01/2026,SCIUDA,131,50,1110117000,,992050,Sol.de Gastos
,,,,,,,,,,
,,,4.3.7.01915.0009,PIZARRON/PIZARRA - BLANCA PARA USO CON MARCADOR E INSTALCION EN LA PARED MEDIDAS: 120 X 180.,,,,,1,321300
,,,,,,,,,,
,,,,,,,,,,
,,,,,,,,,,
,,,,,,,,,,
,,1197,07/01/2026,FSO,110,37,1110200000,,3000000,Sol.de Gastos
,,,,,,,,,,
,,,3.5.3.02165.0001,"SERVICIO DE IMPRESION - INCLUYE PROVISION DE EQUIPOS, SERVICIOS TECNICOS Y TODOS LOS INSUMOS Y REPUESTOS NECESARIOS PARA EL NORMAL FUNCIONAMIENTO DE LOS EQUIPOS COMO: CILINDRO, TONER, REVELADOR, FOTOCONDUCTOR, ACEITE SILICONADO, ETC. COMO ASI TAMBIEN EL S",,,,,1,3000000
,,,,,,,,,,
,,,,,,,,,,
,,,,,,,,,,
,,,,,,,,,,
,,1198,07/02/2026,DPSCAP,110,12,1110104000,,2290800,Ped.Suministros
,,,,,,,,,,
,,,2.5.2.00711.0011,ALCOHOL USO MEDICINAL - PUREZA 70% - CAPACIDAD x 1 LITRO,,,,,420,1200
,,,,,,,,,,
,,,,,,,,,,
,,,,,,,,,,
,,,,,,,,,,
,,1199,07/02/2026,SCIUDA,110,50,1110117000,,840000,Ped.Suministros
,,,,,,,,,,
,,,2.5.6.03443.0011,ACEITES LUBRICANTES - ACEITE HIDRAULICO TELLUS 68 SHELL- PRESENTACIÓN BALDE DE 20LTS.,,,,,5,168000
,,,,,,,,,,
,,,,,,,,,,
,,,,,,,,,,
,,,,,,,,,,
,,1200,07/02/2026,DHMORO,110,12,1110104000,,20775000,Sol.de Gastos
,,,,,,,,,,
,,,2.5.2.02551.0445,REACTIVO - TIPO SOLUCIÓN IDENTIFICACIÓN DILUYENTE - USO LABORATORIO - PRESENTACION 2 X 500 ML.,,,,,1,235000
,,,,,,,,,,
,,,,,,,,,,
,,,,,,,,,,
,,,,,,,,,,
,,1201,07/02/2026,DHMORO,110,12,1110104000,,2291510.1,Sol.de Gastos
,,,,,,,,,,
,,,3.3.3.02188.0030,"REPARACION DE EQUIPOS HOSPITALARIOS - POR EL CUMPLIMIENTO DE NORMAS APLICABLES, DEL AUDÍMETRO MADSEN, MODELO ZODIAC 901, N°/SERIE 37380, N°/CONTROL 10006, CON APORTE DE:  - CERTIFICACIÓN SEG. ELÉCTRICA IRAM 62353  - MANO DE OBRA",,,,,1,142598.5
,,,,,,,,,,
,,,,,,,,,,
,,,,,,,,,,
,,,,,,,,,,
,,1202,07/02/2026,DERECR,110,58,1110116000,,9015502.85,Sol.de Gastos
,,,,,,,,,,
,,,2.2.2.00826.0009,"PANTALONES - DESTINATARIO UNISEX - ANGOSTO CON BOLSILLOS FORMATO DEPORTIVO, CON LEYENDA EN UN LATERAL, COLOR NEGRO.   TALLES A CONFIRMAR",,,,,95,43550.03
,,,,,,,,,,
,,,,,,,,,,
,,,,,,,,,,
,,,,,,,,,,
,,1203,07/03/2026,6LOGIS,110,45,1110103000,,8018000,Sol.de Gastos
,,,,,,,,,,
,,,2.9.5.01909.0013,GUANTES USO MEDICINAL - TIPO DESCARTABLE - TAMAÑO MEDIANO - MATERIAL LATEX PRESENTACIÓN CAJA X 100 UNIDADES,,,,,300,8000
,,,,,,,,,,
,,,,,,,,,,
,,,,,,,,,,
,,,,,,,,,,
,,1204,07/03/2026,6EDUDC,110,24,1110107000,,1901206,Sol.de Gastos
,,,,,,,,,,
,,,2.9.6.07488.0002,"BUJES - MEDIDAS 1"" x 3/4- PARA INSTALACION DE GAS- EPOXI",,,,,2,3482
,,,,,,,,,,
,,,,,,,,,,
,,,,,,,,,,
,,,,,,,,,,
,,1205,07/03/2026,DHMORO,110,12,1110104000,,204429.5,Ped.Suministros
,,,,,,,,,,
,,,3.3.3.02188.0041,"REPARACION DE EQUIPOS HOSPITALARIOS - REPARACION DE CARDIOVERSOR DYNE MODELO UCP-210 , MODELO UCP-210 , N°/ SERIE 440CN75, N°/CONTROL 9597, CONSISTENTE EN:  - CERTIFICACION DE SEGURIDAD ELECTRICA IRAM 62353 Y PERFORMANCE SEGUN NORMAS IEC CORRESPONDIENTES ",,,,,1,204429.5
,,,,,,,,,,
,,,,,,,,,,
,,,,,,,,,,
,,,,,,,,,,
,,1206,07/03/2026,DHMORO,110,12,1110104000,,204429.5,Ped.Suministros
,,,,,,,,,,
,,,3.3.3.02188.0041,"REPARACION DE EQUIPOS HOSPITALARIOS - REPARACION DE CARDIOVERSOR DYNE MODELO UCP-210 , MODELO UCP-210 , N°/ SERIE 440CN78, N°/CONTROL 9601, CONSISTENTE EN:  - CERTIFICACION DE SEGURIDAD ELECTRICA IRAM 62353 Y PERFORMANCE SEGUN NORMAS IEC CORRESPONDIENTES ",,,,,1,204429.5
,,,,,,,,,,
,,,,,,,,,,
,,,,,,,,,,
,,,,,,,,,,
,,1207,07/03/2026,DHMORO,110,12,1110104000,,8600000,Sol.de Gastos
,,,,,,,,,,
,,,2.5.2.01821.0021,"ANTIBIOTICOS - DROGA GENERICA CEFTAZIDIMA 2gr.  + AVIBACTAM 0,5gr. - FORMA FARMACEUTICA FRASCO/AMPOLLA.",,,,,20,430000
,,,,,,,,,,
,,,,,,,,,,
,,,,,,,,,,
,,,,,,,,,,
,,1208,07/03/2026,DHMORO,110,12,1110104000,,316800,Sol.de Gastos
,,,,,,,,,,
,,,2.5.2.01821.0080,ANTIBIOTICOS - DROGA GENERICA AZTREONAN - FORMA FARMACEUTICA FRASCO AMPOLLA - PRESENTACION 1gr.,,,,,16,19800
,,,,,,,,,,
,,,,,,,,,,
,,,,,,,,,,
,,,,,,,,,,
,,1209,07/03/2026,DPSCAP,110,12,1110104000,,7485851.45,Sol.de Gastos
,,,,,,,,,,
,,,2.9.5.04522.0051,INSTRUMENTAL ODONTOLOGICO - DESCRIPCION BROCHITAS DE LIMPIEZA - PRESENTACION X 100 UNIDADES,,,,,5,8000
,,,,,,,,,,
,,,,,,,,,,
,,,,,,,,,,
,,,,,,,,,,
,,1210,07/03/2026,SECTYT,110,73,1110127000,,684000,Sol.de Gastos
,,,,,,,,,,
,,,2.4.4.07694.0001,CUBIERTA PARA CAMIONETA - CUBIERTA PARA CAMIONETA - CUBIERTA TIPO MARCA FATE O SIMILAR PARA PEUGEOT PARTNER 185/60 R15,,,,,4,171000
,,,,,,,,,,
,,,,,,,,,,
,,,,,,,,,,
,,,,,,,,,,
,,1211,07/03/2026,POLCUT,110,58,1110116000,,4036000,Ped.Suministros
,,,,,,,,,,
,,,2.2.2.02859.0002,REMERA - MATERIAL ALGODON - CON LOGO- TALLE XXL AL XXXXL - MANGA CORTA.-COLOR BLANCO,,,,,20,42000
,,,,,,,,,,
,,,,,,,,,,
,,,,,,,,,,
,,,,,,,,,,
,,1212,07/03/2026,FSO,110,37,1110200000,,1080000,Ped.Suministros
,,,,,,,,,,
,,,2.9.2.02230.0002,CARATULA - TIPO P/EXPEDIENTE - PRESENTACION POR UNIDAD - MATERIAL CARTULINA - DIMENSION 22 X 36 CMS - COLOR VERDE PASTEL.,,,,,1000,270
,,,,,,,,,,
,,,,,,,,,,
,,,,,,,,,,
,,,,,,,,,,
,,1213,07/03/2026,POLCUT,110,58,1110116000,,1524000,Ped.Suministros
,,,,,,,,,,
,,,2.9.3.01202.0001,PILA SECA - PACK DE 60 PILAS -MEDIDAS AAA - TIPO MAKAO,,,,,4,84000
,,,,,,,,,,
,,,,,,,,,,
,,,,,,,,,,
,,,,,,,,,,
,,1214,07/03/2026,DHMORO,110,12,1110104000,,53027800,Sol.de Gastos
,,,,,,,,,,
,,,2.5.2.01865.0019,"ANTIEPILEPTICO - DROGA GENERICA FENITOINA - FORMA FARMACEUTICA SUSPENSION - PRESENTACION 2,5mg./100ml. x 120ml..",,,,,3,23800
,,,,,,,,,,
,,,,,,,,,,
,,,,,,,,,,
,,,,,,,,,,
,,1215,07/03/2026,DERECR,132,58,1110116000,,80000000,Sol.de Gastos
,,,,,,,,,,
,,,3.5.1.02464.0034,"SERVICIO DE CHARTER - IDA Y VUELTA DESDE MORÓN A LA CIUDAD DE MAR DEL PLATA, PROVINCIA DE BUENOS AIRES - SEMI CAMA PARA 50 PASAJEROS - DOBLE PISO - CON BAÑO - ACCESO PARA SILLAS DE RUEDAS - VIDEO Y AIRE ACONDICIONADO.    NOTA: EL TRANSPORTE DEBE TENER HAB",,,,,10,8000000
,,,,,,,,,,
,,,,,,,,,,
,,,,,,,,,,
,,,,,,,,,,
,,1216,07/03/2026,FSO,110,37,1110200000,,1429000,Sol.de Gastos
,,,,,,,,,,
,,,2.1.1.00704.0001,ALFAJOR - RELLENO DULCE DE LECHE - COBERTURA AZUCAR IMPALPABLE O CHOCOLATE - PESO 38GR - PRESENTACION CAJA X 40  UNIDADES. TIPO GUAYMALLEN O SIMILAR. VENCIMIENTO PROLONGADO A CONSUMIR HASTA DICIEMBRE 2026.,,,,,45,15220
,,,,,,,,,,
,,,,,,,,,,
,,,,,,,,,,
,,,,,,,,,,
,,1217,07/03/2026,DERECR,132,58,1110116000,,135000000,Sol.de Gastos
,,,,,,,,,,
,,,3.4.7.02851.0001,SERVICIO DE HOTELERIA - PARA 180 PERSONAS EN LA CIUDAD DE MAR DEL PLATA DESDE EL LUNES 26 DE OCTUBRE POR LA MAÑANA HASTA EL SÁBADO 31 DE OCTUBRE AL MEDIO DÍA.    SE REQUIERE DESAYUNO PARA EL 26 DE OCTUBRE A LAS 07:30 HS Y ALMUERZO Y/O VIANDA PARA 31 DE OC,,,,,1,135000000
,,,,,,,,,,
,,,,,,,,,,
,,,,,,,,,,
,,,,,,,,,,
,,1218,07/03/2026,POLCUT,110,58,1110116000,,2944740,Ped.Suministros
,,,,,,,,,,
,,,2.2.9.07097.0009,TELA - DESCRIPCION ACETATO (ROJO-BLANCO-VIOLETA),,,,,170,7430
,,,,,,,,,,
,,,,,,,,,,
,,,,,,,,,,
,,,,,,,,,,
,,1219,07/03/2026,DHMORO,110,12,1110104000,,2800000,Sol.de Gastos
,,,,,,,,,,
,,,2.5.2.01875.0013,ANTIASMATICO BRONCODILATADOR - TIPO VENTOLIN - DROGA GENERICA SALBUTALMOL - FORMA FARMACEUTICA FRASCO AEROSOL SPRAY - PRESENTACION 100 MCG. X 200 DOSIS,,,,,100,28000
,,,,,,,,,,
,,,,,,,,,,
,,,,,,,,,,
,,,,,,,,,,
,,1220,07/06/2026,6FISIC,110,45,1110103000,,8630000,Sol.de Gastos
,,,,,,,,,,
,,,3.3.1.03532.0006,"TECHOS Y ZINGUERIA - REPARACION DE TECHOS , MANO DE OBRA Y MATERIALES, SEGUN DETALLE, IMPERMEABILIZACIÓN SOBRE CUBIERTA DE LOSA, PARA CORREGIR FILTRACIONES Y GARANTIZAR LA ADECUADA PROTECCION HIDRÓFUGA DE APROXIMADAMENTE 45 M2. LIMPIEZA Y ACONDICIONAMIENT",,,,,1,8630000
,,,,,,,,,,
,,,,,,,,,,
,,,,,,,,,,
,,,,,,,,,,
,,1221,07/06/2026,POLMEJ,110,24,1110107000,,14300000,Sol.de Gastos
,,,,,,,,,,
,,,5.1.4.03414.0002,"CHAPAS DE ZINC - MEDIDAS 4,00 MTS DE LARGO X 1,10 MTS DE ANCHO - CALIBRE 27.",,,,,200,71500
,,,,,,,,,,
,,,,,,,,,,
,,,,,,,,,,
,,,,,,,,,,
,,1222,07/06/2026,1VEGUE,110,70,1110110000,,394000,Sol.de Gastos
,,,,,,,,,,
,,,2.3.3.07274.0001,BANNERS - LONA VINILICA IMPRESA DE 90 Cm x 190 Cm. CON ESTRUCTURA REFORZADA INCLUIDA,,,,,2,115000
,,,,,,,,,,
,,,,,,,,,,
,,,,,,,,,,
,,,,,,,,,,
,,1223,07/06/2026,DHMORO,110,12,1110104000,,142598.5,Ped.Suministros
,,,,,,,,,,
,,,3.3.3.02188.0041,"REPARACION DE EQUIPOS HOSPITALARIOS - POR EL CUMPLIMIENTO DE LAS NORMAS APLICABLES, DEL AUDIOMETRO MADSEN, MODELO ZODIAC 901, N°/ SERIE 37380, N° / CONTROL10006, CON EL APORTE DE :   CERTIFICACION DE SEGURIDAD ELECTRICA IRAM 62353.  MANO DE OBRA.",,,,,1,142598.5
,,,,,,,,,,
,,,,,,,,,,
,,,,,,,,,,
,,,,,,,,,,
,,1224,07/06/2026,26POLA,110,58,1110116000,,3090000,Sol.de Gastos
,,,,,,,,,,
,,,2.9.3.01563.0003,CABLE UTP - CAJA  X305 M C/U  - CATEGORIA 6 - COMMSCOPE - CUBIERTA .,,,,,4,320000
,,,,,,,,,,
,,,,,,,,,,
,,,,,,,,,,
,,,,,,,,,,
,,1225,07/06/2026,PREYCO,110,58,1110116000,,4000000,Sol.de Gastos
,,,,,,,,,,
,,,4.3.4.00143.0003,"TELEFONO CELULAR - Telefono celular , de 126 GB o más. Pantalla: OLED LTPO Super Retina XDR de 6.3 pulgadas con tecnología ProMotion 120 Mhz.  4K Dolby Visión a 120cps. Procesador: Chip A18 Pro (6 núcleos). Cámara Principal: 48 MP Fusion con estabilizació",,,,,1,4000000
,,,,,,,,,,
,,,,,,,,,,
,,,,,,,,,,
,,,,,,,,,,
,,1226,07/06/2026,SNJDE,132,24,1110107000,,266800,Ped.Suministros
,,,,,,,,,,
,,,4.3.7.04843.0001,CASILLERO -  TIPO LOOCKER METÁLICO- COLOR GRIS - DE 3 PUERTAS LARGAS - CON CERRADURA DE 52X28X183CM,,,,,1,266800
,,,,,,,,,,
,,,,,,,,,,
,,,,,,,,,,
,,,,,,,,,,
,,1227,07/06/2026,POLMEJ,110,24,1110107000,,2598112,Sol.de Gastos
,,,,,,,,,,
,,,2.2.2.03469.0017,BOTINES DE TRABAJO - TIPO DE SEGURIDAD PARA TRABAJO - MATERIAL CUERO DESCARNE - SUELA DE POLIURETANO BIDENSIDAD - PUNTERA DE ACERO - LIVIANO - DIELECTRICO - ANTIDESLIZANTE - RESISTENTE A LA ABRASION E HIDRICARBUROS - INTERIOR FORRADO - COLOR NEGRO - TALLE,,,,,11,84700
,,,,,,,,,,
,,,,,,,,,,
,,,,,,,,,,
,,,,,,,,,,
,,1229,07/06/2026,DESARR,110,24,1110107000,,4638622.5,Sol.de Gastos
,,,,,,,,,,
,,,5.1.4.03679.0001,ALFAJOR - RELLENO DE DULCE DE LECHE - COBERTURA AZUCAR IMPALPABLE O CHOCOLATE BLANCO - ENVASE CAJA X 40 UNIDADES - PESO 40 GRS-TIPO GUAYMALLEN O VIMAR,,,,,82,13468.5
,,,,,,,,,,
,,,,,,,,,,
,,,,,,,,,,
,,,,,,,,,,
,,1230,07/06/2026,DERECR,132,58,1110116000,,25300000,Sol.de Gastos
,,,,,,,,,,
,,,3.5.1.02464.0032,"SERVICIO DE CHARTER - MINIBUS CON CAPACIDAD PARA 15 PERSONAS, PARA TRASLADO DE PERSONAS CON DISCAPACIDAD MOTORA. TRASLADOS INTERNOS IDA Y VUELTA POR VIAJE EN EL EJIDO URBANO DE LA CIUDAD DE MAR DEL PLATA, DESDE EL 26/10 AL 31/10.  NOTA: EL VEHICULO DEBERA",,,,,20,250000
,,,,,,,,,,
,,,,,,,,,,
,,,,,,,,,,
,,,,,,,,,,
,,1231,07/06/2026,TINTED,110,58,1110116000,,7000000,Sol.de Gastos
,,,,,,,,,,
,,,3.2.9.06597.0001,CALEFACTOR TIPO HONGO - 4 CALEFACTORES + GARRAFAS Y LA REPOSICION x DIA DE GARRAFA x 1 MES,,,,,1,7000000
,,,,,,,,,,
,,,,,,,,,,
,,,,,,,,,,
,,,,,,,,,,
,,1232,07/06/2026,FGAJEF,110,58,1110116000,,116800,Sol.de Gastos
,,,,,,,,,,
,,,2.3.3.07274.0002,BANNERS - DESCRIPCION BANNERS- BANNERS CON ESTRUCTURA,,,,,1,116800
,,,,,,,,,,
,,,,,,,,,,
,,,,,,,,,,
,,,,,,,,,,
,,1233,07/07/2026,26RESO,110,58,1110116000,,200000,Sol.de Gastos
,,,,,,,,,,
,,,2.9.6.07886.0001,"KIT PARA CONEXIÓN DE AIRE ACONDICIONADO - 4 metros de caño 1/2   4 metros caño 1/4  4 aislaciones 1/2  1 rollo de cinta blanca   4 metros cable 5x 2 1/2  1 1/2 kg de gas R22  1 varilla de plata  6 tornillos 8""  6 tarugos 8""  3 metros manguera 5/8",,,,,1,200000
,,,,,,,,,,
,,,,,,,,,,
,,,,,,,,,,
,,,,,,,,,,
,,1234,07/07/2026,26DEFU,110,58,1110116000,,71465.19,Ped.Suministros
,,,,,,,,,,
,,,2.5.5.00728.0061,PINTURA AL LATEX - USO EXTERIORES - COLOR BLANCO POLAR - CAPACIDAD 10L.,,,,,1,61465.19
,,,,,,,,,,
,,,,,,,,,,
,,,,,,,,,,
,,,,,,,,,,
,,1235,07/07/2026,26DEFU,110,58,1110116000,,45000,Ped.Suministros
,,,,,,,,,,
,,,5.1.7.08131.9999,BROCHA - BROCHA pintor,,,,,2,9000
,,,,,,,,,,
,,,,,,,,,,
,,,,,,,,,,
,,,,,,,,,,
,,1236,07/07/2026,26DEFU,110,58,1110116000,,500000,Ped.Suministros
,,,,,,,,,,
,,,4.3.4.00143.0001,"TELEFONO CELULAR - tipo samsung s21 , 5g 256 gb",,,,,1,500000
,,,,,,,,,,
,,,,,,,,,,
,,,,,,,,,,
,,,,,,,,,,
,,1237,07/07/2026,26RESO,110,58,1110116000,,500000,Ped.Suministros
,,,,,,,,,,
,,,4.3.4.00143.0001,TELEFONO CELULAR - tipo samsung galaxy s21 . 5g . 256 gb,,,,,1,500000
,,,,,,,,,,
,,,,,,,,,,
,,,,,,,,,,
,,,,,,,,,,
,,1238,07/07/2026,SCIUDA,131,50,1110117000,,6792335.49,Sol.de Gastos
,,,,,,,,,,
,,,2.7.9.00644.0002,"TORNILLO - T3 PUNTA MECHA, PRESENTACION X 100.",,,,,1,3150
,,,,,,,,,,
,,,,,,,,,,
,,,,,,,,,,
,,,,,,,,,,
,,1239,07/07/2026,DHMORO,110,12,1110104000,,330000,Sol.de Gastos
,,,,,,,,,,
,,,2.5.2.01821.0004,ANTIBIOTICOS - TIPO MONODROGA - DROGA GENERICA GENTAMICINA - FORMA FARMACEUTICA AMPOLLA - PRESENTACION 80mg.,,,,,300,1100
,,,,,,,,,,
,,,,,,,,,,
,,,,,,,,,,
,,,,,,,,,,
,,1241,07/07/2026,PREYCO,110,58,1110116000,,378080,Ped.Suministros
,,,,,,,,,,
,,,3.5.3.02165.0075,"SERVICIO DE IMPRESION -  CARPETA INSTITUCIONAL ,CON IMPRESIÓN, COLOR ROJO SOBRE PAPEL ESPECIAL DE 300 GR. CON TERMINACIÓN LACA BRILLANTE, MEDIDA 45 CM X 30 CM",,,,,100,3780.8
,,,,,,,,,,
,,,,,,,,,,
,,,,,,,,,,
,,,,,,,,,,
,,1242,07/07/2026,PREYCO,110,58,1110116000,,1050000,Sol.de Gastos
,,,,,,,,,,
,,,2.7.4.04702.0001,TOTEM - Base de caño estructural 30x50x660 de frente y un pie de apoyo hacia atrás de 300 de largo Cuerpo de caño estructural 20x20 con revestimiento de chapa galvanizada ploteada Leve inclinación de 4 cm entre la base y su altura máxima  Soporte y estabi,,,,,1,1050000
,,,,,,,,,,
,,,,,,,,,,
,,,,,,,,,,
,,,,,,,,,,
,,1243,07/07/2026,PREYCO,110,58,1110116000,,1200000,Sol.de Gastos
,,,,,,,,,,
,,,2.3.3.07313.0008,"VINILO - de impresión laminado Mate.  Medidas 3 mts x 2,72. Con colocación  Diseño enviado por el municipio",,,,,1,1200000
,,,,,,,,,,
,,,,,,,,,,
,,,,,,,,,,
,,,,,,,,,,
,,1244,07/08/2026,6EDUDC,110,24,1110107000,,3093400,Sol.de Gastos
,,,,,,,,,,
,,,2.1.1.00541.0006,CARNE - ESPECIE VACUNA - CORTE PICADA COMUN.,,,,,33,12000
,,,,,,,,,,
,,,,,,,,,,
,,,,,,,,,,
,,,,,,,,,,
,,1245,07/08/2026,SCIUDA,131,50,1110117000,,20472000,Sol.de Gastos
,,,,,,,,,,
,,,3.2.2.06392.0002,"ALQUILER HIDROELEVADOR - JORNADA SIMPLE DE CAMIONETA CON HIDROELEVADOR, INCLUYE OPERADOR ESPECIALIZADO, DESTINADO A TAREAS OPERATIVAS PARA TRABAJO EN EQUIPO EN ALTURA, INCLUYE COMBUSTIBLE. EL USO SERA DENTRO DE LOS LIMITES DEL PARTIDO. CON CERTIFICACIONES",,,,,40,371800
,,,,,,,,,,
,,,,,,,,,,
,,,,,,,,,,
,,,,,,,,,,
,,1246,07/08/2026,6EDUDC,110,24,1110107000,,4137825,Sol.de Gastos
,,,,,,,,,,
,,,2.1.1.00611.0007,CREMA - TIPO PASTEURIZADA - ENVASE POTE PLASTICO - CONTENIDO 200cm¦.,,,,,400,2020
,,,,,,,,,,
,,,,,,,,,,
,,,,,,,,,,
,,,,,,,,,,
,,1247,07/08/2026,6EDUDC,110,24,1110107000,,2313481.6,Sol.de Gastos
,,,,,,,,,,
,,,2.1.1.00489.0083,ESPECIAS - TIPO OREGANO - PRESENTACION BOLSA - CANTIDAD 50 GRS. TIPO DOS ANCLAS / ALICANTE,,,,,10,1100
,,,,,,,,,,
,,,,,,,,,,
,,,,,,,,,,
,,,,,,,,,,
,,1248,07/08/2026,6DESAH,110,24,1110107000,,9000000,Sol.de Gastos
,,,,,,,,,,
,,,5.1.4.03278.0001,SERVICIOS DE SEPELIOS PARA INDIGENTES - TRASLADO DENTRO DEL PARTIDO DE  MORON HASTA AGOTAR LA SUMA DE $ 9.000.000.-  EL PROVEEDOR DEBERA INDICAR EL PRECIO UNITARIO DE :    VALOR DEL KM EXTRA  INHUMACION EN EL CEMENTERIO DE MORON  ATAUD STANDARD  ATAUD MED,,,,,1,9000000
,,,,,,,,,,
,,,,,,,,,,
,,,,,,,,,,
,,,,,,,,,,
,,1249,07/08/2026,TINTED,110,58,1110116000,,2940000,Ped.Suministros
,,,,,,,,,,
,,,3.5.1.06775.0005,SERVICIO DE TRASLADO DE PERSONAS - PARA SERVICIO  DE TRASLADO.,,,,,7,420000
,,,,,,,,,,
,,,,,,,,,,
,,,,,,,,,,
,,,,,,,,,,
,,1250,07/08/2026,DERECR,110,58,1110116000,,7000000,Sol.de Gastos
,,,,,,,,,,
,,,3.5.1.02464.0009,"SERVICIO DE CHARTER - VIAJES DESDE DISTINTOS PUNTOS DEL PARTIDO DE MORÓN Y ALREDEDORES AL CENTRO DEPORTIVO GORKI GRANA Y SU REGRESO.   NOTA: LOS MICROS DEBERAN TENER HABILITACION, VERIFICACION TECNICA VEHICUAR Y SEGURO DE TRANSPORTE  DE PASAJEROS.",,,,,20,350000
,,,,,,,,,,
,,,,,,,,,,
,,,,,,,,,,
,,,,,,,,,,
,,1251,07/08/2026,SCIUDA,131,50,1110117000,,5900000,Ped.Suministros
,,,,,,,,,,
,,,3.2.9.05074.0001,"ALQUILER DE BAÑOS QUÍMICOS - INCLUYE 4 DESAGOTES MENSUALES Y LIMPIEZA, PARA CABINA DE SEGURIDAD MOVIL.",,,,,5,340000
,,,,,,,,,,
,,,,,,,,,,
,,,,,,,,,,
,,,,,,,,,,
,,1252,07/08/2026,DHMORO,110,12,1110104000,,696000,Sol.de Gastos
,,,,,,,,,,
,,,2.9.5.02181.0001,LLAVE CONDUCTORA DE VIAS - MATERIAL PLASTICAS DESCARTABLES ESTERILES,,,,,2000,229
,,,,,,,,,,
,,,,,,,,,,
,,,,,,,,,,
,,,,,,,,,,
,,1253,07/13/2026,6DIRIN,110,24,1110107000,,87022,Sol.de Gastos
,,,,,,,,,,
,,,2.5.8.00378.0004,CAÑO DE PLASTICO - MATERIAL POLIPROPILENO - COLOR MARRON -BICAPA- EXTREMO ROSCADOS - DIAMETRO 25 MM- LONGITUD 6000MM,,,,,2,27000
,,,,,,,,,,
,,,,,,,,,,
,,,,,,,,,,
,,,,,,,,,,
,,1254,07/13/2026,6EDUDC,110,24,1110107000,,12695444,Sol.de Gastos
,,,,,,,,,,
,,,2.1.1.00541.0002,CARNE - ESPECIE VACUNO - CORTE MILANESA DE NALGA,,,,,162,20500
,,,,,,,,,,
,,,,,,,,,,
,,,,,,,,,,
,,,,,,,,,,
,,1255,07/13/2026,SNJDE,132,24,1110107000,,628500,Sol.de Gastos
,,,,,,,,,,
,,,2.9.3.08142.0001,TERMICA - INTERUPTOR TERMOMAGNETICO TETRAPOLAR DE 63 AMP,,,,,2,131000
,,,,,,,,,,
,,,,,,,,,,
,,,,,,,,,,
,,,,,,,,,,
,,1256,07/13/2026,26CIUD,110,58,1110116000,,8070900,Sol.de Gastos
,,,,,,,,,,
,,,3.1.5.01384.0001,DISTRIBUCION DE CORREOS - CONTRATACION DE SERVICIO PARA ENVIO DE CORRESPONDENCIA HASTA LA SUMA DE $8.070.900 (PESOS OCHO MILLONES SETENTA MIL NOVECIENTOS) PARA EL ENVÍO MENSUAL APROXIMADO DE 250 CARTAS SIMPLES - 190 CARTAS DOCUMENTO - 190 CARTAS CON ACUSE,,,,,1,8070900
,,,,,,,,,,
,,,,,,,,,,
,,,,,,,,,,
,,,,,,,,,,
,,1257,07/13/2026,DERECR,110,58,1110116000,,22000000,Sol.de Gastos
,,,,,,,,,,
,,,2.2.2.01045.0007,EQUIPO DE GIMNASIA - CAMPERA CON CAPUCHA Y MANGA LARGA - MATERIAL MICROFIBRA.  PANTALON CON BOLSILLO Y CIERRE DEPORTIVO.  POLIESTER SUBLIMADO 100%.,,,,,400,55000
,,,,,,,,,,
,,,,,,,,,,
,,,,,,,,,,
,,,,,,,,,,
,,1258,07/13/2026,DTOZOL,110,69,1110106000,,1340167.55,Ped.Suministros
,,,,,,,,,,
,,,2.5.5.00728.0062,PINTURA AL LATEX -  LATEX COLORIN DURAMAX INT/EXT BLANCO MATE 20 L,,,,,5,71691
,,,,,,,,,,
,,,,,,,,,,
,,,,,,,,,,
,,,,,,,,,,
,,1259,07/13/2026,DERECR,132,58,1110116000,,4598000,Sol.de Gastos
,,,,,,,,,,
,,,3.4.9.03388.0006,ARBITRAJES DEPORTIVOS - DEPORTE BEACH VOLEY,,,,,40,22000
,,,,,,,,,,
,,,,,,,,,,
,,,,,,,,,,
,,,,,,,,,,
,,1260,07/13/2026,SCIUDA,131,50,1110117000,,878000,Sol.de Gastos
,,,,,,,,,,
,,,3.3.9.07280.0001,"MANTENIMIENTO DE EQUIPOS - PARA FUSIONADORA FIBER FUSION SPLICER SE REALIZA LIMPIEZA GENERAL CON PAÑO Y ALCOHOL ISOPROPILICO, CALIBRACIÓN DE MOTORES, AJUSTE DE ARCO, ALINEACIÓN DE ELECTRODOS. PARA CORTADORA FC-30 FIBER CLEAVER SE REALIZA LIMPIEZA GENERAL ",,,,,1,878000
,,,,,,,,,,
,,,,,,,,,,
,,,,,,,,,,
,,,,,,,,,,
,,1261,07/13/2026,PREYCO,110,58,1110116000,,252000,Sol.de Gastos
,,,,,,,,,,
,,,2.3.3.07305.0001,"BANNER - para fondo de escenario de 3 x 2 metros, impreso en 4 colores",,,,,1,252000
,,,,,,,,,,
,,,,,,,,,,
,,,,,,,,,,
,,,,,,,,,,
,,1262,07/13/2026,PREYCO,110,58,1110116000,,1087000,Sol.de Gastos
,,,,,,,,,,
,,,3.9.1.08152.0001,"ALQUILER DE TOTEM - Equipos : totem GA 401-43""  + Totem GA 500-55"" + Monitoreo",,,,,1,1087000
,,,,,,,,,,
,,,,,,,,,,
,,,,,,,,,,
,,,,,,,,,,
,,1263,07/13/2026,SECTYT,110,73,1110127000,,1917003,Sol.de Gastos
,,,,,,,,,,
,,,2.5.8.04751.0002,REDUCTOR DE VELOCIDAD - REDUCTOR DE VELOCIDAD - PUNTERA DE LOMO LIGHT. MP2015 LIGHT AM H,,,,,1,58443
,,,,,,,,,,
,,,,,,,,,,
,,,,,,,,,,
,,,,,,,,,,
,,1264,07/13/2026,TUDES,110,24,1110107000,,1123748,Ped.Suministros
,,,,,,,,,,
,,,2.1.1.00457.0002,SALCHICHA VIENA - SALCHICHA DE VIENA- TAMAÑO SUPER- UNIDADES 6 X ENVASE- MARCA TIPO SANTAMARINA,,,,,92,3290
,,,,,,,,,,
,,,,,,,,,,
,,,,,,,,,,
,,,,,,,,,,
,,1265,07/14/2026,INFRA,110,15,1110105000,,5364000,Sol.de Gastos
,,,,,,,,,,
,,,2.9.6.00941.0004,BATERIA - DESTINO AUTOMOTOR - TENSION NOM. 12V - CAPACIDAD DE CORRIENTE 85A.,,,,,10,165000
,,,,,,,,,,
,,,,,,,,,,
,,,,,,,,,,
,,,,,,,,,,
,,1266,07/14/2026,SEDELO,110,57,1110122000,,600955,Sol.de Gastos
,,,,,,,,,,
,,,4.3.2.05207.0001,"CARRO PARA CARGA - TIPO ZORRA HIDRAULIZA PARA 3000KG, ANCHO DE UÑAS 550MM, RUEDAS DE HIERRO Y POLIURETANO- TIPO MAX  SE ADJUNTA IMAGEN",,,,,1,600955
,,,,,,,,,,
,,,,,,,,,,
,,,,,,,,,,
,,,,,,,,,,
,,1267,07/14/2026,SEDELO,110,57,1110122000,,1248000,Ped.Suministros
,,,,,,,,,,
,,,3.3.9.02047.0001,"INSTALACION DE EQUIPOS - PROVISION E INTALACION DE 2 EXTRACTORES TIPO PLATO VOLADOR PARA MEJORAR LA EXTRACCION DE 2 COCINAS INSUSTIALES EXISTENTES, TENDIDO ELECTRICO Y CONECCIONADO DEJANDO TODO EN FUNCIONAMIENTO   INCLUYE MATERIALES Y MANO DE OBRA",,,,,1,1248000
,,,,,,,,,,
,,,,,,,,,,
,,,,,,,,,,
,,,,,,,,,,
,,1268,07/14/2026,DERECR,132,58,1110116000,,8580000,Sol.de Gastos
,,,,,,,,,,
,,,3.4.9.03388.0002,ARBITRAJES DEPORTIVOS - DEPORTE FUTSAL,,,,,110,78000
,,,,,,,,,,
,,,,,,,,,,
,,,,,,,,,,
,,,,,,,,,,
,,1269,07/14/2026,DERECR,132,58,1110116000,,5669000,Sol.de Gastos
,,,,,,,,,,
,,,3.4.9.03388.0002,ARBITRAJES DEPORTIVOS - DEPORTE FUTBOL 5,,,,,32,33000
,,,,,,,,,,
,,,,,,,,,,
,,,,,,,,,,
,,,,,,,,,,
,,1270,07/14/2026,DERECR,132,58,1110116000,,2511000,Sol.de Gastos
,,,,,,,,,,
,,,3.4.9.03388.0003,ARBITRAJES DEPORTIVOS - DEPORTE BASQUET,,,,,10,44000
,,,,,,,,,,
,,,,,,,,,,
,,,,,,,,,,
,,,,,,,,,,
,,1271,07/14/2026,DERECR,132,58,1110116000,,3822000,Sol.de Gastos
,,,,,,,,,,
,,,3.4.9.03388.0005,ARBITRAJES DEPORTIVOS - TESTEADOR FUTBOL,,,,,1,80000
,,,,,,,,,,
,,,,,,,,,,
,,,,,,,,,,
,,,,,,,,,,
,,1272,07/14/2026,DERECA,110,45,1110103000,,170000,Sol.de Gastos
,,,,,,,,,,
,,,2.9.6.00925.0017,BOMBA DE DIRECCION HIDRAULICA - PARA CITROEN BERLINGO,,,,,1,170000
,,,,,,,,,,
,,,,,,,,,,
,,,,,,,,,,
,,,,,,,,,,
,,1273,07/15/2026,SCIUDA,110,50,1110117000,,168450,Sol.de Gastos
,,,,,,,,,,
,,,2.9.6.00540.0002,LAMPARA P/FARO AUTOMOTOR/CAMION - LAMPARA MODELO 1034 21/5W 12V,,,,,14,1650
,,,,,,,,,,
,,,,,,,,,,
,,,,,,,,,,
,,,,,,,,,,
,,1274,07/15/2026,SEDELO,110,57,1110122000,,1505000,Sol.de Gastos
,,,,,,,,,,
,,,3.3.9.07160.0001,"PROVISION Y COLOCACION DE CARTELES - ESTRUCTURA, LONA IMPRESA COLOR Y COLOCACIÓN DE CARTEL- MEDIDA: 320 CM X 230CM  SE ADJUNTA DISEÑO",,,,,1,1400000
,,,,,,,,,,
,,,,,,,,,,
,,,,,,,,,,
,,,,,,,,,,
,,1275,07/15/2026,SCIUDA,131,50,1110117000,,4585000,Sol.de Gastos
,,,,,,,,,,
,,,4.3.7.04606.0002,CAFETERA - CAPACIDAD 2 POCILLOS - EXPRESS,,,,,1,330000
,,,,,,,,,,
,,,,,,,,,,
,,,,,,,,,,
,,,,,,,,,,
,,1276,07/15/2026,SFAINF,110,69,1110106000,,12995000,Ped.Suministros
,,,,,,,,,,
,,,4.3.6.00001.0032,COMPUTADORA DE OFICINA - tipo MSI H610 (HDMI/VGA/USB3.07M.2),,,,,5,1394000
,,,,,,,,,,
,,,,,,,,,,
,,,,,,,,,,
,,,,,,,,,,
,,1277,07/15/2026,DERECR,110,58,1110116000,,2125000,Sol.de Gastos
,,,,,,,,,,
,,,2.1.1.01351.0003,FACTURA - TIPO MEDIALUNAS - PRESENTACIÓN POR DOCENA - SIN TACC,,,,,130,12500
,,,,,,,,,,
,,,,,,,,,,
,,,,,,,,,,
,,,,,,,,,,
,,1278,07/15/2026,DERECR,110,58,1110116000,,779800,Sol.de Gastos
,,,,,,,,,,
,,,2.1.1.02610.0001,TAPA EMPANADA - TIPO P/HORNO - PRESENTACION BOLSA X 12 - SIN TACC,,,,,22,2400
,,,,,,,,,,
,,,,,,,,,,
,,,,,,,,,,
,,,,,,,,,,
,,1279,07/15/2026,DERECR,110,58,1110116000,,2695000,Sol.de Gastos
,,,,,,,,,,
,,,2.1.1.00541.0007,CARNE - ESPECIE VACUNA - CORTE PICADA ESPECIAL.,,,,,30,13000
,,,,,,,,,,
,,,,,,,,,,
,,,,,,,,,,
,,,,,,,,,,
,,1280,07/16/2026,DHMORO,110,12,1110104000,,29496000,Sol.de Gastos
,,,,,,,,,,
,,,2.1.1.00621.0008,AVE - SUPREMA DE POLLO - PESO APROXIMADO 250gr c/u - PRESENTACION KILOGRAMOS,,,,,600,9800
,,,,,,,,,,
,,,,,,,,,,
,,,,,,,,,,
,,,,,,,,,,
,,1281,07/16/2026,26PRAF,110,58,1110116000,,341000,Sol.de Gastos
,,,,,,,,,,
,,,2.9.6.03063.0018,FILTRO DE ACEITE P/VEHICULO - CAMIÓN MARCA IVECO DAILY 35C 15,,,,,1,46000
,,,,,,,,,,
,,,,,,,,,,
,,,,,,,,,,
,,,,,,,,,,
,,1282,07/16/2026,26POLA,110,58,1110116000,,735308,Sol.de Gastos
,,,,,,,,,,
,,,2.9.3.01563.0001,CABLE UTP - TIPO UTP - CATEGORIA NIVEL 5E EXTERIOR  NEGRO GIG - CUBIERTA PVC.,,,,,610,874
,,,,,,,,,,
,,,,,,,,,,
,,,,,,,,,,
,,,,,,,,,,
,,1283,07/16/2026,DESARR,110,24,1110107000,,9354800,Sol.de Gastos
,,,,,,,,,,
,,,5.1.4.03681.0001,CONSERVA DE CARNE - TIPO PICADILLO - VARIEDAD DE CARNE - ENVASE LATA - PESO 90 GRS.,,,,,5200,800
,,,,,,,,,,
,,,,,,,,,,
,,,,,,,,,,
,,,,,,,,,,
,,1284,07/16/2026,6 SIT,110,45,1110103000,,10500000,Ped.Suministros
,,,,,,,,,,
,,,4.3.6.00002.0001,COMPUTADORA PORTATIL - Notebook Tipo Lenovo E14  RYZEN 5 230 (16 TOPS) 16GB RAM - 512GB SSD M.2 W11 PRO 3 AÑOS DE GARANTIA,,,,,3,3500000
,,,,,,,,,,
,,,,,,,,,,
,,,,,,,,,,
,,,,,,,,,,
,,1285,07/16/2026,PREYCO,110,58,1110116000,,2850000,Sol.de Gastos
,,,,,,,,,,
,,,4.8.1.01748.0044,LICENCIAS - Sistema operativo Windows 11 PRO 64 bits OEM (fisica),,,,,1,550000
,,,,,,,,,,
,,,,,,,,,,
,,,,,,,,,,
,,,,,,,,,,
,,1286,07/16/2026,DHMORO,110,12,1110104000,,8844000,Sol.de Gastos
,,,,,,,,,,
,,,2.5.2.01855.0006,CORTICOESTEROIDE - TIPO MONODROGA - DROGA GENERICA DEXAMETASONA - FORMA FARMACEUTICA AMPOLLA - PRESENTACION 8 MG.,,,,,3000,850
,,,,,,,,,,
,,,,,,,,,,
,,,,,,,,,,
,,,,,,,,,,
,,1287,07/17/2026,GREPUB,110,45,1110103000,,999600,Sol.de Gastos
,,,,,,,,,,
,,,3.5.3.02165.0001,SERVICIO DE IMPRESION - RECIBOS PARA LA EMISION DE LA TASA POR INSPECCION DE SEGURIDAD E HIGIENE- DIMENSION 210 X 297 mm-PAPEL A4 GRAMAJE 75/80 Gr/m2-SISTEMA IMPRESIÓN LASER-IMPRESIÓN AL FRENTE SEGÚN MODELO ADJUNTO (FONDO DE SEGURIDAD COLOR VERDE AGUA-IMP,,,,,9000,98
,,,,,,,,,,
,,,,,,,,,,
,,,,,,,,,,
,,,,,,,,,,
,,1288,07/17/2026,DESARR,110,24,1110107000,,19399200,Sol.de Gastos
,,,,,,,,,,
,,,5.1.4.04381.0001,FIAMBRE - TIPO PALETA COCIDA - PRESENTACION POR HORMA DE 5 KILOS - DOS ENTGREGAS MENSUALES DE 53 HORMAS.,,,,,106,13200
,,,,,,,,,,
,,,,,,,,,,
,,,,,,,,,,
,,,,,,,,,,
,,1289,07/17/2026,SCIUDA,131,50,1110117000,,6400000,Ped.Suministros
,,,,,,,,,,
,,,4.3.9.06975.0001,"CAMARA DE SEGURIDAD - DS-2CD1043G2-LIU (F), CAMARA DE RED DE BALA FIJA CON LUZ HIBRIDA INTELIGENTE DE 4 MP, CON IMAGEN DE ALTA CALIDAD CON RESOLUCION DE 4 MP, CON DETECCION DE HUMANOS Y VEHICULOS,",,,,,20,320000
,,,,,,,,,,
,,,,,,,,,,
,,,,,,,,,,
,,,,,,,,,,
,,1290,07/17/2026,TINTED,110,58,1110116000,,5600000,Sol.de Gastos
,,,,,,,,,,
,,,3.5.9.06997.0001,SERVICIO DE SONIDO - -  SONIDO DE 4 CAJAS DE 250w JBL  4 TRIPODES  2 MICROFONOS INALAMBRICOS SM58  CONSOLA POTENCIADA DE 8 CANALES  PC PARA REPRODUCCION DE MUSICA  OPERADOR  TRANSPORTE  5 MANTELES NEGROS DE 3x2,,,,,1,5600000
,,,,,,,,,,
,,,,,,,,,,
,,,,,,,,,,
,,,,,,,,,,
,,1291,07/17/2026,TINTED,110,58,1110116000,,8000000,Sol.de Gastos
,,,,,,,,,,
,,,3.5.9.06997.0001,"SERVICIO DE SONIDO - -  SONIDO DE 6 SISTEMAS NEXO GEO S x LADO  2 SUBS DE 18"" JBL  2 MONITORES DE 250w  2 MICROFONOS INALAMBRICOS SM58  CONSOLA DIGITAL DE 8 CANALES  PC PARA REPRODUCCION DE MUSICA  OPERADOR  TRANSPORTE  TARIMA DE 7x3 x 50cm DE ALTURA  2 E",,,,,1,8000000
,,,,,,,,,,
,,,,,,,,,,
,,,,,,,,,,
,,,,,,,,,,
,,1292,07/20/2026,TINTED,110,58,1110116000,,5100000,Sol.de Gastos
,,,,,,,,,,
,,,3.5.9.06997.0001,SERVICIO DE SONIDO - TIPO  SONIDO 4 CAJAS 450W JBL EN TRIPODE.  2 MONITORES JBL (PRENSA Y ORADOR).  CONSOLA DE 16 CANALES DIGITAL.  4 MICROFONOS CON CABLE SM58.  PC.  OPERADOR.  ASISTENTE.  200 SILLAS PLASTICAS COLOR NEGRO SIN APOYA BRAZOS.  10 VALLAS BAJ,,,,,1,5100000
,,,,,,,,,,
,,,,,,,,,,
,,,,,,,,,,
,,,,,,,,,,
,,1293,07/20/2026,6DLOGI,110,15,1110105000,,8600000,Sol.de Gastos
,,,,,,,,,,
,,,3.3.2.02460.0017,"REPARACION DE CAMION CAMIONETA Y EQ.VIALES - DESCRIPCION= REPARACION DE KIT COMPLETO DE DISTRIBUCION CON CADENA Y TENSORES-TURBO NUEVO-SERVICE COMPLETO-CORREA POLY V DE COMPRESOR Y BOMBA- CAMBIO DE FILTRO AIRE, ACEITE Y COMBUSTIBLE- COLOCACION DE AGUA Y L",,,,,1,8600000
,,,,,,,,,,
,,,,,,,,,,
,,,,,,,,,,
,,,,,,,,,,
,,1294,07/20/2026,DPRDNN,132,24,1110107000,,6334741,Ped.Suministros
,,,,,,,,,,
,,,2.2.1.04224.0001,CORDON - PARA ZAPATILLAS: 10 PARES BLANCOS; 10 PARES NEGROS . PRESENTACIN POR PAR,,,,,20,6720
,,,,,,,,,,
,,,,,,,,,,
,,,,,,,,,,
,,,,,,,,,,
,,1295,07/20/2026,TDDITR,110,45,1110103000,,411125.67,Sol.de Gastos
,,,,,,,,,,
,,,2.9.3.01579.0005,ZOCALO - USO - TIPO SIMPLE. (A901),,,,,24,1656.01
,,,,,,,,,,
,,,,,,,,,,
,,,,,,,,,,
,,,,,,,,,,
,,1296,07/20/2026,6 SIT,110,45,1110103000,,17400000,Sol.de Gastos
,,,,,,,,,,
,,,4.3.6.00002.0002,"COMPUTADORA PORTATIL - Notebook  LENOVO Thinkpad  E14 Gen 7 (14"" Intel) Gris Oscuro 8 GB Ram 512 GB Disco SSD Sistema Operativo Free DOS",,,,,5,3000000
,,,,,,,,,,
,,,,,,,,,,
,,,,,,,,,,
,,,,,,,,,,
,,1297,07/21/2026,DHMORO,110,12,1110104000,,1220000,Sol.de Gastos
,,,,,,,,,,
,,,2.9.5.04789.0002,SET DE NEFROSTOMÍA - SET DE NEFROSTOMIA PUNTA MALECOTT N° 16,,,,,1,440000
,,,,,,,,,,
,,,,,,,,,,
,,,,,,,,,,
,,,,,,,,,,
,,1298,07/21/2026,POLCUT,110,58,1110116000,,14570000,Ped.Suministros
,,,,,,,,,,
,,,3.5.1.02464.0002,"SERVICIO DE CHARTER - DESCRIPCION SERVICIO DE TRANSPORTE - VIAJES DENTRO DEL PARTIDO DE MORON   26/9 - DESTINO ISFD 45, HAEDO / ORQUETA BARRIO CARLOS GARDEL  24/10 - DESTINO ESCUELA N°93, EL PALOMAR / ORQUESTA BARRIO CARLOS GARDEL  19/12 - DESTINO PARQUE ",,,,,8,440000
,,,,,,,,,,
,,,,,,,,,,
,,,,,,,,,,
,,,,,,,,,,
,,1299,07/21/2026,SNJDE,132,24,1110107000,,915090,Sol.de Gastos
,,,,,,,,,,
,,,2.9.2.04798.0001,PAPEL CELOFAN - PRESENTACION PLIEGO DE 45 X 60 CM. - COLORES VARIOS,,,,,40,490
,,,,,,,,,,
,,,,,,,,,,
,,,,,,,,,,
,,,,,,,,,,
,,1300,07/21/2026,DERECR,132,58,1110116000,,15800000,Sol.de Gastos
,,,,,,,,,,
,,,3.5.1.02464.0007,"SERVICIO DE CHARTER - PARA REALIZAR VIAJES DESDE UN PUNTO DEL PARTIDO DE MORÓN HACIA DISTINTOS MUNICIPIOS (LA MATANZA, MERLO, ITUZAINGO Y LOMAS DE ZAMORA)  LOS VIAJES SERÁN ENTRE EL MES DE AGOSTO Y SEPTIEMBRE.  NOTA: LOS MICROS DEBERAN TENER HABILITACION,",,,,,34,450000
,,,,,,,,,,
,,,,,,,,,,
,,,,,,,,,,
,,,,,,,,,,
,,1301,07/21/2026,DHMORO,110,12,1110104000,,25558824,Sol.de Gastos
,,,,,,,,,,
,,,3.3.3.02188.0016,"REPARACION DE EQUIPOS HOSPITALARIOS - TIPO RESPIRADOR MAQUET MODELO SERVO I SERIE NRO. 79520, SEGUN DETALLE:  REVISION, CAMBIO DE KIT CELDA, BATERIA Y SEGURIDAD ELECTRICA.",,,,,1,5815009
,,,,,,,,,,
,,,,,,,,,,
,,,,,,,,,,
,,,,,,,,,,
,,1302,07/21/2026,SEDELO,131,57,1110122000,,5489000,Sol.de Gastos
,,,,,,,,,,
,,,5.2.6.04888.0005,EQUIPAMIENTO PARA ESTÉTICA - TIPO QUITA PELO CON TALQUERA -BROCHA DE CERDAS SUAVES-,,,,,10,14500
,,,,,,,,,,
,,,,,,,,,,
,,,,,,,,,,
,,,,,,,,,,
,,1303,07/22/2026,SFAINF,110,69,1110106000,,3000000,Sol.de Gastos
,,,,,,,,,,
,,,2.9.6.07661.0002,DISCO SOLIDO - DESCRIPCION SSD  240 Gb.  Sata,,,,,20,150000
,,,,,,,,,,
,,,,,,,,,,
,,,,,,,,,,
,,,,,,,,,,
,,1304,07/22/2026,6POEDU,110,24,1110107000,,2858900,Ped.Suministros
,,,,,,,,,,
,,,2.1.1.00705.0023,LECHE - ESTADO LIQUIDA - TIPO ENTERA -ENVASE TETRA BRICK - CONTENIDO 1.000 CC.,,,,,200,2600
,,,,,,,,,,
,,,,,,,,,,
,,,,,,,,,,
,,,,,,,,,,
,,1305,07/22/2026,SCIUDA,131,50,1110117000,,9016727,Ped.Suministros
,,,,,,,,,,
,,,2.9.6.01518.0001,AMORTIGUADOR - KIT COMPLETO AMORTIGUADORES TRASEROS 1.3,,,,,1,790000
,,,,,,,,,,
,,,,,,,,,,
,,,,,,,,,,
,,,,,,,,,,
,,1306,07/22/2026,DHMORO,110,12,1110104000,07/22/2026,71820000,Sol.de Gastos
,,,,,,,,,,
,,,2.5.2.03481.0001,"OXIGENO - CONSISTENCIA LIQUIDO - PRESENTACION LA PROVISION DEL MISMO DEBERA SER EN FORMA CONTINUA , CON LOS M3 y PRESION ADECUADOS y DEBIDAMENTE ESPECIFICADOS SIN AFECTAR LAS INSTALACIONES y CUMPLIR LA PRESENTACION DE LOS CORRESPONDIENTES  REMITOS EN TIEM",,,,,36000,1995
,,,,,,,,,,
,,,,,,,,,,
,,,,,,,,,,
,,,,,,,,,,
,,1307,07/22/2026,FSO,110,37,1110200000,,130000,Sol.de Gastos
,,,,,,,,,,
,,,3.6.1.03223.0210,PUBLICIDAD GRAFICA - Publicacion en medio grafico local  Medidas: 1024x1280,,,,,1,130000
,,,,,,,,,,
,,,,,,,,,,
,,,,,,,,,,
,,,,,,,,,,
,,1308,07/22/2026,FSO,110,37,1110200000,,130000,Sol.de Gastos
,,,,,,,,,,
,,,3.6.1.03223.0210,PUBLICIDAD GRAFICA - Publicacion en medio grafico local  Medidas: 1024x1280,,,,,1,130000
,,,,,,,,,,
,,,,,,,,,,
,,,,,,,,,,
,,,,,,,,,,
,,1309,07/22/2026,FSO,110,37,1110200000,,2362200,Sol.de Gastos
,,,,,,,,,,
,,,3.6.1.03223.0210,PUBLICIDAD GRAFICA - Publicacion en medio grafico nacional.  1 dia  Medidas: 1024x1280,,,,,1,2362200
,,,,,,,,,,
,,,,,,,,,,
,,,,,,,,,,
,,,,,,,,,,
,,1310,07/22/2026,FSO,110,37,1110200000,,130000,Sol.de Gastos
,,,,,,,,,,
,,,3.6.1.03223.0210,PUBLICIDAD GRAFICA - Publicacion en medio grafico por el periodo de 30 dias corridos.  Medidas: 1080x1080,,,,,1,130000
,,,,,,,,,,
,,,,,,,,,,
,,,,,,,,,,
,,,,,,,,,,
,,1311,07/22/2026,FSO,110,37,1110200000,,130000,Sol.de Gastos
,,,,,,,,,,
,,,3.6.1.03223.0210,PUBLICIDAD GRAFICA - Publicacion en medio grafico por el periodo de 30 dias corridos.  Medidas: 1080x1080,,,,,1,130000
,,,,,,,,,,
,,,,,,,,,,
,,,,,,,,,,
,,,,,,,,,,
,,1312,07/22/2026,TUDES,110,24,1110107000,,2000000,Sol.de Gastos
,,,,,,,,,,
,,,3.3.3.02435.0002,"MANTENIMIENTO DE CALDERA - SERVICIO DE MANTENIMIENTO MENSUAL, CONTROL Y VERIFICACIÓN CON REPUESTOS MENORES.",,,,,1,350000
,,,,,,,,,,
,,,,,,,,,,
,,,,,,,,,,
,,,,,,,,,,
,,1313,07/23/2026,DHMORO,110,12,1110104000,,91893600,Sol.de Gastos
,,,,,,,,,,
,,,2.5.2.01829.0004,ANTIVIRAL - TIPO MONODROGA - DROGA GENERICA ACICLOVIR - FORMA FARMACEUTICA FCO. LIOFILIZADO - PRESENTACION 500mg.,,,,,50,22050
,,,,,,,,,,
,,,,,,,,,,
,,,,,,,,,,
,,,,,,,,,,
,,1314,07/23/2026,6DLOGI,110,15,1110105000,,9300000,Sol.de Gastos
,,,,,,,,,,
,,,3.3.2.02460.0023,REPARACION DE CAMION CAMIONETA Y EQ.VIALES - DESCRIPCION = REPARACION DE TORRE DE GIRO - SE CORTA EJE DE GIRO DE BASE Y SE FABRICA Y SE COLOCA UNO NUEVO - SE MONTA BASE COMPLETA CON AROS Y BUJES - SE MONTA PLUMA COMPLETA Y SE VUELVEN A INSTALAR TODAS LA C,,,,,1,9300000
,,,,,,,,,,
,,,,,,,,,,
,,,,,,,,,,
,,,,,,,,,,
,,1316,07/23/2026,BLETEC,110,66,1110125000,,1000000,Sol.de Gastos
,,,,,,,,,,
,,,3.5.3.02165.0003,"SERVICIO DE IMPRESION - DESCRIPCION INCLUYE PROVISION DE EQUIPO, SERVICIO TÉCNICO Y TODOS LOS INSUMOS Y REPUESTOS NECESARIOS PARA EL NORMAL FUNCIONAMIENTO DE LOS EQUIPOS COMO: CILINDRO, TONER, REVELADOR, FOTOCONDUCTOR, ACEITE SILICONADO, ETC.  COMO ASI TA",,,,,1,1000000
,,,,,,,,,,
,,,,,,,,,,
,,,,,,,,,,
,,,,,,,,,,
,,1317,07/23/2026,SCIUDA,131,50,1110117000,,9088000,Sol.de Gastos
,,,,,,,,,,
,,,4.3.9.03409.0001,"SISTEMA DE ALARMA - PROVISION DE CENTRAL DE ALARMA INALAMBRICA, COMPUESTA POR PANELES INTELIGENTES, SENSORES Y DISPOSITIVOS DE AVISO PARA DETECCION DE INTRUSIONES O EMERGENCIAS Y GENERAR ALERTAS. EL KIT INCLUYE: PANEL IPC 200 CON 6 ZONAS INALAMBRICAS, 1 D",,,,,16,568000
,,,,,,,,,,
,,,,,,,,,,
,,,,,,,,,,
,,,,,,,,,,
,,1318,07/23/2026,FSO,110,37,1110200000,,130000,Sol.de Gastos
,,,,,,,,,,
,,,3.6.1.03223.0210,PUBLICIDAD GRAFICA - Publicacion en medio grafico por el periodo de 30 dias corridos.  Medidas: 1080x1080,,,,,1,130000
,,,,,,,,,,
,,,,,,,,,,
,,,,,,,,,,
,,,,,,,,,,
,,1319,07/23/2026,FSO,110,37,1110200000,,130000,Sol.de Gastos
,,,,,,,,,,
,,,3.6.1.03223.0210,PUBLICIDAD GRAFICA - Publicacion en medio grafico por el periodo de 30 dias corridos.  Medidas: 1080x1080,,,,,1,130000
,,,,,,,,,,
,,,,,,,,,,
,,,,,,,,,,
,,,,,,,,,,
,,1321,07/23/2026,DHMORO,110,12,1110104000,,3300000,Sol.de Gastos
,,,,,,,,,,
,,,2.9.5.06813.0011,SET DE ASPIRACION - TIPO PARA TRAQUEOSTOMIA - PERCUTANEA POR DILATACION CON CANULA PARA ASPIRACION SUBLOTICA N° 8. TIPO PORTEX O SIMILAR.,,,,,3,1100000
,,,,,,,,,,
,,,,,,,,,,
,,,,,,,,,,
,,,,,,,,,,
,,1322,07/23/2026,SCIUDA,131,50,1110117000,,4164000,Sol.de Gastos
,,,,,,,,,,
,,,2.9.9.08109.0001,"SILLA  PLÁSTICA - SIN APOYABRAZOS PLASTICA APILABLE TIPO PARA JARDÍN, COLOR NEGRO",,,,,120,34700
,,,,,,,,,,
,,,,,,,,,,
,,,,,,,,,,
,,,,,,,,,,
,,1324,07/23/2026,URIING,110,45,1110103000,,136488000,Sol.de Gastos
,,,,,,,,,,
,,,3.1.5.01384.0001,DISTRIBUCION DE CORREOS - DISTRIBUCION DE TASAS MUNICIPALES DENTRO DEL PARTIDO DE MORON. PLAZO DE SERVICIO 4 MESES,,,,,600000,227.48
,,,,,,,,,,
,,,,,,,,,,
,,,,,,,,,,
,,,,,,,,,,
,,1325,07/23/2026,SFAINF,110,69,1110106000,,5000000,Sol.de Gastos
,,,,,,,,,,
,,,2.3.3.03235.0001,TALONARIOS DE ACTAS DE COMPROBACION - CALIDAD DE 25 X 3 NUMERADOS IMPRESOS EN EL PAPEL QUIMICO LEY 11.430 MEDIDAS 14.3 CM X 19 CM POR TRIPLICADO NUMERO DE INICIO DEL PRIMERO TALONARIO 525651 CON 25 ACTAS POR TALONARIO CON EL LOGO DEL MUNICIPIO EN COLOR NE,,,,,1000,5000
,,,,,,,,,,
,,,,,,,,,,
,,,,,,,,,,
,,,,,,,,,,
,,1326,07/23/2026,SOBPUB,110,15,1110105000,,8680000,Sol.de Gastos
,,,,,,,,,,
,,,2.5.9.03225.0001,CONCRETO ASFALTICO - PRESENTACION EN BOLSA DE 30 KG. PARA BACHEO ESTABILIZACION MINIMA DE 700 KG. APLICACION EN FRIO.,,,,,500,17360
,,,,,,,,,,
,,,,,,,,,,
,,,,,,,,,,
,,,,,,,,,,
,,1327,07/23/2026,SFAINF,110,69,1110106000,,1920000,Sol.de Gastos
,,,,,,,,,,
,,,4.3.7.00045.0003,"SILLA - MATERIAL ESTRUCTURA METAL - TAPIZADO TELA TAPICERIA ó  ECOCUERO COLOR NEGRO,   Nº PATAS 4 - FIJA - GIRATORIA NO - APOYA BRAZO SIN - RESPALDO FIJO.",,,,,12,160000
,,,,,,,,,,
,,,,,,,,,,
,,,,,,,,,,
,,,,,,,,,,
,,1328,07/23/2026,DPSCAP,110,12,1110104000,,16060000,Sol.de Gastos
,,,,,,,,,,
,,,2.5.9.02401.0002,FIJADOR P/RADIOLOGIA - PROCESO DE UTILIZACION AUTOMATICO - PRESENTACION BIDON - CAPACIDAD 5000 ML - SENSIBILIDAD AL AZUL/AL VERDE - TIPO FUJIFILM,,,,,16,150000
,,,,,,,,,,
,,,,,,,,,,
,,,,,,,,,,
,,,,,,,,,,
,,1329,07/24/2026,SEDELO,110,57,1110122000,,5440000,Ped.Suministros
,,,,,,,,,,
,,,2.2.2.03823.0002,"CAMPERA - TELA TRUCKER COLOR NEGRO-   FORRERIA TAFETA POLIESTER 100%- MANTA: CUERPO Y CUELLO- HUATA- MANGAS, CAPUCHA, TAPACIERRE DELA NTEROS, 2 BOLSILLOS DELANTEROS INFERIORES E INCLINADOS- CIERRE DE POLIESTER SEPARABLE-TAPACIERRE DESDE EL RUEDO HASTA EL ",,,,,20,68000
,,,,,,,,,,
,,,,,,,,,,
,,,,,,,,,,
,,,,,,,,,,
,,1330,07/24/2026,HVITAT,110,41,1110111000,,210000,Ped.Suministros
,,,,,,,,,,
,,,4.3.7.07319.0001,ESTUFA - EQUIPAMIENTO ESTUFA ELECTRICA - TIPO VITROCALEFACTOR - CON PANEL DE VIDRIO TEMPLADO - Termostato ajustable 1000W/2000W - Potencia máxima 2000W - Con corte de seguridad por caida y/o sobrecalentamiento. LUGAR DE ENTREGA: Dirección de Hábitat y Viv,,,,,1,210000
,,,,,,,,,,
,,,,,,,,,,
,,,,,,,,,,
,,,,,,,,,,
,,1331,07/24/2026,FGAJEF,110,58,1110116000,,715300,Sol.de Gastos
,,,,,,,,,,
,,,2.9.6.04242.0001,INTERRUPTOR P/VEHICULO - USO DE STOP - MODELO ORIGINAL - PARA VEHICULO CITROEN BERLINGO,,,,,1,27800
,,,,,,,,,,
,,,,,,,,,,
,,,,,,,,,,
,,,,,,,,,,
,,1332,07/24/2026,DESARR,110,24,1110107000,,9248000,Ped.Suministros
,,,,,,,,,,
,,,5.1.4.03410.0001,ACEITE COMESTIBLE - TIPO MEZCLA - ENVASE BOTELLA DE PLASTICO - CAPACIDAD 900 C.C.,,,,,3200,2890
,,,,,,,,,,
,,,,,,,,,,
,,,,,,,,,,
,,,,,,,,,,
,,1333,07/24/2026,26BIUR,110,58,1110116000,,124313.35,Ped.Suministros
,,,,,,,,,,
,,,2.9.5.04650.0001,TUBO CORRUGADO - 22 MM X MT (GENROD),,,,,25,988.5
,,,,,,,,,,
,,,,,,,,,,
,,,,,,,,,,
,,,,,,,,,,
,,1334,07/27/2026,6EDUDC,110,24,1110107000,,245198,Sol.de Gastos
,,,,,,,,,,
,,,2.1.1.00482.0004,HARINA - TIPO 0000 - PESO 1Kg - PRESENTACION PAQUETE.,,,,,10,1215
,,,,,,,,,,
,,,,,,,,,,
,,,,,,,,,,
,,,,,,,,,,
,,1335,07/27/2026,SNJDE,132,24,1110107000,,191453,Ped.Suministros
,,,,,,,,,,
,,,2.9.9.02783.0019,"JUEGO DE MESA - TIPO ""ADIVINA QUIEN SOY"" - 2 VINCHAS PLASTICAS Y 100 CARTAS - PRESENTACION - CAJA DE 31X26X5CM SELLADA.",,,,,2,10137
,,,,,,,,,,
,,,,,,,,,,
,,,,,,,,,,
,,,,,,,,,,
,,1336,07/27/2026,DPSCAP,110,12,1110104000,,2800000,Sol.de Gastos
,,,,,,,,,,
,,,3.3.3.04981.0001,MANT. DE EQUIPO ODONTOLÓGICO - OBJETO DEL SERVICIO SEGÚN DETALLE: 1° CENTRO DE SALUD DR SPRINGOLO ( $ 140.000 )  - MANTENIMIENTO  DE SILLON ODONTOLOGICO - EL MISMO DEBERA SER POR EL PERIODO DE CINCO MESES - A PARTIR DEL MES DE AGOSTO.2°CENTRO DE SALUD DR.,,,,,5,560000
,,,,,,,,,,
,,,,,,,,,,
,,,,,,,,,,
,,,,,,,,,,
,,1337,07/27/2026,DHMORO,110,12,1110104000,,9600000,Sol.de Gastos
,,,,,,,,,,
,,,2.2.2.01603.0011,CHALECO - MODELO PLOMADO CON PROTECTOR DE CUELLO - DESTINATARIO PARA USO RADIOLÓGICO - TELA DE GOMA PLOMADA DE 0.5 MM FORRADO CON TELA CORDURA,,,,,8,1200000
,,,,,,,,,,
,,,,,,,,,,
,,,,,,,,,,
,,,,,,,,,,
,,1340,07/27/2026,SECTYT,110,73,1110127000,,139150,Sol.de Gastos
,,,,,,,,,,
,,,2.9.6.00540.0002,LAMPARA P/FARO AUTOMOTOR/CAMION - MODELO 1034 21/5W 12V,,,,,8,1650
,,,,,,,,,,
,,,,,,,,,,
,,,,,,,,,,
,,,,,,,,,,
,,1341,07/27/2026,FGAJEF,110,58,1110116000,,2100000,Sol.de Gastos
,,,,,,,,,,
,,,2.9.9.03508.0001,ARREGLO FLORAL - TIPO CORONA DE LAURELES,,,,,15,140000
,,,,,,,,,,
,,,,,,,,,,
,,,,,,,,,,
,,,,,,,,,,
,,1342,07/27/2026,DERECR,110,58,1110116000,,800000,Sol.de Gastos
,,,,,,,,,,
,,,2.1.1.03311.0003,JUGO - DE FRUTA TIPO BAGGIO O SIMILAR SABOR MANZANA/NARANJA ENVASE TETRABRICK - ALTERNATIVA CAPACIDAD 200CM - PRESENTACIÓN PACK X 18 UNIDADES   LAS ENTREGAS SERAN PARCIALES/SEMANALES Y A ACORDAR,,,,,80,10000
,,,,,,,,,,
,,,,,,,,,,
,,,,,,,,,,
,,,,,,,,,,
,,1343,07/27/2026,SECTYT,110,73,1110127000,,1845250,Sol.de Gastos
,,,,,,,,,,
,,,2.9.6.07447.0001,CINTA DE CORTE - CINTA DE CORTE - CINTA DE CORTE DESCRIPCION PRESENTACION EN ROLLO - CINTA DE PELIGRO ROLLO POR 200MT,,,,,250,7381
,,,,,,,,,,
,,,,,,,,,,
,,,,,,,,,,
,,,,,,,,,,
,,1344,07/28/2026,SCIUDA,131,50,1110117000,,4120000,Sol.de Gastos
,,,,,,,,,,
,,,2.4.4.00634.0001,NEUMATICO P/AUTO - MEDIDAS: 14-185/65,,,,,10,80000
,,,,,,,,,,
,,,,,,,,,,
,,,,,,,,,,
,,,,,,,,,,
,,1345,07/28/2026,26POLA,110,58,1110116000,,1665000,Ped.Suministros
,,,,,,,,,,
,,,3.3.3.01627.0037,"MANTENIMIENTO MATAFUEGOS - MANTENIMIENTO MATAFUEGOS - TIPO POLVO QUIMICO ABC - TAREA RECARGA DE MATAFUEGO CON SELLO IRAM CON TARJETA HABILITANTE D.P.S. - CAPACIDAD DE CARGA (ELEM) 5 KG. - INCLUYE  PRUEBA (FUNCIONAMIENTO Y PRESURIZACIÓN), RECARGA Y CAMBIO ",,,,,31,33000
,,,,,,,,,,
,,,,,,,,,,
,,,,,,,,,,
,,,,,,,,,,
,,1346,07/28/2026,SCIUDA,110,50,1110117000,,4893149.25,Sol.de Gastos
,,,,,,,,,,
,,,2.5.6.03443.0001,ACEITES LUBRICANTES - YPF 20/50 - PRESENTACION TAMBOR X 200 LTS.,,,,,1,1457793.48
,,,,,,,,,,
,,,,,,,,,,
,,,,,,,,,,
,,,,,,,,,,
,,1347,07/28/2026,PREYCO,110,58,1110116000,,590000,Sol.de Gastos
,,,,,,,,,,
,,,2.9.6.06808.0001,ACCESS POINT - Access Point Wiffi 7 Tipo Ubiquiti U7 Pro Unifi Poe + Triple Banda.,,,,,1,590000
,,,,,,,,,,
,,,,,,,,,,
,,,,,,,,,,
,,,,,,,,,,
,,1348,07/28/2026,DHMORO,110,12,1110104000,,6000000,Sol.de Gastos
,,,,,,,,,,
,,,2.2.2.00915.0003,"ROPA DESCARTABLE - ELEMENTO CAMISOLIN DESCARTABLE ESTERIL - PUÑO DOBLE RIBB DE 5cm. REFORZADO TELA NO TEJIDA SMS DE 40GR/M2 - RESISTENTE A FLUIDOS - AMPLITUD 145cm. LARGO 140cm. MANGAS 75cm. DE LARGO - 4 TIRAS DE AJUSTE, 2 AL CUELLO Y 2 A LA CINTURA - SIS",,,,,1500,4000
,,,,,,,,,,
,,,,,,,,,,
,,,,,,,,,,
,,,,,,,,,,
,,1349,07/29/2026,SCIUDA,131,50,1110117000,,28635000,Sol.de Gastos
,,,,,,,,,,
,,,3.4.6.08044.0001,"SERVICIO DE MANTENIMIENTO DE SISTEMAS ESPECIFICOS - PARA 50 EQUIPOS PROPIOS TIPO PPT CYRUS, INCLUYE LICENCIAMIENTO DE PLATAFORMA TIPO PPT CYRUS Y MDM, PLAN DE DATOS ADMINISTRABLE POR EQUIPO, TIPO TEAM ON THE RUN",,,,,5,5727000
,,,,,,,,,,
,,,,,,,,,,
,,,,,,,,,,
,,,,,,,,,,
,,1350,07/29/2026,SCIUDA,131,50,1110117000,,23350000,Sol.de Gastos
,,,,,,,,,,
,,,3.4.6.02354.0001,"SERVICIO SISTEMAS ESPECIFICOS - COMPLEMENTO RELACIONADO A LA BUSQUEDA Y PLATAFORMA DE GESTION DE LECTURA DE PATENTES, SEGUN ESPECIFICACIONES TECNICAS PARTICULARES, TIPO TACTICO.",,,,,5,4670000
,,,,,,,,,,
,,,,,,,,,,
,,,,,,,,,,
,,,,,,,,,,
,,1351,07/29/2026,DHMORO,110,12,1110104000,,1600000,Sol.de Gastos
,,,,,,,,,,
,,,2.9.1.00638.0008,LAVANDINA - USO LIMPIEZA GENERAL - LINEA CONCENTRADA PREMIUN DE 55 GR CI/L - PH ALCALINO ENTRE 11 Y 13  CAPACIDAD x 4 LITROS (SE DEBERÁ ENTREGAR EN CAJAS) - PRESENTACION BIDON OSCURO ROTULADO CON GRADUACION E INSTRUCION - TAPA Y PRECINTO DE SEGURIDAD SELL,,,,,100,16000
,,,,,,,,,,
,,,,,,,,,,
,,,,,,,,,,
,,,,,,,,,,
,,1352,07/29/2026,DPRDNN,132,24,1110107000,,289000,Sol.de Gastos
,,,,,,,,,,
,,,3.3.3.01627.0037,MANTENIMIENTO MATAFUEGOS - TIPO POLVO QUIMICO ABC - TAREA RECARGA DE MATAFUEGO CON SELLO IRAM CON TARJETA HABILITANTE D.P.S. - CAPACIDAD DE CARGA (ELEM) 5 KG.,,,,,6,33000
,,,,,,,,,,
,,,,,,,,,,
,,,,,,,,,,
,,,,,,,,,,
,,1353,07/29/2026,DPRDNN,132,24,1110107000,,480000,Sol.de Gastos
,,,,,,,,,,
,,,4.3.9.01296.0043,MATAFUEGO - TIPO ABC - AGENTE EXTINTOR POLVO QUIMICO TRICLASE - CAPACIDAD 5Kg.,,,,,3,160000
,,,,,,,,,,
,,,,,,,,,,
,,,,,,,,,,
,,,,,,,,,,
,,1354,07/29/2026,SNJDE,132,24,1110107000,,345000,Sol.de Gastos
,,,,,,,,,,
,,,3.3.3.01627.0037,MANTENIMIENTO MATAFUEGOS - TIPO POLVO QUIMICO ABC - TAREA RECARGA DE MATAFUEGO CON SELLO IRAM CON TARJETA HABILITANTE D.P.S. - CAPACIDAD DE CARGA (ELEM) 5 KG.,,,,,9,33000
,,,,,,,,,,
,,,,,,,,,,
,,,,,,,,,,
,,,,,,,,,,
,,1355,07/29/2026,DPRDNN,132,24,1110107000,,878000,Sol.de Gastos
,,,,,,,,,,
,,,3.3.3.01627.0037,MANTENIMIENTO MATAFUEGOS - TIPO POLVO QUIMICO ABC - TAREA RECARGA DE MATAFUEGO CON SELLO IRAM CON TARJETA HABILITANTE D.P.S. - CAPACIDAD DE CARGA (ELEM) 5 KG.,,,,,2,33000
,,,,,,,,,,
,,,,,,,,,,
,,,,,,,,,,
,,,,,,,,,,
,,1356,07/29/2026,INFRA,110,15,1110105000,,3920000,Sol.de Gastos
,,,,,,,,,,
,,,2.4.4.00413.0001,NEUMATICO P/TRACTOR Y EQ.VIAL - DIMENSION 12-16.5 - Nº TELAS 12.  - USO MINICARGADORA BOB CAT    ,,,,,8,490000
,,,,,,,,,,
,,,,,,,,,,
,,,,,,,,,,
,,,,,,,,,,
,,1357,07/29/2026,SNJDE,132,24,1110107000,,3680000,Sol.de Gastos
,,,,,,,,,,
,,,3.3.1.07138.0001,SERVICIO DE DESAGOTE - DE POZO SEPTICO Y CAMARA - 12.000 LITROS - PERIODO DEL SERVICIO POR 5 MESES -,,,,,8,460000
,,,,,,,,,,
,,,,,,,,,,
,,,,,,,,,,
,,,,,,,,,,
,,1358,07/29/2026,FSO,110,37,1110200000,,1065000,Sol.de Gastos
,,,,,,,,,,
,,,2.7.9.02038.0029,"MEDALLA - Material fundicion color plateada -  6 cm de diametro aprox. - gravada y estampada, con cinta para colgar y caja individual.",,,,,50,21300
,,,,,,,,,,
,,,,,,,,,,
,,,,,,,,,,
,,,,,,,,,,
,,1359,07/30/2026,6EDUDC,110,24,1110107000,,77900000,Sol.de Gastos
,,,,,,,,,,
,,,3.5.1.02464.0002,"SERVICIO DE CHARTER - DESCRIPCION SERVICIO DE TRANSPORTE DE ALUMNOS CON DISCAPACIDAD MENTAL ,MODERADA Y SEVERA, DESDE SU CASA HASTA LA ESCUELA Y VICEVERSA, CON CELADORA, RECORRIDO 1: TURNOS MAÑANA Y TARDE.  KM. RECORRIDOS APROXIMADAMENTE IDA Y VUELTA 42 K",,,,,50,390000
,,,,,,,,,,
,,,,,,,,,,
,,,,,,,,,,
,,,,,,,,,,
,,1360,07/30/2026,6EDUDC,110,24,1110107000,,31800000,Sol.de Gastos
,,,,,,,,,,
,,,3.5.1.02464.0026,"SERVICIO DE CHARTER - DESCRIPCION CONTRATACION DE UN MICRO PARA TRANSPORTE DE ALUMNOS. RECORRIDO DE 120 KM APROX DENTRO DEL PARTIDO DE MORÓN. EL MICRO DEBERÁ TENER HABILITACION, VERIFICACION TECNICA VEHICULAR Y SEGURO DE TRANSPORTE DE PASAJEROS.",,,,,50,636000
,,,,,,,,,,
,,,,,,,,,,
,,,,,,,,,,
,,,,,,,,,,
,,1361,07/30/2026,TINTED,110,58,1110116000,,2500000,Sol.de Gastos
,,,,,,,,,,
,,,3.9.1.07304.0001,SERVICIO DE MERIENDA - PARA 120 PERSONAS.  MEDIALUNAS  MASITAS  INFUSIONES  VAJILLA  MANTELES,,,,,1,2500000
,,,,,,,,,,
,,,,,,,,,,
,,,,,,,,,,
,,,,,,,,,,
,,1362,07/30/2026,DHMORO,110,12,1110104000,,16503000,Sol.de Gastos
,,,,,,,,,,
,,,2.9.5.03498.0001,PAÑAL DESCARTABLE - TAMAÑO CHICO - HASTA 6 KG,,,,,11100,270
,,,,,,,,,,
,,,,,,,,,,
,,,,,,,,,,
,,,,,,,,,,
,,1363,07/30/2026,TINTED,110,58,1110116000,,274000,Sol.de Gastos
,,,,,,,,,,
,,,2.5.9.00587.0016,CUBIERTO PLASTICO DESCARTABLE - CUCHARA TIPO SUNDAY - CAFE,,,,,1000,32
,,,,,,,,,,
,,,,,,,,,,
,,,,,,,,,,
,,,,,,,,,,
,,1364,07/30/2026,6LOGIS,110,45,1110103000,,640000,Sol.de Gastos
,,,,,,,,,,
,,,2.4.4.00634.0034,NEUMATICO P/AUTO - NEUMATICO PARA CITROEN BERLINGO FURGON  MEDIDAS 175 -65-14 TIPO MARCA TOLEDO O SIMILAR,,,,,4,160000
,,,,,,,,,,
,,,,,,,,,,
,,,,,,,,,,
,,,,,,,,,,
,,1365,07/30/2026,DESARR,132,24,1110107000,,306400,Sol.de Gastos
,,,,,,,,,,
,,,2.1.1.00704.0013,ALFAJOR - RELLENO DULCE DE LECHE - COBERTURA AZUCAR IMPALPABLE O CHOCOLATE BLANCO - PESO 40GR - PRESENTACION CAJA X 40 UNIDADES. TIPO GUAYMALLEN O VIMAR,,,,,5,15220
,,,,,,,,,,
,,,,,,,,,,
,,,,,,,,,,
,,,,,,,,,,
,,1366,07/31/2026,DHMORO,110,12,1110104000,,34489824,Sol.de Gastos
,,,,,,,,,,
,,,2.1.1.02431.0003,CALDO - GUSTO CARNE - TIPO DESHIDRATADO - PRESENTACION CAJA CON  6 CUBOS,,,,,16,1480
,,,,,,,,,,
,,,,,,,,,,
,,,,,,,,,,
,,,,,,,,,,
,,1367,07/31/2026,SNJDE,132,24,1110107000,,449000,Ped.Suministros
,,,,,,,,,,
,,,2.1.1.03311.0003,JUGO - TIPO JUGO DE FRUTA T/BAGGIO -PRESENTACION CAJA X 18U - ENVASE TETRABRICK - CAPACIDAD 200ML,,,,,15,18200
,,,,,,,,,,
,,,,,,,,,,
,,,,,,,,,,
,,,,,,,,,,
,,1368,07/31/2026,SNJDE,132,24,1110107000,,468200,Ped.Suministros
,,,,,,,,,,
,,,4.3.1.01665.0001,"BOMBA CENTRIFUGA - BOMBA INTELIGENTE 3/4"" HP 30MTS ELEMATIC 26 MOTORARG.",,,,,1,468200
,,,,,,,,,,
,,,,,,,,,,
,,,,,,,,,,
,,,,,,,,,,
,,1369,07/31/2026,DHMORO,110,12,1110104000,,2583223,Sol.de Gastos
,,,,,,,,,,
,,,2.9.5.02161.0047,"CATETER - ALAMBRE GUIA HIDROFILICA 0,035 x 4,5mts",,,,,1,575600
,,,,,,,,,,
,,,,,,,,,,
,,,,,,,,,,
,,,,,,,,,,
,,1370,07/31/2026,DHMORO,110,12,1110104000,,24844500,Sol.de Gastos
,,,,,,,,,,
,,,2.1.1.00617.0001,"PAPA - TIPO BLANCA, TAMAÑO PAREJO, SIN BROTES - PRESENTACION POR KILO, DE 150 A 200 GR. C/UNIDAD",,,,,2400,1280
,,,,,,,,,,
,,,,,,,,,,
,,,,,,,,,,
,,,,,,,,,,
,,1371,07/31/2026,SNJDE,132,24,1110107000,,298240,Ped.Suministros
,,,,,,,,,,
,,,2.2.1.01459.0001,CAÑAMO - PRESENTACION 100GR.,,,,,1,12600
,,,,,,,,,,
,,,,,,,,,,
,,,,,,,,,,
,,,,,,,,,,
,,1372,07/31/2026,TINTED,110,58,1110116000,,736000,Sol.de Gastos
,,,,,,,,,,
,,,2.9.4.05437.0003,PLACA -  MATERIAL METALEX 30x40 CON BASE DE MADERA,,,,,4,184000
,,,,,,,,,,
,,,,,,,,,,
,,,,,,,,,,
,,,,,,,,,,
,,1373,07/31/2026,TINTED,110,58,1110116000,,1668000,Sol.de Gastos
,,,,,,,,,,
,,,2.2.1.03736.0002,LONA - LONA CON DOBLADILLO PERIMETRALES Y ARGOLLA,,,,,1,800000
,,,,,,,,,,
,,,,,,,,,,
,,,,,,,,,,
,,,,,,,,,,
,,1374,07/31/2026,26POLA,110,58,1110116000,,2091309.6,Sol.de Gastos
,,,,,,,,,,
,,,2.9.3.00348.0030,CAJA CIEGA A P. EXPLOSION - caja pvc din embutir 4a8 bocas puerta fume 04008 genrod,,,,,2,27706.36
,,,,,,,,,,
,,,,,,,,,,
,,,,,,,,,,
,,,,,,,,,,
,,1375,07/31/2026,DHMORO,110,12,1110104000,,15397816.14,Sol.de Gastos
,,,,,,,,,,
,,,2.9.5.03539.0003,TUBULADURA PACIENTE - DESTINO P/ BOMBA ARGUS,,,,,2500,2590
,,,,,,,,,,
,,,,,,,,,,
,,,,,,,,,,
,,,,,,,,,,
,,1376,07/31/2026,DHMORO,110,12,1110104000,,2536500,Sol.de Gastos
,,,,,,,,,,
,,,2.5.2.05988.0001,ABORTIVO - DROGA GENERICA MISOPROSTOL - FORMA FARMACEUTICA COMPRIMIDOS - PRESENTACIÓN 200mcg,,,,,180,5365
,,,,,,,,,,
,,,,,,,,,,
,,,,,,,,,,
,,,,,,,,,,
,,1377,08/03/2026,DHMORO,110,12,1110104000,,900000,Sol.de Gastos
,,,,,,,,,,
,,,2.9.6.06459.0004,REPUESTO PARA LARINGOSCOPIO - DESCRIPCION LAMPARAS ESTRIADAS DE 2.5 V  STANDARD TIPO ORBITEC,,,,,15,60000
,,,,,,,,,,
,,,,,,,,,,
,,,,,,,,,,
,,,,,,,,,,
,,1378,08/03/2026,DHMORO,110,12,1110104000,,700000,Sol.de Gastos
,,,,,,,,,,
,,,2.9.5.07122.0001,HOJA PARA DERMATOMO - DESCRIPCION DE ACERO INOXIDABLE ESTERIL DE 18 MM X 158 MM - PRESENTACION CAJA X 10 UNIDADES - TIPO SWAN MORTON,,,,,10,70000
,,,,,,,,,,
,,,,,,,,,,
,,,,,,,,,,
,,,,,,,,,,
,,1379,08/03/2026,ALUMP,110,15,1110105000,,8358000,Sol.de Gastos
,,,,,,,,,,
,,,2.9.3.02301.0001,FOTOCONTROL - Uso iluminación exterior - Corriente nominal 10 A - Tensión 220 V - Potencia 1000 W - Electromecanico - Normas IRAM AADL J20-24/J20-25 - Con Enchufe Universal - Tipo: LUMNIA - MOD 8FN2C - GARANTIA : 01 AÑO    ,,,,,600,13930
,,,,,,,,,,
,,,,,,,,,,
,,,,,,,,,,
,,,,,,,,,,
,,1380,08/03/2026,6COMDI,110,45,1110103000,,2500000,Ped.Suministros
,,,,,,,,,,
,,,3.5.3.02165.0001,"SERVICIO DE IMPRESION - DESCRIPCION DE RECIBOS PARA LA EMISION DE LA TASA POR INSPECCION DE SEGURIDAD E HIGIENE  (INDUSTRIA). TIPO DE PAPEL OBRA BLANCO DE 1RA. CALIDAD T/PSM MATHILDE 6"" X 38""",,,,,1,2500000
,,,,,,,,,,
,,,,,,,,,,
,,,,,,,,,,
,,,,,,,,,,
,,1381,08/03/2026,SCIUDA,131,50,1110117000,,372000,Ped.Suministros
,,,,,,,,,,
,,,2.3.3.07305.0001,"BANNER - MEDIDAS 80 X 200, MODELO ROLL UP, CON BOLSO DE TRASLADO Y LEYENDA A DESIGNAR.",,,,,3,124000
,,,,,,,,,,
,,,,,,,,,,
,,,,,,,,,,
,,,,,,,,,,
,,1382,08/03/2026,6DESAH,110,24,1110107000,,9000000,Sol.de Gastos
,,,,,,,,,,
,,,5.1.4.03278.0001,SERVICIOS DE SEPELIOS PARA INDIGENTES - TRASLADO DENTRO DEL PARTIDO DE  MORON HASTA AGOTAR LA SUMA DE $ 9.000.000.-  EL PROVEEDOR DEBERA INDICAR EL PRECIO UNITARIO DE :    VALOR DEL KM EXTRA  INHUMACION EN EL CEMENTERIO DE MORON  ATAUD STANDARD  ATAUD MED,,,,,1,9000000
,,,,,,,,,,
,,,,,,,,,,
,,,,,,,,,,
,,,,,,,,,,
,,1383,08/03/2026,SNJDE,132,24,1110107000,,6579353.5,Ped.Suministros
,,,,,,,,,,
,,,2.7.5.01416.0009,RODILLO - EPOXI - 11 CM,,,,,20,1301.4
,,,,,,,,,,
,,,,,,,,,,
,,,,,,,,,,
,,,,,,,,,,
,,1384,08/03/2026,DPRDNN,132,24,1110107000,,174200,Ped.Suministros
,,,,,,,,,,
,,,2.9.9.07943.0001,CORTANTES PARA MASA - PLASTIJUEGOS - 10 BARRITAS DE PLASTILINA - COLORES VARIADOS - 10 CORTANTES CON DISTINTAS FORMAS - PRESENTACION - CAJA DE 30x20x4CM,,,,,20,8710
,,,,,,,,,,
,,,,,,,,,,
,,,,,,,,,,
,,,,,,,,,,
,,1385,08/03/2026,DPRDNN,132,24,1110107000,,675000,Ped.Suministros
,,,,,,,,,,
,,,2.2.2.02859.0002,REMERA - COLOR NEGRO - CON LOGO FRENTE Y ESPALDA,,,,,30,22500
,,,,,,,,,,
,,,,,,,,,,
,,,,,,,,,,
,,,,,,,,,,
,,1386,08/03/2026,DPRDNN,132,24,1110107000,,675000,Ped.Suministros
,,,,,,,,,,
,,,2.2.2.02859.0002,REMERA - COLOR NEGRO - CON LOGO FRENTE Y ESPALDA,,,,,30,22500
,,,,,,,,,,
,,,,,,,,,,
,,,,,,,,,,
,,,,,,,,,,
,,1387,08/03/2026,6DIEME,110,12,1110104000,,440000,Sol.de Gastos
,,,,,,,,,,
,,,2.5.2.02551.0482,REACTIVO - TIPO TIRAS REACTIVAS PARA MEDICION DE GLUCOSA EN SANGRE POR FLUJO DE ELECTRONES. PRESENTACION FRASCO POR 50 TIRAS MARCA SINOCARE JUNTO A LAS TIRAS SE PROVEERAN 5 DISPOSITIVOS PARA SU USO. LOS MISMO SERAN PROPIEDAD DEL SERVICIO. NO SE ENTREGA EN,,,,,50,8800
,,,,,,,,,,
,,,,,,,,,,
,,,,,,,,,,
,,,,,,,,,,
,,1388,08/04/2026,SEDELO,131,57,1110122000,,330000,Sol.de Gastos
,,,,,,,,,,
,,,5.1.9.08061.0001,RECARGA MATAFUEGO - TIPO POLVO QUIMICO ABC- CAPACIDAD 5KG- TAREA RECARGA CON SELLO IRAM Y TARJETA HABILITANTE DPS,,,,,10,33000
,,,,,,,,,,
,,,,,,,,,,
,,,,,,,,,,
,,,,,,,,,,
,,1389,08/04/2026,6LOGIS,110,45,1110103000,,1310000,Sol.de Gastos
,,,,,,,,,,
,,,3.3.2.02162.0032,"REPARACION VEHICULO - TAREA REPARACION DE VEHICULO, SEGUN DETALLE ADJUNTO:  -KIT EMBRAGUE  -AMORTIGUADORES TRASEROS  -MANO DE OBRA  -",,,,,1,1310000
,,,,,,,,,,
,,,,,,,,,,
,,,,,,,,,,
,,,,,,,,,,
,,1390,08/04/2026,SECTYT,110,73,1110127000,,7750000,Sol.de Gastos
,,,,,,,,,,
,,,3.2.9.07456.0002,SERVICIO DE ALQUILER - SERVICIO DE ALQUILER - REALIZACION DE TRASLADO MENSUALES (GRUA) TURNO (21HS A 9HS) CON CHOFER PARA ACARREO EN VIA PUBLICA,,,,,1,4250000
,,,,,,,,,,
,,,,,,,,,,
,,,,,,,,,,
,,,,,,,,,,
,,1391,08/05/2026,SNJDE,110,24,1110107000,,1580000,Ped.Suministros
,,,,,,,,,,
,,,4.3.7.02209.0002,"SOPORTE PARA TELEVISOR - TAMAÑO LED 75"" - SOPORTE BASCULANTE TV C/INCLINACION PARA 75´´",,,,,1,80000
,,,,,,,,,,
,,,,,,,,,,
,,,,,,,,,,
,,,,,,,,,,
,,1392,08/05/2026,INFRA,110,15,1110105000,,7813755,Sol.de Gastos
,,,,,,,,,,
,,,2.7.1.00978.0025,"HIERRO EN PLANCHUELA - LONGITUD 6 METROS - MEDIDAS 1 x 3/16"" - TIPO ACINDAR    ",,,,,5,23800
,,,,,,,,,,
,,,,,,,,,,
,,,,,,,,,,
,,,,,,,,,,
,,1393,08/05/2026,SCIUDA,110,50,1110117000,,2134000,Ped.Suministros
,,,,,,,,,,
,,,3.3.2.02162.0008,"REPARACION VEHICULO - REPARACION INTEGRAL DE TRANSMISION Y SISTEMA DE EMBRAGUE - LAS TAREAS A REALIZAR CONSISTEN EN:  _ BAJADA Y MONTAJE DE CAJA DE VELOCIDADES. DESVINCULACION DE CARDÁN PRINCIPAL, TORRETA DE SELECTORA Y SOPORTES ESTRUCTURALES.  _ DESARME,",,,,,1,2134000
,,,,,,,,,,
,,,,,,,,,,
,,,,,,,,,,
,,,,,,,,,,
,,1394,08/05/2026,DHMORO,110,12,1110104000,,2400000,Sol.de Gastos
,,,,,,,,,,
,,,2.9.6.01573.0005,CINTA P/TICKEADORA - CINTA COMPATIBLE CON ERC 30 / ERC 34 / ERC 38 PARA IMPRESORA MATRICIAL DE TICKETS,,,,,300,8000
,,,,,,,,,,
,,,,,,,,,,
,,,,,,,,,,
,,,,,,,,,,
,,1395,08/05/2026,DHMORO,110,12,1110104000,,6100000,Sol.de Gastos
,,,,,,,,,,
,,,2.7.9.00626.0036,GRIFERIA - ACCIONAMIENTO CONVENCIONAL ( VASTAGO ) - USO DUCHA Y BAÑADERA - TIPO FV,,,,,5,60000
,,,,,,,,,,
,,,,,,,,,,
,,,,,,,,,,
,,,,,,,,,,
,,1396,08/05/2026,ESTR,110,41,1110111000,,3500000,Sol.de Gastos
,,,,,,,,,,
,,,4.3.9.07171.0001,"DRONE - VEHÍCULO AÉREO NO TRIPULADO (VANT/UAV) DE USO PROFESIONAL, DRONE DJI MINI 5 PRO (RC 2) - FLY MORE COMBO O DE TIPO/MARCA SIMILAR, DE DIMENSIONES COMPACTAS Y PLEGABLES, DESTINADO A TAREAS DE RELEVAMIENTO, INSPECCIÓN, MONITOREO, DOCUMENTACIÓN TÉCNICA",,,,,1,3500000
,,,,,,,,,,
,,,,,,,,,,
,,,,,,,,,,
,,,,,,,,,,
,,1397,08/05/2026,DHMORO,110,12,1110104000,,5246000,Sol.de Gastos
,,,,,,,,,,
,,,2.3.2.01604.0004,"PAPEL CONTINUO - PAPEL OBRA TAMAÑO CHICO - GRAMAJE 65Gr/m2 - ANCHO 25 CM. - LARGO 12"" - DESGLOSE NORMAL - PRESENTACION RESMA X 1000HOJAS - IMPRESION SIN SIN TROQUEL",,,,,20,36500
,,,,,,,,,,
,,,,,,,,,,
,,,,,,,,,,
,,,,,,,,,,
,,1398,08/06/2026,FGAJEF,110,58,1110116000,,627498,Sol.de Gastos
,,,,,,,,,,
,,,2.1.1.00595.0014,EDULCORANTE ARTIFICIAL - PRESENTACION POLVO - ENVASE CAJA - CONTENIDO 500 SOBRES,,,,,20,19700
,,,,,,,,,,
,,,,,,,,,,
,,,,,,,,,,
,,,,,,,,,,
,,1399,08/06/2026,DIRHUM,110,58,1110116000,,9000000,Sol.de Gastos
,,,,,,,,,,
,,,3.1.5.01384.0001,DISTRIBUCION DE CORREOS - CONTRATACION DE SERVICIO PARA ENVIO DE CORRESPONDENCIA HASTA LA SUMA DE $ 9.000.000 (PESOS NUEVE MILLONES)  PARA EL ENVIO DE CARTAS DOCUMENTO. (ESTIMANDO APROXIMADAMENTE 500)  DEBE INCLUIR: EL RETIRO DEL MATERIAL EN FORMA DIARIA ,,,,,1,9000000
,,,,,,,,,,
,,,,,,,,,,
,,,,,,,,,,
,,,,,,,,,,
,,1400,08/06/2026,6EDUDC,110,24,1110107000,,7877003.44,Sol.de Gastos
,,,,,,,,,,
,,,2.1.1.04660.0002,CEREAL - TIPO SIN AZUCAR - PRESENTACION BOLSA X 1 KG.,,,,,28,4978.7
,,,,,,,,,,
,,,,,,,,,,
,,,,,,,,,,
,,,,,,,,,,
,,1401,08/06/2026,DHMORO,110,12,1110104000,,18735000,Sol.de Gastos
,,,,,,,,,,
,,,2.9.1.00544.0051,DESODORANTE DE AMBIENTE - FORMATO LIQUIDO - CONTENIDO BIDON X 5 LITROS - FRAGANCIA VARIADA - ANTIBACTERIAL - PRESENTACION TIPO PROCENEX  BLANCO  (SE DEBERÁ ENTREGAR EN CAJAS),,,,,150,4000
,,,,,,,,,,
,,,,,,,,,,
,,,,,,,,,,
,,,,,,,,,,
,,1402,08/06/2026,DHMORO,110,12,1110104000,,45851500,Ped.Suministros
,,,,,,,,,,
,,,2.5.1.06726.0002,GAS REFRIGERANTE - DESCRIPCION FREON R 22 ( GARRAFA 13 Kg O CILINDROS SE 1 Kg),,,,,70,600000
,,,,,,,,,,
,,,,,,,,,,
,,,,,,,,,,
,,,,,,,,,,
,,1403,08/06/2026,26BIUR,110,58,1110116000,,918532.28,Ped.Suministros
,,,,,,,,,,
,,,2.9.3.04261.0001,PROYECTOR - LED 100W (INTERLEC),,,,,3,28261.99
,,,,,,,,,,
,,,,,,,,,,
,,,,,,,,,,
,,,,,,,,,,
,,1404,08/06/2026,SCIUDA,110,50,1110117000,,757600,Ped.Suministros
,,,,,,,,,,
,,,2.4.4.07694.0001,"CUBIERTA PARA CAMIONETA - PARA VEHICULO FORD F-100, MEDIDAS 225/70/R16 - MARCA/TIPO DURABLE CITY",,,,,4,189400
,,,,,,,,,,
,,,,,,,,,,
,,,,,,,,,,
,,,,,,,,,,
,,1405,08/06/2026,DERECR,110,58,1110116000,,9000000,Sol.de Gastos
,,,,,,,,,,
,,,2.2.2.02859.0001,"REMERA - REMERA SET MICROFIBRA CON DOBLE COSTURA EN HOMBRO, TERMINA CON CALLARETA , RUEDOS  Y CINTURA.  ESTAMPADO EN PLASTISOL EN FRENTE Y ESPALDA",,,,,750,12000
,,,,,,,,,,
,,,,,,,,,,
,,,,,,,,,,
,,,,,,,,,,
,,1406,08/06/2026,DERECR,110,58,1110116000,,398000,Sol.de Gastos
,,,,,,,,,,
,,,2.6.5.01741.0001,CAL - PRESENTACION BOLSA 25Kg - USO CONSTRUCCION. - TIPO  MILAGRO,,,,,20,19900
,,,,,,,,,,
,,,,,,,,,,
,,,,,,,,,,
,,,,,,,,,,
,,1407,08/06/2026,DHMORO,110,12,1110104000,,9360000,Sol.de Gastos
,,,,,,,,,,
,,,3.4.2.02099.0006,SERVICIO MEDICO - TRATAMIENTO DE HEMODIALISIS PARA PACIENTES INTERNADOS EN TERAPIA INTENSIVA Y CLINICA MÉDICA. EL SERVICIO INCLUYE LA VISITA DEL PROFESIONAL Y LOS INSUMOS NECESARIOS PARA LLEVAR A CABO EL TRATAMIENTO.,,,,,39,240000
,,,,,,,,,,
,,,,,,,,,,
,,,,,,,,,,
,,,,,,,,,,
,,1408,08/07/2026,DESARR,110,24,1110107000,,5495000,Sol.de Gastos
,,,,,,,,,,
,,,3.3.3.01627.0036,MANTENIMIENTO MATAFUEGOS - TIPO A - TAREA RECARGA - CAPACIDAD 10 LTS - CON SELLOS Y TARJETA DE IDENTIFICACION,,,,,1,42000
,,,,,,,,,,
,,,,,,,,,,
,,,,,,,,,,
,,,,,,,,,,
,,1409,08/07/2026,DPSCAP,110,12,1110104000,,554400,Ped.Suministros
,,,,,,,,,,
,,,3.4.9.03457.0001,SERVICIO DE DOSIMETRIA - DESCRIPCION PERSONAL GAMMA PARA CUERPO ENTERO CON DOSIMETROS TERMOLUMINISCENTES.  EL SERVICIO MENSUAL CONSTA DE ENVIO POR CORREO A LOS CAPS DR. SPRINGOLO Y DR.GELPI; SERVICIO DE EVALUACION DE VALORES DOSIMETRICOS; SERVICIO DE EMER,,,,,5,110880
,,,,,,,,,,
,,,,,,,,,,
,,,,,,,,,,
,,,,,,,,,,
,,1410,08/07/2026,6DESAH,110,24,1110107000,,9270000,Ped.Suministros
,,,,,,,,,,
,,,5.1.4.03280.0001,DESTAPE DE POZOS CIEGOS PARA FAMILIAS CARENCIADAS - DOMICILIADAS EN EL MUNICIPIO DE MORON. SE DEBERA INCLUIR DESTAPACION DE POZO Y CAMARA SEPTICA HASTA 6000 LITROS,,,,,45,206000
,,,,,,,,,,
,,,,,,,,,,
,,,,,,,,,,
,,,,,,,,,,
,,1411,08/07/2026,PREYCO,110,58,1110116000,,600000,Sol.de Gastos
,,,,,,,,,,
,,,3.5.3.02165.0078,SERVICIO DE IMPRESION - Carteles e PAI 0.5 . Medidas 40 x 50 cm,,,,,50,12000
,,,,,,,,,,
,,,,,,,,,,
,,,,,,,,,,
,,,,,,,,,,
,,1412,08/07/2026,DPSCAP,110,12,1110104000,,24442000,Ped.Suministros
,,,,,,,,,,
,,,3.3.3.04981.0001,MANT. DE EQUIPO ODONTOLÓGICO - OBJETO DEL SERVICIO SEGÚN DETALLE: 1° CENTRO DE SALUD DR SPRINGOLO - . 2°CENTRO DE SALUD DR. GELPI - CAMBIAR LLAVE DE SALIVADERA - CAMBIAR LLAVE DE VASO - LLAVE DE EYECTOR - CAMBIAR MANGUERA DE SALIVADERA - CAMBIAR JERINGA T,,,,,5,4888400
,,,,,,,,,,
,,,,,,,,,,
,,,,,,,,,,
,,,,,,,,,,
,,1413,08/07/2026,DUINPR,110,66,1110125000,,2355210,Sol.de Gastos
,,,,,,,,,,
,,,2.2.9.05139.0002,"BOLSA DE TELA -  PLANA CON FUELLE INFERIOR, MEDIDAS: 40 CM DE ALTO X 40 CM DE ANCHO X 10 CM DE FUELLE, FRISELINA BLANCA, CON IMPRESION FLEXOGRAFIA A 4 COLORES, CON MANIJA EXTERNA, TERMINACION SOLDADO POR ULTRASINIDO. SE ADJUNTA MODELO",,,,,3000,785.07
,,,,,,,,,,
,,,,,,,,,,
,,,,,,,,,,
,,,,,,,,,,
,,1414,08/07/2026,6POEDU,110,24,1110107000,,1600000,Ped.Suministros
,,,,,,,,,,
,,,3.5.1.02464.0008,"SERVICIO DE CHARTER - MICRO PARA TRASLADO DE PERSONAS - VIAJES N°1 Y N°2  DESTINADO A ESTUDIANTES DE 7° AÑO DE LAS ESCUELAS TECNICAS DE NIVEL SECUNDARIO - EEST N° 6 Y EEST N° 8 - RECORRIDO IDA Y VUELTA  AL PITAM ""Parque Industrial Tecnologico Aeronautico ",,,,,2,350000
,,,,,,,,,,
,,,,,,,,,,
,,,,,,,,,,
,,,,,,,,,,
,,1415,08/07/2026,6DRINF,110,41,1110111000,,419999560,Sol.de Gastos
,,,,,,,,,,
,,,4.2.2.05214.0004,"PAVIMENTO - BACHEO DE HORMIGON DE 2000 M2 - INCLUYE: Demolición de losas; Excavación de caja, espesor: 0,20m; Sub-base suelo cal, espesor: 0,20m; Base de Hormigón Pobre H-13, espesor: 0,12m; Pavimento de Hormigón Simple H-30, espesor: 0,18m; Retomado de J",,,,,1,419999560
,,,,,,,,,,
,,,,,,,,,,
,,,,,,,,,,
,,,,,,,,,,
,,1416,08/07/2026,PREYCO,110,58,1110116000,,6220000,Sol.de Gastos
,,,,,,,,,,
,,,3.9.1.08152.0001,"ALQUILER DE TOTEM - Equipos: totem GA 401-43"" + Totem GA 500 55"" + Monitoreo",,,,,5,1244000
,,,,,,,,,,
,,,,,,,,,,
,,,,,,,,,,
,,,,,,,,,,
,,1417,08/10/2026,DESPAC,110,45,1110103000,,62400000,Sol.de Gastos
,,,,,,,,,,
,,,2.1.1.00478.0019,AGUA MINERAL - TIPO SIN GASIFICAR - ENVASE BIDON - CAPACIDAD 20L. CON ENTREGAS DE APROXIMADAMENTE 300 DISPENSERS FRIO/CALOR EN COMODATO,,,,,12000,5200
,,,,,,,,,,
,,,,,,,,,,
,,,,,,,,,,
,,,,,,,,,,
,,1419,08/10/2026,SECTYT,110,73,1110127000,,4790000,Ped.Suministros
,,,,,,,,,,
,,,2.5.6.03443.0001,ACEITES LUBRICANTES - AYPF 20/50 PRESENTACION TAMBOR X 200 LTS.,,,,,1,1490000
,,,,,,,,,,
,,,,,,,,,,
,,,,,,,,,,
,,,,,,,,,,
,,1420,08/10/2026,DHMORO,110,12,1110104000,,17482156,Ped.Suministros
,,,,,,,,,,
,,,2.9.5.06666.0002,MOLDES DE INCLUSION - MATERIAL PLASTICO TRANSPARENTE - TAMAÑO 24 x 24 x 5 MM,,,,,50,280
,,,,,,,,,,
,,,,,,,,,,
,,,,,,,,,,
,,,,,,,,,,
,,1421,08/10/2026,ESTR,110,41,1110111000,,3642880,Sol.de Gastos
,,,,,,,,,,
,,,2.9.9.03389.0001,CONOS DE SEÑALIZACION - MEDIDAS: 120 CM - COLOR NARANJA CON REFLECTIVO - BASE PESADA - APTO PARA COLOCACIÓN DE BALIZAS DESTELLANTES.,,,,,40,22322
,,,,,,,,,,
,,,,,,,,,,
,,,,,,,,,,
,,,,,,,,,,
,,1422,08/10/2026,6PERCA,132,24,1110107000,,5340000,Sol.de Gastos
,,,,,,,,,,
,,,2.1.1.00481.0010,"AZUCAR - TIPO ""A"" COMUN - ESTADO BLANCA MOLIDA - PESO 1000GR - ENVASE BOLSA DE POLIETILENO. TIPO DOMINO",,,,,100,2390
,,,,,,,,,,
,,,,,,,,,,
,,,,,,,,,,
,,,,,,,,,,
,,1423,08/10/2026,SNJDE,132,24,1110107000,,449000,Sol.de Gastos
,,,,,,,,,,
,,,2.1.1.03311.0003,JUGO - TIPO JUGO DE FRUTA T/BAGGIO -PRESENTACION CAJA X 18U - ENVASE TETRABRICK - CAPACIDAD 200ML,,,,,15,18200
,,,,,,,,,,
,,,,,,,,,,
,,,,,,,,,,
,,,,,,,,,,
,,1424,08/10/2026,DHMORO,110,12,1110104000,,26448650,Ped.Suministros
,,,,,,,,,,
,,,2.5.2.01904.0004,HIERRO - DROGA GENERICA HIERRO SORBITEX O DEXTRAN - FORMA FARMACEUTICA AMPOLLA - PRESENTACION 5%,,,,,30,8000
,,,,,,,,,,
,,,,,,,,,,
,,,,,,,,,,
,,,,,,,,,,
,,1425,08/10/2026,DHMORO,110,12,1110104000,,4296672,Sol.de Gastos
,,,,,,,,,,
,,,2.9.5.03358.0005,JERINGAS -  SIN AGUJA - TIPO TUBERCULINA - CAPACIDAD DESCARTABLE ESTERIL x  1mm.,,,,,5000,52.85
,,,,,,,,,,
,,,,,,,,,,
,,,,,,,,,,
,,,,,,,,,,
,,1426,08/10/2026,DESARR,110,24,1110107000,,3,Ped.Suministros
,,,,,,,,,,
,,,5.1.4.03451.0001,"AZUCAR - TIPO ""A"" COMUN - ESTADO BLANCA MOLIDA - PRESENTACION BOLSA DE POLIETILENO X 1000 GRS.",,,,,1,1
,,,,,,,,,,
,,,,,,,,,,
,,,,,,,,,,
,,,,,,,,,,
,,1427,08/10/2026,DHMORO,110,12,1110104000,,1155000,Sol.de Gastos
,,,,,,,,,,
,,,3.4.9.03457.0001,SERVICIO DE DOSIMETRIA - DESCRIPCION PERSONAL POR FILMS MONITORING MARCADOS A PERCUSION CON RECAMBIO MENSUAL PARA 25 USUARIOS MARCA TLD 100,,,,,3,385000
,,,,,,,,,,
,,,,,,,,,,
,,,,,,,,,,
,,,,,,,,,,
,,1428,08/10/2026,TINTED,110,58,1110116000,,3707618,Sol.de Gastos
,,,,,,,,,,
,,,2.1.1.03311.0003,JUGO - JUGO DE FRUTA BAGGIO  - ENVASE TETRABRICK - CAPACIDAD 200 CC,,,,,223,9966
,,,,,,,,,,
,,,,,,,,,,
,,,,,,,,,,
,,,,,,,,,,
,,1429,08/11/2026,DTOZOL,110,69,1110106000,,142480,Ped.Suministros
,,,,,,,,,,
,,,2.5.2.06465.0002,AGUA DESMINERALIZADA - PRESENTACION AGUA DESMINERALIZADA X 5 LT,,,,,20,7124
,,,,,,,,,,
,,,,,,,,,,
,,,,,,,,,,
,,,,,,,,,,
,,1430,08/11/2026,TINTED,110,58,1110116000,,815000,Sol.de Gastos
,,,,,,,,,,
,,,2.9.2.01358.0002,CARPETA - MATERIAL CARTON LAMINADO DE 300 GRMS- COLOR ROJO - TAMAÑO 22 X 34 - TIPO OFICIO - PRESENTACION UNIDAD - MEMBRETE,,,,,200,4075
,,,,,,,,,,
,,,,,,,,,,
,,,,,,,,,,
,,,,,,,,,,
,,1431,08/11/2026,6LOGIS,110,45,1110103000,,8754200,Sol.de Gastos
,,,,,,,,,,
,,,2.3.1.00976.0002,PAPEL OBRA - PRESENTACION X 500 HOJAS - TIPO LEGAL - COLOR BLANCO - FORMATO 216 X 356 Cm. - GRAMAJE 75Gr/m2.,,,,,910,9620
,,,,,,,,,,
,,,,,,,,,,
,,,,,,,,,,
,,,,,,,,,,
,,1432,08/11/2026,6DIEME,110,12,1110104000,,651000,Sol.de Gastos
,,,,,,,,,,
,,,3.3.2.04903.0001,"SERVICIO DE MANT. DE VEHÍCULO - REALIZACIÓN DE CAMBIO DE ACEITE DE VEHICULO ELAION AURO 5W30, CAMBIO DE FILTRO DE ACEITE, FILTRO DE COMBUSTIBLE, FILTRO DE HABITÁCULO.   CON MATERIALES INCLUIDOS  ",,,,,1,651000
,,,,,,,,,,
,,,,,,,,,,
,,,,,,,,,,
,,,,,,,,,,
,,1433,08/11/2026,PREYCO,110,58,1110116000,,9316600,Sol.de Gastos
,,,,,,,,,,
,,,4.3.6.00001.0032,COMPUTADORA DE OFICINA - Caracteristicas Tipo:  Procesador Ryzen 7 7700X 4.50GHz AM5 DDR5  - Mother Gigabyte B650M D3HP DDR5 AM5  - Memoria Patriot 16gb DDR5 5600  - P. video msi geforce rtx 5060 shadow 2x oc 8gb gddr7  - Kingston NV3 - SSD - 1 TB - inter,,,,,2,3995800
,,,,,,,,,,
,,,,,,,,,,
,,,,,,,,,,
,,,,,,,,,,
,,1434,08/12/2026,SCIUDA,131,50,1110117000,,1584000,Sol.de Gastos
,,,,,,,,,,
,,,2.9.3.01563.0001,"CABLE UTP - CABLE UTP 5e CCA EXTERIOR - DOBLE VAINA - l, EXT PE NEGRO. CON ALAMBRE PORTANTE DE ACERO 0,9 MM CARRETE MADERA",,,,,3,528000
,,,,,,,,,,
,,,,,,,,,,
,,,,,,,,,,
,,,,,,,,,,
,,1435,08/12/2026,DESARR,110,24,1110107000,,9688300,Sol.de Gastos
,,,,,,,,,,
,,,2.1.1.00541.0001,CARNE - ESPECIE VACUNO - CORTE MILANESA DE BOLA DE LOMO FETEADA -NO EN TROZOS.,,,,,116,21500
,,,,,,,,,,
,,,,,,,,,,
,,,,,,,,,,
,,,,,,,,,,
,,1436,08/12/2026,SNJDE,132,24,1110107000,,634732,Ped.Suministros
,,,,,,,,,,
,,,2.9.9.02448.0005,PELOTA - TIPO DE VOLEY - COSIDA AZUL Y AMARILLA,,,,,5,38094
,,,,,,,,,,
,,,,,,,,,,
,,,,,,,,,,
,,,,,,,,,,
,,1437,08/12/2026,DESARR,110,24,1110107000,,8952463.2,Sol.de Gastos
,,,,,,,,,,
,,,2.1.1.00610.0001,ACELGA - PRESENTACION ATADO - ESTADO EN HOJAS FRESCAS.,,,,,28,1500
,,,,,,,,,,
,,,,,,,,,,
,,,,,,,,,,
,,,,,,,,,,
,,1438,08/12/2026,FGAJEF,110,58,1110116000,,3536592,Ped.Suministros
,,,,,,,,,,
,,,2.2.2.04350.0001,BUZO - MATERIAL FRIZA CUELLO REDONDO CON ESTAMPA FRENTE Y ESPALDA TALLES   XS:3  S:22  M:45  L:44  XL:25  XXL:12,,,,,150,23577.28
,,,,,,,,,,
,,,,,,,,,,
,,,,,,,,,,
,,,,,,,,,,
,,1439,08/13/2026,SEDELO,110,57,1110122000,,403200,Ped.Suministros
,,,,,,,,,,
,,,4.3.7.04606.0002,CAFETERA - ELECTRICA -CAPACIDAD 8.7LTS- MATERIAl:  ACERO INOXIDABLE- TIPO SIKLA CG-09  SE ADJUNTA IMAGEN,,,,,1,403200
,,,,,,,,,,
,,,,,,,,,,
,,,,,,,,,,
,,,,,,,,,,
,,1440,08/13/2026,SCIUDA,131,50,1110117000,,3536592,Sol.de Gastos
,,,,,,,,,,
,,,2.2.2.04350.0001,"BUZO - MATERIAL FRIZA, CUELLO REDONDO.  TALLES, XS:3, S:22; M:45; L:44;XL:25; XXL12.",,,,,150,23577.28
,,,,,,,,,,
,,,,,,,,,,
,,,,,,,,,,
,,,,,,,,,,
,,1441,08/13/2026,6EDUDC,110,24,1110107000,,10963423.15,Ped.Suministros
,,,,,,,,,,
,,,2.1.1.00598.0002,MORRON - TIPO AJI - ESTADO NATURAL - PRESENTACION POR KILO,,,,,77,4700
,,,,,,,,,,
,,,,,,,,,,
,,,,,,,,,,
,,,,,,,,,,
,,1442,08/13/2026,SEDELO,110,57,1110122000,,1780000,Ped.Suministros
,,,,,,,,,,
,,,2.1.5.00946.0001,PUERTA DE MADERA - HOJA PUERTA PLACA-  MEDIDA: 0.62 CM X209CM- SIMPLE CO TACTO IZQUIERDO CON 1/4 SUPERIOR VIDRIADO ( MEDIDAS DE VISOR: 37CM X 46CM) VIDRIO OPACO INCLUIDO- BISAGRAS DE HIERRO- CERRADURA Y MANIJA  SE ADJUNTA IMAGEN,,,,,2,890000
,,,,,,,,,,
,,,,,,,,,,
,,,,,,,,,,
,,,,,,,,,,
,,1443,08/13/2026,DHMORO,110,12,1110104000,,359100,Sol.de Gastos
,,,,,,,,,,
,,,2.5.2.01821.0065,ANTIBIOTICOS - DROGA GENERICA VANCOMICINA - FORMA FARMACEUTICA AMPOLLA - PRESENTACION 1GR.,,,,,60,5985
,,,,,,,,,,
,,,,,,,,,,
,,,,,,,,,,
,,,,,,,,,,
,,1444,08/13/2026,SECTYT,110,73,1110127000,,735000,Sol.de Gastos
,,,,,,,,,,
,,,2.9.6.00629.0002,"LIMPIA PARABRISAS - JUEGO DE LIMPIAPARABRISAS CON ESCOBILLAS DE 16""",,,,,2,50000
,,,,,,,,,,
,,,,,,,,,,
,,,,,,,,,,
,,,,,,,,,,
,,1445,08/13/2026,SCIUDA,110,50,1110117000,,1820000,Ped.Suministros
,,,,,,,,,,
,,,2.9.6.00629.0005,"LIMPIA PARABRISAS - LIMPIAPARABRISAS CON ESCOBILLAS DE 26""",,,,,1,85000
,,,,,,,,,,
,,,,,,,,,,
,,,,,,,,,,
,,,,,,,,,,
,,1446,08/13/2026,DHMORO,110,12,1110104000,,772800,Sol.de Gastos
,,,,,,,,,,
,,,2.9.5.04789.0006,SET DE NEFROSTOMÍA - SET DE NEFROSTOMÍA PERCUTÁNEO PIGTAIL N°14Fr.,,,,,2,386400
,,,,,,,,,,
,,,,,,,,,,
,,,,,,,,,,
,,,,,,,,,,
,,1447,08/14/2026,ALUMP,110,15,1110105000,,139260000,Sol.de Gastos
,,,,,,,,,,
,,,2.9.3.04358.0001,REPUESTOS P/ELECTRONICA - DESCRIPCION LED MODULO TIPO PHILCO 60W - DISIPADOR DE ALUMINIO CON GRASA GRAFITADA ADHIRIENDO A PLACA DE LED.  SE DEBERA PRESENTAR JUNTO CON LA MUESTRA EL CORRESPONDIENTE CERTIFICADO DE GARANTIA DE AL MENOS 5 AÑOS,,,,,2000,69630
,,,,,,,,,,
,,,,,,,,,,
,,,,,,,,,,
,,,,,,,,,,
,,1448,08/14/2026,DHMORO,110,12,1110104000,,5392300,Sol.de Gastos
,,,,,,,,,,
,,,2.1.1.00617.0001,"PAPA - TIPO BLANCA, TAMAÑO PAREJO, SIN BROTES - PRESENTACION POR KILO, DE 150 A 200 GR. C/UNIDAD",,,,,400,2590
,,,,,,,,,,
,,,,,,,,,,
,,,,,,,,,,
,,,,,,,,,,
,,1449,08/14/2026,INFRA,132,15,1110105000,,373931558.64,Sol.de Gastos
,,,,,,,,,,
,,,4.2.1.07901.0001,"PAVIMENTO DE HORMIGON - La obra contempla la provisión de materiales, mano de obra, maquinaria y todo tipo de enseres necesarios para la construcción de un pavimento de hormigón, obras hidráulicas y veredas en la calle Passadore entre G. Jarry y M. Gachet",,,,,1,373931558.64
,,,,,,,,,,
,,,,,,,,,,
,,,,,,,,,,
,,,,,,,,,,
,,1450,08/14/2026,DESPAC,110,45,1110103000,,1905750,Sol.de Gastos
,,,,,,,,,,
,,,2.3.3.07313.0001,"VINILO - En rollo, importado calidad economica, color gris.  Media 0.50 x 1 mts.  Impresos full color con tinta UV.",,,,,50,12705
,,,,,,,,,,
,,,,,,,,,,
,,,,,,,,,,
,,,,,,,,,,
,,1451,08/14/2026,DESARR,110,24,1110107000,,2595500,Sol.de Gastos
,,,,,,,,,,
,,,2.1.1.00669.0001,PAN - TIPO FIGAZAS DE MANTECA - PRESENTACION POR KILO,,,,,35,2900
,,,,,,,,,,
,,,,,,,,,,
,,,,,,,,,,
,,,,,,,,,,
,,1452,08/14/2026,ESTR,110,41,1110111000,,1500000,Ped.Suministros
,,,,,,,,,,
,,,3.3.2.04903.0001,"SERVICIO DE MANT. DE VEHÍCULO - RECTIFICACIÓN DE TAPA, JUEGO DE JUNTAS Y BULONES, ACEITE Y FILTROS, RETENES. REPARACIÓN DE MOTOR DE ARRANQUE CON REPUESTOS Y MANO DE OBRA INCLUIDA.",,,,,1,1500000
,,,,,,,,,,
,,,,,,,,,,
,,,,,,,,,,
,,,,,,,,,,
,,1453,08/14/2026,SECTYT,110,73,1110127000,,2100000,Ped.Suministros
,,,,,,,,,,
,,,3.3.2.04903.0001,"SERVICIO DE MANT. DE VEHÍCULO - RECTIFICACIÓN DE TAPA, JUEGO DE JUNTAS Y BULONES, ACEITE Y FILTROS, RETENES. REPARACIÓN DE MOTOR DE ARRANQUE CON MATERIALES Y MANO DE OBRA INCLUIDA.",,,,,1,2100000
,,,,,,,,,,
,,,,,,,,,,
,,,,,,,,,,
,,,,,,,,,,
,,1454,08/14/2026,DERECR,110,58,1110116000,,3600000,Ped.Suministros
,,,,,,,,,,
,,,3.2.9.07456.0001,SERVICIO DE ALQUILER - MODULO OFICINA 6M   ALQUILER MENSUAL POR 5 MESES ( Agosto a Diciembre)   VALOR MENSUAL DE AMBOS $720.000,,,,,2,1800000
,,,,,,,,,,
,,,,,,,,,,
,,,,,,,,,,
,,,,,,,,,,
,,1455,08/19/2026,6ADGR,110,24,1110107000,,5500000,Sol.de Gastos
,,,,,,,,,,
,,,3.5.1.02464.0014,"SERVICIO DE CHARTER - LARGA DISTANCIA DE 60 PASAJEROS PARA TRASLADO IDA Y VUELTA ENTRE LA TERMINAL DE MORON Y LA ESTACION DE TREN EN CONSTITUCION.   NOTA:EL MICRO DEBERA TENER HABILITACION, VERIFICACION TECNICA VEHICULAR Y SEGURO DE TRANSPORTE DE PASAJERO",,,,,2,2750000
,,,,,,,,,,
,,,,,,,,,,
,,,,,,,,,,
,,,,,,,,,,
,,1456,08/19/2026,6ADGR,110,24,1110107000,,7100000,Sol.de Gastos
,,,,,,,,,,
,,,3.5.1.02464.0014,"SERVICIO DE CHARTER - PARA VIAJES EN LA  CIUDAD DE MAR DEL PLATA DESDE LA TERMINAL DE TRENES HACIA LA COLONIA MUNICIPAL,IDA Y VUELTA CON PERMANENCIA EN LA MISMA.  Y EXCURSIONES POR LA ZONA. TRASLADOS HACIA LA PLAYA, CITY TOUR, PUERTO Y ACANTILADOS   NOTA:",,,,,20,355000
,,,,,,,,,,
,,,,,,,,,,
,,,,,,,,,,
,,,,,,,,,,
,,1457,08/19/2026,DIRHUM,110,58,1110116000,,900000,Sol.de Gastos
,,,,,,,,,,
,,,2.9.2.01358.0003,"CARPETA - DE CARTULINA. TIPO CARPETA APE CARATULA DE CARTULINA, TAMAÑO OFICIO F-55. VARIOS COLORES",,,,,2000,450
,,,,,,,,,,
,,,,,,,,,,
,,,,,,,,,,
,,,,,,,,,,
,,1458,08/19/2026,DPRDNN,132,24,1110107000,,2624850,Ped.Suministros
,,,,,,,,,,
,,,2.7.9.04503.0001,ACCESORIOS P/SANITARIOS - PORTAROLLO DE PAPEL HIGIENICO DE PVC,,,,,6,20500
,,,,,,,,,,
,,,,,,,,,,
,,,,,,,,,,
,,,,,,,,,,
,,1459,08/19/2026,POLMEJ,110,24,1110107000,,835500,Ped.Suministros
,,,,,,,,,,
,,,5.1.4.04390.0002,"CABLE - DIAMETRO 2,5 MM.",,,,,2,40000
,,,,,,,,,,
,,,,,,,,,,
,,,,,,,,,,
,,,,,,,,,,
,,1460,08/19/2026,SNJDE,132,24,1110107000,,5164449.6,Ped.Suministros
,,,,,,,,,,
,,,2.9.1.00639.0039,"JABON DE TOCADOR - TIPO CREMOSO - PRESENTACION PAQUETE - PESO 125 GR. - COLOR - COMPONENTE/FRAGANCIA VARIADO, TIPO REXONA O SIMILAR",,,,,40,3270
,,,,,,,,,,
,,,,,,,,,,
,,,,,,,,,,
,,,,,,,,,,
,,1461,08/19/2026,PREYCO,110,58,1110116000,,9000000,Sol.de Gastos
,,,,,,,,,,
,,,3.4.9.07075.0003,"SERVICIO DE CONSULTORIA -  - Consultoria Integral de comunicación - Diagnostico, diseño de estrategias digitales y mediaticas - Monitoreo de la conversación digital",,,,,1,9000000
,,,,,,,,,,
,,,,,,,,,,
,,,,,,,,,,
,,,,,,,,,,
,,1462,08/20/2026,6LOGIS,110,45,1110103000,,313000,Sol.de Gastos
,,,,,,,,,,
,,,3.3.2.02162.0032,"REPARACION VEHICULO - TAREA REPARACION DE VEHICULO, SEGUN DETALLE ADJUNTO:  HORQUILLA.  TRICETA.  FUELLE Y GRASA  PASTILLAS  MANO DE OBRA POR CAMBIO DE PASTILLA  ",,,,,1,313000
,,,,,,,,,,
,,,,,,,,,,
,,,,,,,,,,
,,,,,,,,,,
,,1463,08/20/2026,TINTED,110,58,1110116000,,2640000,Sol.de Gastos
,,,,,,,,,,
,,,3.9.1.07304.0002,SERVICIO DE MERIENDA - -  SANDWICHES DE MIGA DE JAMON Y QUESO.  CUADRADOS DE BROWNIE.  CUADRADOS DE LIMON.  MEDIALUNAS.  ALFAJORES DE MAICENA.  CHIPS DE JAMON Y QUESO.  INFUSIONES VARIAS.  VAJILLA..  MANTELES.  SERVICIO PARA 120 PERSONAS.,,,,,1,2640000
,,,,,,,,,,
,,,,,,,,,,
,,,,,,,,,,
,,,,,,,,,,
,,1464,08/20/2026,FCONME,110,45,1110103000,,4400000,Sol.de Gastos
,,,,,,,,,,
,,,4.3.5.02146.0001,"MONITOR PLANO - MONITOR LED TIPO SAMSUNG  22"" CON DISEÑO SIN BORDES - LF22T35 COLOR NEGRO",,,,,2,350000
,,,,,,,,,,
,,,,,,,,,,
,,,,,,,,,,
,,,,,,,,,,
,,1465,08/20/2026,MESIZO,110,12,1110104000,,8083380,Ped.Suministros
,,,,,,,,,,
,,,2.5.2.00711.0002,ALCOHOL USO MEDICINAL - PUREZA 96° - CAPACIDAD 1 LITRO,,,,,50,3650
,,,,,,,,,,
,,,,,,,,,,
,,,,,,,,,,
,,,,,,,,,,
,,1466,08/20/2026,DHMORO,110,12,1110104000,,8437500,Sol.de Gastos
,,,,,,,,,,
,,,2.9.5.07187.0072,INSUMOS DESCARTABLES - PRODUCTO SOLUCION BICARBONATO DE SODIO 1 MOLAR x 100ML.,,,,,375,22500
,,,,,,,,,,
,,,,,,,,,,
,,,,,,,,,,
,,,,,,,,,,
,,1467,08/20/2026,DHMORO,110,12,1110104000,,8750000,Sol.de Gastos
,,,,,,,,,,
,,,2.5.2.01901.0002,VITAMINA - TIPO MONODROGA - DROGA GENERICA CALCIO GLUCONATO 10% - FORMA FARMACEUTICA AMPOLLA - PRESENTACION 10 ML..,,,,,1000,8750
,,,,,,,,,,
,,,,,,,,,,
,,,,,,,,,,
,,,,,,,,,,
,,1468,08/20/2026,ESTR,110,41,1110111000,,1282600,Sol.de Gastos
,,,,,,,,,,
,,,4.3.4.06391.0001,BALIZA A LED - BALIZA PARA CONO CON LUZ LED INTERMITENTE AUTONOMO CON 1 BATERIA 6VOLT DIAMETRO 18.5CM.-,,,,,20,64130
,,,,,,,,,,
,,,,,,,,,,
,,,,,,,,,,
,,,,,,,,,,
,,1469,08/20/2026,TUDES,110,24,1110107000,,750000,Ped.Suministros
,,,,,,,,,,
,,,3.5.1.06775.0008,SERVICIO DE TRASLADO DE PERSONAS - PARA COLECTIVO PARA TRASLADO DE PERSONAS.,,,,,1,750000
,,,,,,,,,,
,,,,,,,,,,
,,,,,,,,,,
,,,,,,,,,,
,,1470,08/20/2026,DHMORO,110,12,1110104000,,8800000,Sol.de Gastos
,,,,,,,,,,
,,,2.5.2.02551.0488,REACTIVO - TARJETA DIÁGNOSTICA PARA LA AUTOMATIZACIÓN DEL LABORATORIO DE MICROBIOLOGIA QUE PERMITA LA IDENTIFICACIÓN O SENSIBILIDAD DE LAS SIGUIENTES DETERMINACIONES:     - GN: PARA IDENTIFICACIÓN DE BASILOS GRAM (-)  - GP: PARA IDENTIFICACIÓN DE COCOS GR,,,,,11,800000
,,,,,,,,,,
,,,,,,,,,,
,,,,,,,,,,
,,,,,,,,,,
,,1471,08/20/2026,DHMORO,110,12,1110104000,,21000000,Sol.de Gastos
,,,,,,,,,,
,,,2.5.2.02551.0374,REACTIVO - TIPO HEMOCULTIVO BACK ALERT PEDIÁTRICO AERÓBICO - PRESENTACION X 100 FRASCOS.,,,,,3,3500000
,,,,,,,,,,
,,,,,,,,,,
,,,,,,,,,,
,,,,,,,,,,
,,1472,08/20/2026,DHMORO,110,12,1110104000,,132912000,Sol.de Gastos
,,,,,,,,,,
,,,2.5.2.03486.0002,AGUA DESTILADA - USO MEDICINAL - PRESENTACION SACHET x 500ml.,,,,,600,3180
,,,,,,,,,,
,,,,,,,,,,
,,,,,,,,,,
,,,,,,,,,,
,,1473,08/21/2026,SECTYT,110,73,1110127000,,1300000,Ped.Suministros
,,,,,,,,,,
,,,3.3.2.02162.0037,"REPARACION VEHICULO - PARA VEHÍCULO : VOLKSWAGEN SURAN, PATENTE: PIT-634   DETALLE DE TRABAJOS Y MATERIALES   - DIAGNÓSTICO INTEGRAL Y ESCANEO DE SISTEMAS ELÉCTRICO :  ANÁLISIS COMPUTARIZADOS, RASTREO DE AVERÍAS EN MÓDULO DE CARROCERÍA (BCM) Y VERIFICACIÓ",,,,,1,1300000
,,,,,,,,,,
,,,,,,,,,,
,,,,,,,,,,
,,,,,,,,,,
,,1474,08/21/2026,DHMORO,110,12,1110104000,,18647360,Sol.de Gastos
,,,,,,,,,,
,,,2.5.2.03353.0001,SOBRES POLIGLACTINA 910 O ACIDO POLIGLICOLICO - CALIBRE 0 CON AGUJA 1/2 CIRCULO REDONDA DE 36mm - DESCRIPCION HEBRA DE 90 CM. ESTERIL - PUNTA REDONDA,,,,,500,1565
,,,,,,,,,,
,,,,,,,,,,
,,,,,,,,,,
,,,,,,,,,,
,,1475,08/21/2026,SOBPUB,110,15,1110105000,,7065000,Sol.de Gastos
,,,,,,,,,,
,,,3.3.3.06760.0002,"REPARACION DE USINA ASFALTICA - DESCRIPCION = REPARACION DE CABEZAL DE COMPRESOR ( Tapa de valvulas - aros - bruñido de cilindros - cigueñal - metales - ajuste de bielas - rodamiento skf - reter - aceite - botellon) - REPARACION DE MOTOR 7,5 HP DEL COMPRE",,,,,1,3835000
,,,,,,,,,,
,,,,,,,,,,
,,,,,,,,,,
,,,,,,,,,,
,,1476,08/21/2026,DHMORO,110,12,1110104000,,23000000,Sol.de Gastos
,,,,,,,,,,
,,,3.3.3.07183.0001,MANTENIMIENTO Y REPARACION DE EQUIPOS HOSPITALARIOS - SERVICIO TECNICO DE MANTENIMIENTO PREVENTIVO PARA MÁQUINA DE ANESTESIA MINDRAY - MODELO WATO EX30 - SERIES: DY-5A001968   DY-5C002017  DY-5A001970  DY-5A001986    EL MANTENIMIENTO CONSISTE EN UNA VISIT,,,,,1,23000000
,,,,,,,,,,
,,,,,,,,,,
,,,,,,,,,,
,,,,,,,,,,
,,1477,08/21/2026,TINTED,110,58,1110116000,,3049200,Sol.de Gastos
,,,,,,,,,,
,,,3.2.9.07246.0001,ALQUILER DE PANTALLA LED - 3 PANTALLAS DE 3 X 2 MTS.,,,,,1,3049200
,,,,,,,,,,
,,,,,,,,,,
,,,,,,,,,,
,,,,,,,,,,
,,1478,08/21/2026,TINTED,110,58,1110116000,,2600000,Sol.de Gastos
,,,,,,,,,,
,,,3.5.9.06997.0001,SERVICIO DE SONIDO - SONIDO DE 4 CAJAS DE 250 W  4 TRIPODES  2 MICROFONOS INALMBRICOS SM58  CONSOLA POTENCIADA DE 8 CANALES,,,,,1,2600000
,,,,,,,,,,
,,,,,,,,,,
,,,,,,,,,,
,,,,,,,,,,
,,1479,08/24/2026,SCIUDA,110,50,1110117000,,748750,Ped.Suministros
,,,,,,,,,,
,,,2.9.6.07387.0001,KIT DE EMBRAGUE - PARA FIAT STRADA PATENTE ACO35QT,,,,,1,149000
,,,,,,,,,,
,,,,,,,,,,
,,,,,,,,,,
,,,,,,,,,,
,,1480,08/24/2026,SEDELO,110,57,1110122000,,1985000,Ped.Suministros
,,,,,,,,,,
,,,2.9.6.06909.0001,AURICULARES - HS-810 BT- BLACK- TIPO GENIUS,,,,,16,55000
,,,,,,,,,,
,,,,,,,,,,
,,,,,,,,,,
,,,,,,,,,,
,,1481,08/24/2026,SEDELO,110,57,1110122000,,3240000,Ped.Suministros
,,,,,,,,,,
,,,2.1.1.02695.0001,VIANDAS - PRESENTACION INDIVIDUAL-   CONTENIDO:   LECHE CHOCOLARTADA BREAK 200CC  SANDWICH DE PEBETE JAMON Y QUESO  ALFAJOR TRIPLE DE DULCE DE LECHE BAÑADO EN CHOCOLATE NGRO/BLANCO  ,,,,,400,8100
,,,,,,,,,,
,,,,,,,,,,
,,,,,,,,,,
,,,,,,,,,,
,,1482,08/24/2026,SEDELO,110,57,1110122000,,22204000,Ped.Suministros
,,,,,,,,,,
,,,3.2.9.07456.0001,"SERVICIO DE ALQUILER - INFRAESTRUCTURA GENERAL REALIZADA EN SISTEMA OCTOGONAL ANODIZADO COLOR NEGRO (ADL BLANCK) Y PLACAS BLANCAS  46 STANDS DE 2M X 2M DESTINADOS A ESCUELAS CON PANALERIA DUVISORIA, DINTEL FRONTAL E ILUMINACION  46 TOMACORRIENTES DE 2 A 1",,,,,1,22204000
,,,,,,,,,,
,,,,,,,,,,
,,,,,,,,,,
,,,,,,,,,,
,,1483,08/24/2026,6 PLAN,110,45,1110103000,,14100,Ped.Suministros
,,,,,,,,,,
,,,3.2.1.02024.0001,ALQUILER DE COCHERA - ZONA CENTRICA - UBICACION CUBIERTA - TIPO FIJA - HORARIO DIURNO.,,,,,1,14100
,,,,,,,,,,
,,,,,,,,,,
,,,,,,,,,,
,,,,,,,,,,
,,1484,08/24/2026,ALUMP,110,15,1110105000,,25930000,Ped.Suministros
,,,,,,,,,,
,,,2.7.9.04225.0001,MORSETOS - Aislado - Uso - Derivaciones en Acometidas Domiciliarias - Material: Nylon 6/6 con carga de fibra de vidrio (33%) - Rango de voltaje: 1V - PKD-14 CE    ,,,,,800,8000
,,,,,,,,,,
,,,,,,,,,,
,,,,,,,,,,
,,,,,,,,,,
,,1485,08/24/2026,DHMORO,110,12,1110104000,08/24/2026,770000,Sol.de Gastos
,,,,,,,,,,
,,,3.3.3.04529.0001,PRUEBA HIDRAULICA - DESCRIPCION PARA TUBO DE OXIGENO. PERIODO 4 MESES,,,,,10,77000
,,,,,,,,,,
,,,,,,,,,,
,,,,,,,,,,
,,,,,,,,,,
,,1486,08/24/2026,SEDELO,110,57,1110122000,,1280000,Sol.de Gastos
,,,,,,,,,,
,,,3.5.1.06775.0008,"SERVICIO DE TRASLADO DE PERSONAS - DENTRO DEL PARIDO DE MORON - EN LA FRANJA HORARIA DE 10HS A 16HS-LOS MICROS DEBERAN CONTAR CON HABILITACION, VERIFICACION TECNICA VEHICULAR Y SEGURO DE TRANSPORTE DE PASAJEROS",,,,,4,320000
,,,,,,,,,,
,,,,,,,,,,
,,,,,,,,,,
,,,,,,,,,,
,,1487,08/24/2026,SEDELO,110,57,1110122000,,3000000,Sol.de Gastos
,,,,,,,,,,
,,,2.2.9.03951.0001,MOCHILA - LISA COLOR ROJO- CONFECCIONADA EN CORDURA DE ALTA RESISTENCIA- TIRAS REGULABLES- BOLSILLO DELANTERO- COMPARTIMENTO PRINCIPAL  MEDIDAS:  COMPARTIMENTO PRINCIPAL: 40CM X 30CM X 13 CM  BOLSILLO: 15CM X 23CM X 4CM,,,,,200,15000
,,,,,,,,,,
,,,,,,,,,,
,,,,,,,,,,
,,,,,,,,,,
,,1488,08/24/2026,DUINPR,110,66,1110125000,,3600000,Sol.de Gastos
,,,,,,,,,,
,,,3.2.9.07456.0002,SERVICIO DE ALQUILER - 2 (DOS) PAÑOL DE 6 METROS - ALQUILER MENSUAL POR 5 MESES DESDE AGOSTO HASTA DICIEMBRE 2026,,,,,5,720000
,,,,,,,,,,
,,,,,,,,,,
,,,,,,,,,,
,,,,,,,,,,
,,1489,08/24/2026,PREYCO,110,58,1110116000,,3630000,Ped.Suministros
,,,,,,,,,,
,,,3.6.1.03446.0503,"PUBLICIDAD RADIAL - Espacio publicitario 1 hora , 1 vez por semana, en Radio Veo. Contenido institucional.",,,,,4,907500
,,,,,,,,,,
,,,,,,,,,,
,,,,,,,,,,
,,,,,,,,,,
,,1490,08/24/2026,SEDELO,110,57,1110122000,,1340000,Ped.Suministros
,,,,,,,,,,
,,,2.9.9.06356.0001,PLACA IDENTIFICATORIA - MATERIAL ACRILICO CON BASE DE MADERA- MEDIDAS: DESCRIPCION 30CM X 30CM  SE ADJUNTAN IMAGENES,,,,,2,300000
,,,,,,,,,,
,,,,,,,,,,
,,,,,,,,,,
,,,,,,,,,,
,,1491,08/24/2026,DHMORO,110,12,1110104000,,27262300,Ped.Suministros
,,,,,,,,,,
,,,2.9.1.00646.0006,BOLSA DE RESIDUOS - DIMENSION 60 x 90Cm - PRESENTACION PAQUETE x 10 UNIDADES - ESPESOR 50 Mn - COLOR ROJO,,,,,3700,1100
,,,,,,,,,,
,,,,,,,,,,
,,,,,,,,,,
,,,,,,,,,,
,,1492,08/24/2026,TINTED,110,58,1110116000,,1060300,Sol.de Gastos
,,,,,,,,,,
,,,2.2.3.01353.0016,BANDERA - DIMENSION 350 X 560CM  . - TELA POLIESTER - SOL SIN - SOGA NYLON - TIPO ARGENTINA,,,,,1,276400
,,,,,,,,,,
,,,,,,,,,,
,,,,,,,,,,
,,,,,,,,,,
,,1493,08/25/2026,SOBPUB,110,15,1110105000,,81000000,Sol.de Gastos
,,,,,,,,,,
,,,2.6.5.00335.0045,CEMENTO PORTLAND - TIPO COMPUESTO - PRESENTACION A GRANEL - CANTIDAD DE PLIEGOS BOLSA NO,,,,,90,900000
,,,,,,,,,,
,,,,,,,,,,
,,,,,,,,,,
,,,,,,,,,,
,,1494,08/25/2026,INFRA,110,15,1110105000,,92000000,Sol.de Gastos
,,,,,,,,,,
,,,3.3.9.06836.0001,"Servicio de recolección y limpieza Urbana - Limpieza Urbana SERVICIO DE MANTENIMIENTO URBANO, LIMPIEZA, DESMALEZADO, FUMIGACION, RECOLECCION DE RESIDUOS EN CORREDORES INDICADOS EN OBSERVACIONES.  FRECUENCIA DE REPETICION SEMANAL, SE INCLUYE COMBUSTIBLE, L",,,,,4,23000000
,,,,,,,,,,
,,,,,,,,,,
,,,,,,,,,,
,,,,,,,,,,
,,1495,08/25/2026,6LOGIS,110,45,1110103000,,4193460,Ped.Suministros
,,,,,,,,,,
,,,2.9.1.01164.0014,ESPONJA - MATERIAL ACERO INOXIDABLE - USO COCINA -  ESPONJA ESTROPAJO  REDONDA -DE 50 GRS. - COLOR PLATEADA,,,,,200,1068
,,,,,,,,,,
,,,,,,,,,,
,,,,,,,,,,
,,,,,,,,,,
,,1496,08/25/2026,DHMORO,110,12,1110104000,,1642400,Ped.Suministros
,,,,,,,,,,
,,,2.9.3.01558.0035,CAPACITOR - DE ARRANQUE 60 MF,,,,,4,137000
,,,,,,,,,,
,,,,,,,,,,
,,,,,,,,,,
,,,,,,,,,,
,,1497,08/25/2026,DHMORO,110,12,1110104000,,616000,Ped.Suministros
,,,,,,,,,,
,,,2.5.8.07570.0001,"BOLSA PARA CONSERVACIÓN - PARA CADAVERES - DESCRIPCION CON CIERRE 270 MC UNIDAD BOLSA TAMAÑO ADULTO C/ CIERRE COLOR NEGRA DE 1 MT X 2,15 MTS. DE LARGO CON CIERRE CENTRAL A CREMALLERA Y PORTA TARJETA IDENTIFICATORIA  Y SISTREMA ANTIFUGA DE FLUIDOS",,,,,80,7700
,,,,,,,,,,
,,,,,,,,,,
,,,,,,,,,,
,,,,,,,,,,
,,1498,08/25/2026,DHMORO,110,12,1110104000,,3618790.08,Sol.de Gastos
,,,,,,,,,,
,,,3.3.3.02188.0040,"REPARACION DE EQUIPOS HOSPITALARIOS - REPARACIÓN, MANTENIMIENTO, VERIFICACIÓN DE PERFORMANE Y CUMPLIMIENTO DE NORMAS APLICABLES, DEL CARDIOVERSOR DYNE, MODELO UCP-210, N°/SERIE 440CN77, N°/CONTROL 9600, CON EL APORTE DE:  - 1 CERTIFICACIÓN SEG. ELÉCTRICA ",,,,,1,637912
,,,,,,,,,,
,,,,,,,,,,
,,,,,,,,,,
,,,,,,,,,,
,,1499,08/25/2026,TINTED,110,58,1110116000,,430000,Sol.de Gastos
,,,,,,,,,,
,,,2.4.4.07694.0001,CUBIERTA PARA CAMIONETA -   - 4 CUBIERTAS  - ALINEACION  - BALANCEO,,,,,4,107500
,,,,,,,,,,
,,,,,,,,,,
,,,,,,,,,,
,,,,,,,,,,
,,1500,08/26/2026,FGAJEF,110,58,1110116000,,3100288.5,Sol.de Gastos
,,,,,,,,,,
,,,2.1.1.00709.0015,CAFE - ENVASE PAQUETE - CONTENIDO 1000GR - ESTADO EN GRANO - PROCESO TOSTADO C/AZUCAR.,,,,,60,46502
,,,,,,,,,,
,,,,,,,,,,
,,,,,,,,,,
,,,,,,,,,,
,,1501,08/26/2026,26POLA,110,58,1110116000,,2461000,Ped.Suministros
,,,,,,,,,,
,,,2.9.6.06808.0001,ACCESS POINT - ACCESS POINT UBIQUITI UNIFI AC PRO AP UAP-AC-PRO BLANCO,,,,,2,500000
,,,,,,,,,,
,,,,,,,,,,
,,,,,,,,,,
,,,,,,,,,,
,,1502,08/26/2026,DESPAC,110,45,1110103000,,1106190,Ped.Suministros
,,,,,,,,,,
,,,2.9.2.08162.0007,"SUSCRIPCION - DESCRIPCION CLAUDE - Suscripción anual a Claude, versión individual, por una (1) licencia de usuario. Incluye acceso a herramientas de inteligencia artificial para asistencia en tareas administrativas, análisis de información, procesamiento ",,,,,1,459000
,,,,,,,,,,
,,,,,,,,,,
,,,,,,,,,,
,,,,,,,,,,
,,1503,08/26/2026,RESALC,110,58,1110116000,,112400,Sol.de Gastos
,,,,,,,,,,
,,,2.3.3.07305.0001,BANNER - TIPO ROLL UP - MEDIDAS : 0.80 X 2 m.  - DISEÑO A CONFIRMAR,,,,,1,112400
,,,,,,,,,,
,,,,,,,,,,
,,,,,,,,,,
,,,,,,,,,,
,,1504,08/26/2026,DHMORO,110,12,1110104000,,7393500,Sol.de Gastos
,,,,,,,,,,
,,,3.2.9.03558.0005,ALQUILER DE EQUIPAMIENTO HOSPITALARIO - EQUIPO CONCENTRADOR DE OXÍGENO CON TUBO DE BUCK UP,,,,,24,90000
,,,,,,,,,,
,,,,,,,,,,
,,,,,,,,,,
,,,,,,,,,,
,,1505,08/26/2026,6ADGR,110,24,1110107000,,5500000,Ped.Suministros
,,,,,,,,,,
,,,3.5.1.02464.0014,"SERVICIO DE CHARTER - LARGA DISTANCIA DE 60 PASAJEROS PARA TRASLADO IDA Y VUELTA ENTRE LA TERMINAL DE MORON Y LA ESTACION DE TREN EN CONSTITUCION.   NOTA:EL MICRO DEBERA TENER HABILITACION, VERIFICACION TECNICA VEHICULAR Y SEGURO DE TRANSPORTE DE PASAJERO",,,,,2,2750000
,,,,,,,,,,
,,,,,,,,,,
,,,,,,,,,,
,,,,,,,,,,
,,1506,08/26/2026,6ADGR,110,24,1110107000,,7100000,Ped.Suministros
,,,,,,,,,,
,,,3.5.1.02464.0014,"SERVICIO DE CHARTER - PARA VIAJES EN LA CIUDAD DE MAR DEL PLATA DESDE LA TERMINAL DE TRENES HACIA LA COLINIA MUNICIPAL, IDA Y VUELTA CON PERMANENCIA EN LA MISMA. Y EXCURSIONES POR LA ZONA. TRASLADOS HACIA LA PLAYA, CITY TOUR, PUERTO Y ACANTILADOS.  NOTA: ",,,,,20,355000
,,,,,,,,,,
,,,,,,,,,,
,,,,,,,,,,
,,,,,,,,,,
,,1507,08/26/2026,DERECR,110,58,1110116000,,3850000,Ped.Suministros
,,,,,,,,,,
,,,2.2.2.01045.0007,EQUIPO DE GIMNASIA - CAMPERA CON CAPUCHA Y MANGA LARGA - MATERIAL MICROFIBRA.  PANTALON CON BOLSILLO Y CIERRE DEPORTIVO.  POLIESTER SUBLIMADO 100%.,,,,,70,55000
,,,,,,,,,,
,,,,,,,,,,
,,,,,,,,,,
,,,,,,,,,,
,,1508,08/26/2026,DERECR,110,58,1110116000,,4460301.41,Ped.Suministros
,,,,,,,,,,
,,,2.2.2.00826.0009,"PANTALONES - DESTINATARIO UNISEX - ANGOSTO CON BOLSILLOS FORMATO DEPORTIVO, CON LEYENDA EN UN LATERAL, COLOR NEGRO.   TALLES A CONFIRMAR",,,,,47,43550.03
,,,,,,,,,,
,,,,,,,,,,
,,,,,,,,,,
,,,,,,,,,,
,,1509,08/26/2026,DLOGTI,110,24,1110107000,,1960000,Ped.Suministros
,,,,,,,,,,
,,,2.4.4.00628.0001,"CAMARA - DESTINO TIPO TRACTOR PARA BOBCAT MINICARGADOR (PALA) AÑO 2023 - CÁMARA PARA CUBIERTA/NEUMÁTICO - MEDIDAS 12"" - 16.5 - INCLUYE PROTECTOR Y VÁLVULA.",,,,,4,95000
,,,,,,,,,,
,,,,,,,,,,
,,,,,,,,,,
,,,,,,,,,,
,,1510,08/26/2026,26BIUR,110,58,1110116000,,549999,Ped.Suministros
,,,,,,,,,,
,,,4.3.7.00015.0008,HELADERA - CAPACIDAD 277L - TECNOLOGÍA CYCLE DEFROST ENFRIAMIENTO CÍCLICO -ESTANTES DE VIDRIO TEMPLADO REGULABLES EN ALTURA - VOLUMEN ALIMENTOS FRESCOS 196 LITROS - VOLUMEN ALIMENTOS CONGELADOS 68 LITROS  - RUIDO 47DB -  EFICIENCIA ENERGÉTICA - CONSUMO EN,,,,,1,549999
,,,,,,,,,,
,,,,,,,,,,
,,,,,,,,,,
,,,,,,,,,,
,,1511,08/26/2026,DPRDNN,132,24,1110107000,,551614,Ped.Suministros
,,,,,,,,,,
,,,2.1.1.03293.0004,COPETINES - TIPO CHIZITO - PRESENTACION BOLSA - CAPACIDAD X 420 GRS.,,,,,4,5117
,,,,,,,,,,
,,,,,,,,,,
,,,,,,,,,,
,,,,,,,,,,
,,1512,08/26/2026,TINTED,110,58,1110116000,,1450000,Sol.de Gastos
,,,,,,,,,,
,,,3.3.2.04903.0001,"SERVICIO DE MANT. DE VEHÍCULO - DESTINO CAMIONETA.  - REPUESTO DE FRENOS TRASEROS  - CAMBIO PASTILLAS DE FRENO DELANTERAS.  - CAMBIO 2 PARRILLAS DE SUSPENSION.  - CAMBIO ACEITE Y FILTRO.  - CAMBIO LUCES ALTAS, BAJAS Y STOP.  - CAMBIO LIQUIDO REFRIGERANTE.",,,,,1,1450000
,,,,,,,,,,
,,,,,,,,,,
,,,,,,,,,,
,,,,,,,,,,
,,1513,08/26/2026,SCIUDA,131,50,1110117000,,1077300,Sol.de Gastos
,,,,,,,,,,
,,,2.1.1.00478.0004,"AGUA MINERAL - TIPO SIN GASIFICAR, ENVASE BOTELLA PLASTICA - CAPACIDAD 600CC. PARA USO EN EMERGENCIAS TIPO BAGGIO FRESH",,,,,1620,665
,,,,,,,,,,
,,,,,,,,,,
,,,,,,,,,,
,,,,,,,,,,
,,1514,08/26/2026,26POLA,110,58,1110116000,,6971370,Ped.Suministros
,,,,,,,,,,
,,,2.9.6.03495.0017,"REPUESTOS PARA MOTOSIERRA - espada 45cm/18"" 1.6mm/063"" ms260 STIHL",,,,,2,106600
,,,,,,,,,,
,,,,,,,,,,
,,,,,,,,,,
,,,,,,,,,,
,,1515,08/26/2026,SCIUDA,131,50,1110117000,,8966250,Sol.de Gastos
,,,,,,,,,,
,,,2.1.1.02695.0001,"VIANDAS - PRESENTACION INDIVIDUAL DE 150 MENU PARA 14 DIAS. SEGUN DETALLE ADJUNTO. OPCION 1: EMPANADAS DE POLLO, VERDURA, HUMITA. OPCION 2: SANDWICH DE MEDALLON DE POLLO. OPCION 3: PIZZA DE MUZZARELLA. OPCION 4: SANDWICH JAMONY QUESO. PARA 150 AGENTES,",,,,,2250,3985
,,,,,,,,,,
,,,,,,,,,,
,,,,,,,,,,
,,,,,,,,,,
,,1516,08/26/2026,26POLA,110,58,1110116000,,4476000,Ped.Suministros
,,,,,,,,,,
,,,2.5.6.02817.0001,ACEITE P/MOTOR 2 TIEMPOS - ACEITE 2T HP TAMBOR X 200 STIHL,,,,,1,4476000
,,,,,,,,,,
,,,,,,,,,,
,,,,,,,,,,
,,,,,,,,,,
,,1517,08/26/2026,26POLA,110,58,1110116000,,2340732.3,Ped.Suministros
,,,,,,,,,,
,,,2.7.5.00338.0002,DESTORNILLADOR - DESTORNILLADOR BUSCAPOLO PLANO 1000 VOLTS. BREMEN,,,,,2,4210
,,,,,,,,,,
,,,,,,,,,,
,,,,,,,,,,
,,,,,,,,,,
,,1518,08/27/2026,DHMORO,110,12,1110104000,,427200,Ped.Suministros
,,,,,,,,,,
,,,2.9.5.02161.0053,CATETER - PARA DENAJE PERCUTANEO MULTIPROPOSITO 10 FR,,,,,1,427200
,,,,,,,,,,
,,,,,,,,,,
,,,,,,,,,,
,,,,,,,,,,
,,1519,08/27/2026,DLOGTI,110,24,1110107000,,1800000,Ped.Suministros
,,,,,,,,,,
,,,3.3.2.02460.0006,REPARACION DE CAMION CAMIONETA Y EQ.VIALES - DESCRIPCIÓN LIMPIEZA Y REPARACIÓN COMPLETA DE INYECTORES PARA BOBCAT MINICARGADOR (PALA) AÑO 2023 - CON GARANTÍA.,,,,,1,1300000
,,,,,,,,,,
,,,,,,,,,,
,,,,,,,,,,
,,,,,,,,,,
,,1520,08/27/2026,SEDELO,110,57,1110122000,,370000,Ped.Suministros
,,,,,,,,,,
,,,4.3.9.06853.0001,HUELLERO DIGITAL - TERMINAL DE CONTROL DE ASISTENCIA HUELLA DACTILAR- CONECCION USB- TIPO ANVIZ GC100-WIFI ( 1000 USUARIOS),,,,,2,185000
,,,,,,,,,,
,,,,,,,,,,
,,,,,,,,,,
,,,,,,,,,,
,,1521,08/27/2026,SCIUDA,131,50,1110117000,,12826000,Ped.Suministros
,,,,,,,,,,
,,,2.2.2.00826.0014,PANTALONES - TELA GABARDINA P/TRABAJO CON CINTA REFRACTARIA COLOR GRIS. DETALLE DE TALLES Y CANTIDADES: T 38/2 U; T 40/5 U; T 42/8 U; T 44/4 U; T 46/1 U; T 48/4 U; T 50/3 U; T 52/6 U; T 54/2 U: T 56/3 U; T 58/3 U; T 64/1 U,,,,,40,32670
,,,,,,,,,,
,,,,,,,,,,
,,,,,,,,,,
,,,,,,,,,,
,,1522,08/27/2026,6POEDU,110,24,1110107000,,1226170.92,Ped.Suministros
,,,,,,,,,,
,,,2.1.1.00704.0017,ALFAJOR - DE ARROZ SIN TACC - RELLENO DE DULCE DE LECHE - COBERTURA CHOCOLATE - PESO 55GR. - PRESENTACION CAJA X 30 UNIDADES . TIPO CHOCOARROZ,,,,,10,12185
,,,,,,,,,,
,,,,,,,,,,
,,,,,,,,,,
,,,,,,,,,,
,,1523,08/27/2026,6EDUDC,132,24,1110107000,,265461006.94,Ped.Suministros
,,,,,,,,,,
,,,5.4.7.07253.0001,"READECUACION Y PUESTA EN VALOR - Terminación de 2 aulas y dependencias ET Nº 6 Chacabuco ubicada sobre Avenida Rivadavia 17337, de la Localidad y Partido de Morón, contempla la totalidad de los trabajos (provisión de materiales y mano de obra, maquinarias",,,,,1,265461006.94
,,,,,,,,,,
,,,,,,,,,,
,,,,,,,,,,
,,,,,,,,,,
,,1524,08/27/2026,PREYCO,110,58,1110116000,,3406700,Ped.Suministros
,,,,,,,,,,
,,,3.5.3.02165.0078,"SERVICIO DE IMPRESION - y cambio de lona con tinta UV en cartel , medida:4 x 1.80 mts",,,,,1,295000
,,,,,,,,,,
,,,,,,,,,,
,,,,,,,,,,
,,,,,,,,,,
,,1525,08/28/2026,6EDUDC,132,24,1110107000,,114661260.74,Ped.Suministros
,,,,,,,,,,
,,,5.4.7.07253.0001,"READECUACION Y PUESTA EN VALOR - Terminación de 3 aulas y dependencias Escuela Secundaria Nº 42 ubicada sobre la calle Áchaga 3476, de la Localidad de Castelar, Partido de Morón, contempla la totalidad de los trabajos ( provisión de materiales y mano de o",,,,,1,114661260.74
,,,,,,,,,,
,,,,,,,,,,
,,,,,,,,,,
,,,,,,,,,,
,,1526,08/28/2026,DERECR,132,58,1110116000,,80000000,Ped.Suministros
,,,,,,,,,,
,,,3.5.1.02464.0034,"SERVICIO DE CHARTER - IDA Y VUELTA DESDE MORÓN A LA CIUDAD DE MAR DEL PLATA, PROVINCIA DE BUENOS AIRES - SEMI CAMA PARA 50 PASAJEROS - DOBLE PISO - CON BAÑO - ACCESO PARA SILLAS DE RUEDAS - VIDEO Y AIRE ACONDICIONADO.    NOTA: EL TRANSPORTE DEBE TENER HAB",,,,,10,8000000
,,,,,,,,,,
,,,,,,,,,,
,,,,,,,,,,
,,,,,,,,,,
,,1527,08/28/2026,SEDELO,110,57,1110122000,,942904,Ped.Suministros
,,,,,,,,,,
,,,2.3.4.00786.0001,PAPEL HIGIENICO - PRESENTACION EN BOLSON X 30 UNIDADES,,,,,40,12886.6
,,,,,,,,,,
,,,,,,,,,,
,,,,,,,,,,
,,,,,,,,,,
,,1528,08/31/2026,DHMORO,110,12,1110104000,,3731532,Ped.Suministros
,,,,,,,,,,
,,,3.3.3.02188.0044,"REPARACION DE EQUIPOS HOSPITALARIOS - EQUIPO: Serie N° 21082JP3204086.  Descripcion: OXIGENOTERAPIA ALTO FLUJO HUMIDOFLO HF - 2900D 230V (GGM)   1- SERVICIO TEC PREVENTIVO HUMIDOFLO      $ 750,104.00  CONTROL FUNCIONAL DEL EQUIPO AL INGRESO A SERVICE.  VE",,,,,1,3731532
,,,,,,,,,,
,,,,,,,,,,
,,,,,,,,,,
,,,,,,,,,,
,,1529,08/31/2026,DHMORO,110,12,1110104000,,2015000,Ped.Suministros
,,,,,,,,,,
,,,3.3.3.02188.0084,REPARACION DE EQUIPOS HOSPITALARIOS - MANTENIMIENTO DE RESPIRADOR DE ALTA FRECUENCIA SLE 5000 SERIE N°56342 SEGUN EL SIGUIENTE DETALLE:  -INSTALACION DE KIT ANUAL DE MANTENIMIENTO 12 MESES SLE 5000  -3 BATERIAS RECARGABLE SLE 5000  -4 MANO DE OBRA    INCL,,,,,1,1105000
,,,,,,,,,,
,,,,,,,,,,
,,,,,,,,,,
,,,,,,,,,,
,,1530,08/31/2026,SNJDE,132,24,1110107000,,650000,Ped.Suministros
,,,,,,,,,,
,,,3.5.1.06775.0008,SERVICIO DE TRASLADO DE PERSONAS - COLECTIVO PARA TRASLADO DE PERSONAS.,,,,,1,650000
,,,,,,,,,,
,,,,,,,,,,
,,,,,,,,,,
,,,,,,,,,,
,,1531,08/31/2026,DPSCAP,110,12,1110104000,,4845000,Ped.Suministros
,,,,,,,,,,
,,,3.3.3.04981.0001,"MANT. DE EQUIPO ODONTOLÓGICO - OBJETO DEL SERVICIO SEGÚN DETALLE: 1° CENTRO DE SALUD MALVINAS ARGENTINAS : CABLEADO DE FOCO DENTAL - TAPIZADO NUEVO. REPARACION DE SALIVADERA : CAMBIAR LLAVE DE AGUA DE LLENA VASO, EYECTOR Y SALIVADERA , CAMBIAR MANGUERA DE",,,,,1,4845000
,,,,,,,,,,
,,,,,,,,,,
,,,,,,,,,,
,,,,,,,,,,
,,1532,08/31/2026,POLCUT,110,58,1110116000,,420000,Sol.de Gastos
,,,,,,,,,,
,,,3.5.1.02464.0001,"SERVICIO DE CHARTER - DESCRIPCION - SERVICIO DE TRANSPORTE - VIAJE FUERA DEL PARTIDO DE MORÓN  4/9, 1 MICRO CON DESTINO A MERLO",,,,,1,420000
,,,,,,,,,,
,,,,,,,,,,
,,,,,,,,,,
,,,,,,,,,,
,,1533,08/31/2026,6DESAH,110,24,1110107000,,9000000,Ped.Suministros
,,,,,,,,,,
,,,5.1.4.03278.0001,SERVICIOS DE SEPELIOS PARA INDIGENTES - TRASLADO DENTRO DEL PARTIDO DE  MORON HASTA AGOTAR LA SUMA DE $ 9.000.000.-  EL PROVEEDOR DEBERA INDICAR EL PRECIO UNITARIO DE :  VALOR DEL KM EXTRA  INHUMACION EN EL CEMENTERIO DE MORON  ATAUD STANDARD  ATAUD MEDID,,,,,1,9000000
,,,,,,,,,,
,,,,,,,,,,
,,,,,,,,,,
,,,,,,,,,,
,,1534,08/31/2026,DHMORO,110,12,1110104000,,2624000,Ped.Suministros
,,,,,,,,,,
,,,2.1.1.00621.0001,AVE - ESPECIE DE POLLOS FRESCOS - NO CONGELADOS - PRESENTACION EN CAJONES CUBIERTOS CON HIELO - PESO APROXIMADO 2 a 3kg c/u - NO MENOS DE 7 CABEZAS Y NO MÁS DE 9 CABEZAS POR CAJON - EVISCERADO CON MENUDOS,,,,,640,4100
,,,,,,,,,,
,,,,,,,,,,
,,,,,,,,,,
,,,,,,,,,,
,,1535,08/31/2026,6LOGIS,110,45,1110103000,,1942000,Ped.Suministros
,,,,,,,,,,
,,,2.3.1.00533.0001,"SOBRE DE PAPEL SIN IMPRESION - TIPO COMERCIAL - FORMATO 11,4 X 16.2 - GRAMAJE 80 GR - COLOR BLANCO. - PRESENTACION POR UNIDAD",,,,,3000,62
,,,,,,,,,,
,,,,,,,,,,
,,,,,,,,,,
,,,,,,,,,,
,,1536,08/31/2026,SCIUDA,131,50,1110117000,,1400000,Ped.Suministros
,,,,,,,,,,
,,,2.9.6.07447.0001,CINTA DE CORTE - DESCRIPCION PRESENTACION EN ROLLO 100 MTS CON LEYENDA PELIGRO / NO PASAR,,,,,200,7000
,,,,,,,,,,
,,,,,,,,,,
,,,,,,,,,,
,,,,,,,,,,
,,1537,08/31/2026,DHMORO,110,12,1110104000,,7500000,Ped.Suministros
,,,,,,,,,,
,,,3.2.9.03558.0001,ALQUILER DE EQUIPAMIENTO HOSPITALARIO - AQUILER DE 30 BOMBAS DE INFUSION VOLUMETRICA BENEFUSION VP-3.   LAS BOMBAS DEBERAN CONTAR CON CERTIFICADO DE CALIBRACION /MP VIGENTE.  EN CASO DE FALLA PROPIA DEL EQUIPO O FALLA POR MAL USO SE PROCEDERA AL REEEMPLAZ,,,,,2,3750000
,,,,,,,,,,
,,,,,,,,,,
,,,,,,,,,,
,,,,,,,,,,
,,1538,08/31/2026,SCIUDA,131,50,1110117000,,2750000,Ped.Suministros
,,,,,,,,,,
,,,3.3.3.02040.0001,"MANT. AIRE ACONDICIONADO - DETALLE DEL SERVICO: para Secretraia de Seguridad - COM: reparación de dos equipos piso techo tipo surrey ,cambio de sensores por falla en placa principal o cambio de placa, reposición de refrigerante. Reparación de fuga en equi",,,,,1,2750000
,,,,,,,,,,
,,,,,,,,,,
,,,,,,,,,,
,,,,,,,,,,
,,1539,08/31/2026,ALUMP,110,15,1110105000,,16866200,Ped.Suministros
,,,,,,,,,,
,,,2.7.5.01728.0002,"LLAVE AJUSTABLE - Tipo francesa 8"" x 205 mm - Material acero forjado - cromado fosfatizado - tipo BAHCO Mod. 8071s AISLADA 1000V    ",,,,,20,87900
,,,,,,,,,,
,,,,,,,,,,
,,,,,,,,,,
,,,,,,,,,,
,,1540,08/31/2026,RESALC,110,58,1110116000,,1570000,Ped.Suministros
,,,,,,,,,,
,,,4.3.7.00045.0047,"SILLA - MATERIAL ESTRUCTURA METAL - TAPIZADO CUERO - PATAS BASE CENTRAL,PATAS FIJAS - Nº PATAS 4 - ALTO FIJA - GIRATORIA NO - APOYA BRAZO SIN - RESPALDO FIJO.",,,,,4,160000
,,,,,,,,,,
,,,,,,,,,,
,,,,,,,,,,
,,,,,,,,,,
,,1541,08/31/2026,6EDUDC,110,24,1110107000,,1644000,Ped.Suministros
,,,,,,,,,,
,,,4.3.7.03506.0018,EQUIPO AIRE ACONDICIONADO - TIPO SPLIT - DESCRIPCION 4500 FRIGORIAS FRIO / CALOR -5400 WATT-  GARANTIA 1 AÑO,,,,,1,1644000
,,,,,,,,,,
,,,,,,,,,,
,,,,,,,,,,
,,,,,,,,,,
,,1542,08/31/2026,26POLA,110,58,1110116000,,6200000,Ped.Suministros
,,,,,,,,,,
,,,3.2.9.05075.0001,ALQUILER DE CABINAS MÓVILES - Alquiler de cabinas moviles - tipo taller oficina-descripcion medida 5.96 m x2.94 m de alto . incluye entrega y valor por 4 meses,,,,,1,6200000
,,,,,,,,,,
,,,,,,,,,,
,,,,,,,,,,
,,,,,,,,,,
,,1543,08/31/2026,6COMBN,110,24,1110107000,,9865960,Ped.Suministros
,,,,,,,,,,
,,,2.9.5.03341.0002,TANZA - MEDIDAS 0.30 MM. - PRESENTACION EN ROLLOS,,,,,140,25000
,,,,,,,,,,
,,,,,,,,,,
,,,,,,,,,,
,,,,,,,,,,
,,1544,08/31/2026,6COMBN,110,24,1110107000,,8113950,Ped.Suministros
,,,,,,,,,,
,,,4.3.7.00037.0006,ESCALERA - ALUMINIOEXTENSIBLE 14 ESCALONES 2.10/4.30 MTS,,,,,2,490000
,,,,,,,,,,
,,,,,,,,,,
,,,,,,,,,,
,,,,,,,,,,
,,1545,08/31/2026,6COMBN,110,24,1110107000,,28716000,Ped.Suministros
,,,,,,,,,,
,,,2.2.2.02859.0011,REMERA - MATERIAL JERSEY DE ALGODON - TALLES S al 5 XL- CON LOGO AL FRENTE,,,,,150,19360
,,,,,,,,,,
,,,,,,,,,,
,,,,,,,,,,
,,,,,,,,,,
,,1546,09/01/2026,DIRHUM,110,58,1110116000,,83200000,Ped.Suministros
,,,,,,,,,,
,,,3.4.6.02139.0001,SOPORTE TECNICO SOFTWARE - MANTENIMIENTO DE ADMINISTRACION DE PERSONAL Y PORTAL DE EMPLEADOS DEL SISTEMA MAJOR. INCLUYE MANTENIMIENTO CORRECTIVO Y SOPORTE VIRTUAL.,,,,,4,20800000
,,,,,,,,,,
,,,,,,,,,,
,,,,,,,,,,
,,,,,,,,,,
,,1547,09/01/2026,SEDELO,131,57,1110122000,,1340000,Ped.Suministros
,,,,,,,,,,
,,,5.2.6.04853.0038,"EQUIPAMIENTO GASTRONOMICO - TIPO MESADA - MATERIA ACERO INOXIDABLE- MEDIDAS: 1.80MTS LARGO, 0.60CM ANCHO X0.80 CM ALTO  SE ADJUNTA IMAGEN",,,,,2,670000
,,,,,,,,,,
,,,,,,,,,,
,,,,,,,,,,
,,,,,,,,,,
,,,,,,,Subtotal del Ejercicio 2026: ,32690566727.432,,
,,,,,,,,,,
,,,,,,,,,,
,,,,,,TOTAL:,,32690566727.432,,
Al ser semidetallado no incluye todos los   ítems ,,,,,,,,,,
,,,,,,,,,,
,,,,,,,,,,
"Filtro aplicado: Ejercicio: 2026 al 2026 Orden aplicado: , Ejercicio ,Número de Pedido ",,,,,,,,,,
