,,,,,,,R.A.F.A.M.,,,,,,,Hoja: 1 de 1,,,
,,,,,,,,,,,,,,,,,
,,,,,,,,,,,,,,,,,
,,,,,,,LISTADO HOJA DE RUTA,,,,,,01/09/2026,13:39,,,
,,,,,,,,,,,,,,,,,
MUNICIPIO,,,,,,,,,,,,,,,,,
DE MORÓN,,,,,,,,,,,,,,,,,
,,,,,,,,,,,,,,,,,
,,,,,,,,,,,,Ejercicio:,,2026,,,
,,,,,,,,,,,,,,,,,
,,,,,,,,,,,,,,,,,
,,,,,,,,,,,,,,,,,
,,,,,,,,,,,,,,,,,
,,,,,,,,,,,,,,,,,
,,Pedido de Suministros,,Solicitud de Gastos,,Pedido de Cotizaciones,,,Adjudicaciones,,Orden de Compras,,Recepciones,,,,
Nº,Estado,Fecha,Nº,Estado,Fecha,Nº,Estado,Fecha,Nº,Estado,Fecha,Nº,Estado,Fecha,Nº,Estado,Fecha
,,,,,,,,,,,,,,,,,
1,Sol. de Gastos,01/02/2026,1 - 244,Confirmado,01/26/2026,118 - 1,Normal,01/27/2026,109,Orden de Compra,02/04/2026,1 - 168,Registrado,02/13/2026,INVEN - 643,Normal,03/11/2026
,,,,,,,,,,,,,,,,,
,,,,,,,,,,,,,,,,,
,,,,,,,,,,,,,,,,,
,,,,,,,,,,,,,,,,,
2,Sol. de Gastos,01/02/2026,1 - 89,Confirmado,01/07/2026,6 - 1,Normal,01/07/2026,14,Orden de Compra,01/14/2026,1 - 27,Registrado,01/16/2026,INVEN - 447,Normal,02/26/2026
,,,,,,,,,,,,,,,,,
,,,,,,,,,,,,,,,INVEN - 869,Normal,04/01/2026
,,,,,,,,,,,,,,,,,
,,,,,,,,,,,,,,,,,
,,,,,,,,,,,,,,,,,
,,,,,,,,,,,,,,,,,
3,Sol. de Gastos,01/02/2026,1 - 97,Confirmado,01/07/2026,15 - 1,Normal,01/07/2026,42,Anulado,01/21/2026,,,,,,
,,,,,,,,,,,,,,,,,
,,,,,,,,,46,Anulado,01/22/2026,,,,,,
,,,,,,,,,,,,,,,,,
,,,,,,,,,48,Orden de Compra,01/22/2026,1 - 46,Registrado,01/22/2026,INVEN - 1005,Normal,04/20/2026
,,,,,,,,,,,,,,,,,
,,,,,,,,,,,,,,,INVEN - 1006,Normal,04/20/2026
,,,,,,,,,,,,,,,,,
,,,,,,,,,,,,,,,INVEN - 1463,Normal,05/21/2026
,,,,,,,,,,,,,,,,,
,,,,,,,,,,,,,,,INVEN - 1464,Normal,05/21/2026
,,,,,,,,,,,,,,,,,
,,,,,,,,,,,,,,,INVEN - 1465,Normal,05/21/2026
,,,,,,,,,,,,,,,,,
,,,,,,,,,,,,,,,INVEN - 663,Normal,03/12/2026
,,,,,,,,,,,,,,,,,
,,,,,,,,,,,,,,,INVEN - 680,Normal,03/13/2026
,,,,,,,,,,,,,,,,,
,,,,,,,,,,,,,,,INVEN - 684,Normal,03/13/2026
,,,,,,,,,,,,,,,,,
,,,,,,,,,,,,,,,INVEN - 690,Normal,03/13/2026
,,,,,,,,,,,,,,,,,
,,,,,,,,,,,,,,,INVEN - 691,Normal,03/16/2026
,,,,,,,,,,,,,,,,,
,,,,,,,,,,,,,,,INVEN - 692,Normal,03/16/2026
,,,,,,,,,,,,,,,,,
,,,,,,,,,,,,,,,INVEN - 693,Normal,03/16/2026
,,,,,,,,,,,,,,,,,
,,,,,,,,,,,,,,,INVEN - 694,Normal,03/16/2026
,,,,,,,,,,,,,,,,,
,,,,,,,,,,,,,,,INVEN - 695,Normal,03/16/2026
,,,,,,,,,,,,,,,,,
,,,,,,,,,,,,,,,INVEN - 696,Normal,03/16/2026
,,,,,,,,,,,,,,,,,
,,,,,,,,,,,,,,,INVEN - 697,Normal,03/16/2026
,,,,,,,,,,,,,,,,,
,,,,,,,,,,,,,,,INVEN - 698,Normal,03/16/2026
,,,,,,,,,,,,,,,,,
,,,,,,,,,,,,,,,INVEN - 699,Normal,03/16/2026
,,,,,,,,,,,,,,,,,
,,,,,,,,,,,,,,,INVEN - 700,Normal,03/16/2026
,,,,,,,,,,,,,,,,,
,,,,,,,,,,,,,,,INVEN - 738,Normal,03/18/2026
,,,,,,,,,,,,,,,,,
,,,,,,,,,,,,,,,INVEN - 814,Normal,03/26/2026
,,,,,,,,,,,,,,,,,
,,,,,,,,,,,,,,,INVEN - 819,Normal,03/27/2026
,,,,,,,,,,,,,,,,,
,,,,,,,,,,,,,,,INVEN - 822,Normal,03/27/2026
,,,,,,,,,,,,,,,,,
,,,,,,,,,,,,,,,,,
,,,,,,,,,,,,,,,,,
,,,,,,,,,49,Orden de Compra,01/22/2026,1 - 47,Registrado,01/22/2026,INVEN - 1049,Normal,04/22/2026
,,,,,,,,,,,,,,,,,
,,,,,,,,,,,,,,,INVEN - 1053,Normal,04/22/2026
,,,,,,,,,,,,,,,,,
,,,,,,,,,,,,,,,INVEN - 1062,Normal,04/22/2026
,,,,,,,,,,,,,,,,,
,,,,,,,,,,,,,,,INVEN - 1260,Normal,05/11/2026
,,,,,,,,,,,,,,,,,
,,,,,,,,,,,,,,,INVEN - 1261,Normal,05/11/2026
,,,,,,,,,,,,,,,,,
,,,,,,,,,,,,,,,INVEN - 1264,Normal,05/11/2026
,,,,,,,,,,,,,,,,,
,,,,,,,,,,,,,,,INVEN - 519,Normal,03/02/2026
,,,,,,,,,,,,,,,,,
,,,,,,,,,,,,,,,INVEN - 520,Normal,03/02/2026
,,,,,,,,,,,,,,,,,
,,,,,,,,,,,,,,,INVEN - 596,Normal,03/09/2026
,,,,,,,,,,,,,,,,,
,,,,,,,,,,,,,,,INVEN - 597,Normal,03/09/2026
,,,,,,,,,,,,,,,,,
,,,,,,,,,,,,,,,,,
,,,,,,,,,,,,,,,,,
,,,,,,,,,51,Orden de Compra,01/22/2026,1 - 48,Registrado,01/22/2026,INVEN - 1054,Normal,04/22/2026
,,,,,,,,,,,,,,,,,
,,,,,,,,,,,,,,,INVEN - 1331,Normal,05/14/2026
,,,,,,,,,,,,,,,,,
,,,,,,,,,,,,,,,,,
,,,,,,,,,,,,,,,,,
,,,,,,,,,,,,,,,,,
4,Sol. de Gastos,01/02/2026,1 - 96,Confirmado,01/07/2026,12 - 1,Normal,01/07/2026,8,Anulado,01/09/2026,1 - 8,Anulado,01/09/2026,,,
,,,,,,,,,,,,,,,,,
,,,,,,,,,,,,,,,,,
,,,,,,,,,,,,,,,,,
,,,,,,,,,10,Orden de Compra,01/12/2026,1 - 10,Registrado,01/12/2026,,,
,,,,,,,,,,,,,,,,,
,,,,,,,,,,,,,,,,,
,,,,,,,,,,,,,,,,,
,,,,,,,,,,,,,,,,,
5,Sol. de Gastos,01/02/2026,1 - 88,Confirmado,01/07/2026,7 - 1,Normal,01/07/2026,7,Orden de Compra,01/09/2026,1 - 7,Registrado,01/09/2026,INVEN - 1030,Normal,04/20/2026
,,,,,,,,,,,,,,,,,
,,,,,,,,,,,,,,,INVEN - 1458,Normal,05/21/2026
,,,,,,,,,,,,,,,,,
,,,,,,,,,,,,,,,INVEN - 1459,Normal,05/21/2026
,,,,,,,,,,,,,,,,,
,,,,,,,,,,,,,,,INVEN - 676,Normal,03/13/2026
,,,,,,,,,,,,,,,,,
,,,,,,,,,,,,,,,INVEN - 701,Normal,03/16/2026
,,,,,,,,,,,,,,,,,
,,,,,,,,,,,,,,,,,
,,,,,,,,,,,,,,,,,
,,,,,,,,,,,,,,,,,
6,Ped. Suministros,01/02/2026,,,,,,,,,,,,,,,
,,,,,,,,,,,,,,,,,
,,,,,,,,,,,,,,,,,
7,Sol. de Gastos,01/02/2026,1 - 71,Confirmado,01/05/2026,1 - 1,Normal,01/05/2026,5,Orden de Compra,01/09/2026,1 - 5,Registrado,01/09/2026,INVEN - 398,Normal,02/24/2026
,,,,,,,,,,,,,,,,,
,,,,,,,,,,,,,,,,,
,,,,,,,,,,,,,,,,,
,,,,,,,,,,,,,,,,,
8,Sol. de Gastos,01/05/2026,1 - 95,Confirmado,01/07/2026,13 - 1,Normal,01/07/2026,11,Orden de Compra,01/12/2026,1 - 11,Registrado,01/12/2026,INVEN - 1418,Normal,05/20/2026
,,,,,,,,,,,,,,,,,
,,,,,,,,,,,,,,,INVEN - 764,Normal,03/19/2026
,,,,,,,,,,,,,,,,,
,,,,,,,,,,,,,,,,,
,,,,,,,,,,,,,,,,,
,,,,,,,,,,,,,,,,,
9,Sol. de Gastos,01/05/2026,1 - 94,Confirmado,01/07/2026,14 - 1,Normal,01/07/2026,3,Orden de Compra,01/08/2026,1 - 3,Registrado,01/08/2026,INVEN - 1522,Normal,05/28/2026
,,,,,,,,,,,,,,,,,
,,,,,,,,,,,,,,,INVEN - 1523,Normal,05/28/2026
,,,,,,,,,,,,,,,,,
,,,,,,,,,,,,,,,INVEN - 2108,Normal,07/23/2026
,,,,,,,,,,,,,,,,,
,,,,,,,,,,,,,,,INVEN - 2109,Normal,07/23/2026
,,,,,,,,,,,,,,,,,
,,,,,,,,,,,,,,,INVEN - 2200,Normal,08/04/2026
,,,,,,,,,,,,,,,,,
,,,,,,,,,,,,,,,INVEN - 472,Normal,02/27/2026
,,,,,,,,,,,,,,,,,
,,,,,,,,,,,,,,,,,
,,,,,,,,,,,,,,,,,
,,,,,,,,,,,,,,,,,
10,Sol. de Gastos,01/05/2026,1 - 87,Confirmado,01/06/2026,5 - 1,Normal,01/06/2026,1,Orden de Compra,01/07/2026,1 - 1,Registrado,01/07/2026,INVEN - 1725,Normal,06/11/2026
,,,,,,,,,,,,,,,,,
,,,,,,,,,,,,,,,INVEN - 1726,Normal,06/11/2026
,,,,,,,,,,,,,,,,,
,,,,,,,,,,,,,,,INVEN - 1980,Normal,07/13/2026
,,,,,,,,,,,,,,,,,
,,,,,,,,,,,,,,,INVEN - 338,Normal,02/10/2026
,,,,,,,,,,,,,,,,,
,,,,,,,,,,,,,,,INVEN - 681,Normal,03/13/2026
,,,,,,,,,,,,,,,,,
,,,,,,,,,,,,,,,INVEN - 993,Normal,04/17/2026
,,,,,,,,,,,,,,,,,
,,,,,,,,,,,,,,,,,
,,,,,,,,,,,,,,,,,
,,,,,,,,,,,,,,,,,
11,Sol. de Gastos,01/05/2026,1 - 68,Confirmado,01/05/2026,17 - 1,Normal,01/08/2026,144,Orden de Compra,02/09/2026,1 - 198,Registrado,02/26/2026,INVEN - 1370,Normal,05/19/2026
,,,,,,,,,,,,,,,,,
,,,,,,,,,,,,,,,INVEN - 1372,Normal,05/19/2026
,,,,,,,,,,,,,,,,,
,,,,,,,,,,,,,,,INVEN - 971,Normal,04/15/2026
,,,,,,,,,,,,,,,,,
,,,,,,,,,,,,,,,INVEN - 972,Normal,04/15/2026
,,,,,,,,,,,,,,,,,
,,,,,,,,,,,,,,,,,
,,,,,,,,,,,,,,,,,
,,,,,,,,,145,Orden de Compra,02/09/2026,1 - 199,Registrado,02/26/2026,INVEN - 1110,Normal,04/28/2026
,,,,,,,,,,,,,,,,,
,,,,,,,,,,,,,,,INVEN - 1111,Normal,04/28/2026
,,,,,,,,,,,,,,,,,
,,,,,,,,,,,,,,,INVEN - 1592,Normal,06/03/2026
,,,,,,,,,,,,,,,,,
,,,,,,,,,,,,,,,INVEN - 1593,Normal,06/03/2026
,,,,,,,,,,,,,,,,,
,,,,,,,,,,,,,,,,,
,,,,,,,,,,,,,,,,,
,,,,,,,,,230,Anulado,02/25/2026,,,,,,
,,,,,,,,,,,,,,,,,
,,,,,,,,,,,,,,,,,
12,Sol. de Gastos,01/05/2026,1 - 85,Confirmado,01/06/2026,4 - 1,Normal,01/06/2026,2,Orden de Compra,01/07/2026,1 - 2,Registrado,01/07/2026,INVEN - 1723,Normal,06/11/2026
,,,,,,,,,,,,,,,,,
,,,,,,,,,,,,,,,INVEN - 1724,Normal,06/11/2026
,,,,,,,,,,,,,,,,,
,,,,,,,,,,,,,,,INVEN - 2053,Normal,07/20/2026
,,,,,,,,,,,,,,,,,
,,,,,,,,,,,,,,,INVEN - 336,Normal,02/10/2026
,,,,,,,,,,,,,,,,,
,,,,,,,,,,,,,,,INVEN - 682,Normal,03/13/2026
,,,,,,,,,,,,,,,,,
,,,,,,,,,,,,,,,INVEN - 994,Normal,04/17/2026
,,,,,,,,,,,,,,,,,
,,,,,,,,,,,,,,,,,
,,,,,,,,,,,,,,,,,
,,,,,,,,,,,,,,,,,
13,Sol. de Gastos,01/05/2026,1 - 69,Confirmado,01/05/2026,18 - 1,Normal,01/08/2026,146,Orden de Compra,02/09/2026,1 - 200,Registrado,02/26/2026,,,
,,,,,,,,,,,,,,,,,
,,,,,,,,,,,,,,,,,
,,,,,,,,,,,,,,,,,
,,,,,,,,,147,Orden de Compra,02/09/2026,1 - 201,Registrado,02/26/2026,,,
,,,,,,,,,,,,,,,,,
,,,,,,,,,,,,,,,,,
,,,,,,,,,,,,,,,,,
,,,,,,,,,231,Orden de Compra,02/25/2026,1 - 202,Registrado,02/26/2026,,,
,,,,,,,,,,,,,,,,,
,,,,,,,,,,,,,,,,,
,,,,,,,,,,,,,,,,,
,,,,,,,,,,,,,,,,,
14,Sol. de Gastos,01/05/2026,1 - 93,Confirmado,01/07/2026,8 - 1,Normal,01/07/2026,27,Orden de Compra,01/16/2026,1 - 28,Registrado,01/16/2026,INVEN - 360,Normal,02/11/2026
,,,,,,,,,,,,,,,,,
,,,,,,,,,,,,,,,INVEN - 588,Normal,03/09/2026
,,,,,,,,,,,,,,,,,
,,,,,,,,,,,,,,,,,
,,,,,,,,,,,,,,,,,
,,,,,,,,,,,,,,,,,
15,Ped. Suministros,01/05/2026,1 - 119,Anulado,01/13/2026,24 - 1,Anulado,01/13/2026,,,,,,,,,
,,,,,,,,,,,,,,,,,
,,,,,,,,,,,,,,,,,
16,Sol. de Gastos,01/05/2026,1 - 118,Confirmado,01/13/2026,26 - 1,Normal,01/13/2026,118,Orden de Compra,02/04/2026,1 - 114,Registrado,02/04/2026,INVEN - 837,Normal,03/30/2026
,,,,,,,,,,,,,,,,,
,,,,,,,,,,,,,,,,,
,,,,,,,,,,,,,,,,,
,,,,,,,,,,,,,,,,,
17,Sol. de Gastos,01/05/2026,1 - 92,Confirmado,01/07/2026,10 - 1,Normal,01/07/2026,15,Anulado,01/14/2026,1 - 16,Anulado,01/15/2026,,,
,,,,,,,,,,,,,,,,,
,,,,,,,,,,,,1 - 14,Anulado,01/14/2026,,,
,,,,,,,,,,,,,,,,,
,,,,,,,,,,,,,,,,,
,,,,,,,,,,,,,,,,,
,,,,,,,,,17,Orden de Compra,01/15/2026,1 - 17,Registrado,01/15/2026,INVEN - 648,Normal,03/12/2026
,,,,,,,,,,,,,,,,,
,,,,,,,,,,,,,,,INVEN - 966,Normal,04/14/2026
,,,,,,,,,,,,,,,,,
,,,,,,,,,,,,,,,,,
,,,,,,,,,,,,,,,,,
,,,,,,,,,,,,,,,,,
18,Sol. de Gastos,01/05/2026,1 - 120,Confirmado,01/13/2026,25 - 1,Normal,01/13/2026,139,Orden de Compra,02/06/2026,1 - 123,Registrado,02/06/2026,INVEN - 1253,Normal,05/08/2026
,,,,,,,,,,,,,,,,,
,,,,,,,,,,,,,,,INVEN - 1736,Normal,06/11/2026
,,,,,,,,,,,,,,,,,
,,,,,,,,,,,,,,,INVEN - 2030,Normal,07/16/2026
,,,,,,,,,,,,,,,,,
,,,,,,,,,,,,,,,INVEN - 541,Normal,03/04/2026
,,,,,,,,,,,,,,,,,
,,,,,,,,,,,,,,,INVEN - 906,Normal,04/09/2026
,,,,,,,,,,,,,,,,,
,,,,,,,,,,,,,,,,,
,,,,,,,,,,,,,,,,,
,,,,,,,,,,,,,,,,,
19,Sol. de Gastos,01/05/2026,1 - 90,Confirmado,01/07/2026,11 - 1,Normal,01/07/2026,16,Orden de Compra,01/14/2026,1 - 15,Registrado,01/14/2026,INVEN - 399,Normal,02/24/2026
,,,,,,,,,,,,,,,,,
,,,,,,,,,,,,,,,INVEN - 411,Normal,02/24/2026
,,,,,,,,,,,,,,,,,
,,,,,,,,,,,,,,,,,
,,,,,,,,,,,,,,,,,
,,,,,,,,,,,,,,,,,
20,Sol. de Gastos,01/05/2026,1 - 98,Confirmado,01/07/2026,16 - 1,Normal,01/07/2026,9,Orden de Compra,01/12/2026,1 - 9,Registrado,01/12/2026,INVEN - 397,Normal,02/24/2026
,,,,,,,,,,,,,,,,,
,,,,,,,,,,,,,,,,,
,,,,,,,,,,,,,,,,,
,,,,,,,,,,,,,,,,,
21,Sol. de Gastos,01/05/2026,1 - 117,Confirmado,01/13/2026,32 - 1,Normal,01/13/2026,12,Orden de Compra,01/13/2026,1 - 12,Registrado,01/13/2026,INVEN - 1519,Normal,05/28/2026
,,,,,,,,,,,,,,,,,
,,,,,,,,,,,,,,,INVEN - 1520,Normal,05/28/2026
,,,,,,,,,,,,,,,,,
,,,,,,,,,,,,,,,INVEN - 2112,Normal,07/24/2026
,,,,,,,,,,,,,,,,,
,,,,,,,,,,,,,,,INVEN - 2113,Normal,07/24/2026
,,,,,,,,,,,,,,,,,
,,,,,,,,,,,,,,,INVEN - 523,Normal,03/03/2026
,,,,,,,,,,,,,,,,,
,,,,,,,,,,,,,,,INVEN - 748,Normal,03/19/2026
,,,,,,,,,,,,,,,,,
,,,,,,,,,,,,,,,,,
,,,,,,,,,,,,,,,,,
,,,,,,,,,,,,,,,,,
22,Sol. de Gastos,01/05/2026,1 - 116,Confirmado,01/13/2026,33 - 1,Normal,01/13/2026,56,Orden de Compra,01/23/2026,1 - 53,Registrado,01/23/2026,INVEN - 1288,Normal,05/13/2026
,,,,,,,,,,,,,,,,,
,,,,,,,,,,,,,,,INVEN - 1289,Normal,05/13/2026
,,,,,,,,,,,,,,,,,
,,,,,,,,,,,,,,,INVEN - 1524,Anulada,05/28/2026
,,,,,,,,,,,,,,,,,
,,,,,,,,,,,,,,,INVEN - 1869,Normal,06/30/2026
,,,,,,,,,,,,,,,,,
,,,,,,,,,,,,,,,INVEN - 1870,Normal,06/30/2026
,,,,,,,,,,,,,,,,,
,,,,,,,,,,,,,,,INVEN - 474,Normal,02/27/2026
,,,,,,,,,,,,,,,,,
,,,,,,,,,,,,,,,INVEN - 476,Normal,02/27/2026
,,,,,,,,,,,,,,,,,
,,,,,,,,,,,,,,,INVEN - 477,Normal,02/27/2026
,,,,,,,,,,,,,,,,,
,,,,,,,,,,,,,,,INVEN - 645,Anulada,03/12/2026
,,,,,,,,,,,,,,,,,
,,,,,,,,,,,,,,,INVEN - 646,Anulada,03/12/2026
,,,,,,,,,,,,,,,,,
,,,,,,,,,,,,,,,INVEN - 864,Normal,04/01/2026
,,,,,,,,,,,,,,,,,
,,,,,,,,,,,,,,,INVEN - 865,Normal,04/01/2026
,,,,,,,,,,,,,,,,,
,,,,,,,,,,,,,,,,,
,,,,,,,,,,,,,,,,,
,,,,,,,,,,,,,,,,,
23,Sol. de Gastos,01/05/2026,1 - 91,Confirmado,01/07/2026,9 - 1,Normal,01/07/2026,33,Orden de Compra,01/19/2026,1 - 35,Registrado,01/19/2026,INVEN - 1056,Normal,04/22/2026
,,,,,,,,,,,,,,,,,
,,,,,,,,,,,,,,,INVEN - 634,Normal,03/11/2026
,,,,,,,,,,,,,,,,,
,,,,,,,,,,,,,,,,,
,,,,,,,,,,,,,,,,,
,,,,,,,,,,,,,,,,,
24,Sol. de Gastos,01/05/2026,1 - 115,Confirmado,01/13/2026,31 - 1,Normal,01/13/2026,53,Orden de Compra,01/23/2026,1 - 51,Registrado,01/23/2026,,,
,,,,,,,,,,,,,,,,,
,,,,,,,,,,,,,,,,,
,,,,,,,,,,,,,,,,,
,,,,,,,,,,,,,,,,,
25,Sol. de Gastos,01/05/2026,1 - 114,Confirmado,01/13/2026,27 - 1,Normal,01/13/2026,21,Orden de Compra,01/16/2026,1 - 21,Registrado,01/16/2026,INVEN - 389,Normal,02/23/2026
,,,,,,,,,,,,,,,,,
,,,,,,,,,,,,,,,INVEN - 390,Normal,02/23/2026
,,,,,,,,,,,,,,,,,
,,,,,,,,,,,,,,,INVEN - 615,Normal,03/10/2026
,,,,,,,,,,,,,,,,,
,,,,,,,,,,,,,,,,,
,,,,,,,,,,,,,,,,,
,,,,,,,,,,,,,,,,,
26,Sol. de Gastos,01/05/2026,1 - 111,Confirmado,01/13/2026,28 - 1,Normal,01/13/2026,28,Anulado,01/16/2026,1 - 29,Anulado,01/16/2026,,,
,,,,,,,,,,,,,,,,,
,,,,,,,,,,,,,,,,,
,,,,,,,,,,,,,,,,,
,,,,,,,,,38,Orden de Compra,01/20/2026,1 - 39,Registrado,01/20/2026,INVEN - 391,Normal,02/23/2026
,,,,,,,,,,,,,,,,,
,,,,,,,,,,,,,,,INVEN - 392,Normal,02/23/2026
,,,,,,,,,,,,,,,,,
,,,,,,,,,,,,,,,INVEN - 611,Normal,03/10/2026
,,,,,,,,,,,,,,,,,
,,,,,,,,,,,,,,,,,
,,,,,,,,,,,,,,,,,
,,,,,,,,,,,,,,,,,
27,Sol. de Gastos,01/05/2026,1 - 110,Confirmado,01/13/2026,34 - 1,Normal,01/13/2026,22,Orden de Compra,01/16/2026,1 - 22,Registrado,01/16/2026,INVEN - 2116,Normal,07/24/2026
,,,,,,,,,,,,,,,,,
,,,,,,,,,,,,,,,INVEN - 434,Normal,02/25/2026
,,,,,,,,,,,,,,,,,
,,,,,,,,,,,,,,,INVEN - 749,Normal,03/19/2026
,,,,,,,,,,,,,,,,,
,,,,,,,,,,,,,,,,,
,,,,,,,,,,,,,,,,,
,,,,,,,,,,,,,,,,,
28,Sol. de Gastos,01/05/2026,1 - 109,Confirmado,01/13/2026,29 - 1,Normal,01/13/2026,29,Orden de Compra,01/19/2026,1 - 30,Registrado,01/19/2026,INVEN - 393,Normal,02/23/2026
,,,,,,,,,,,,,,,,,
,,,,,,,,,,,,,,,INVEN - 394,Normal,02/23/2026
,,,,,,,,,,,,,,,,,
,,,,,,,,,,,,,,,INVEN - 612,Normal,03/10/2026
,,,,,,,,,,,,,,,,,
,,,,,,,,,,,,,,,,,
,,,,,,,,,,,,,,,,,
,,,,,,,,,,,,,,,,,
29,Sol. de Gastos,01/05/2026,1 - 84,Confirmado,01/06/2026,3 - 1,Normal,01/06/2026,4,Orden de Compra,01/09/2026,1 - 4,Registrado,01/09/2026,INVEN - 1267,Normal,05/11/2026
,,,,,,,,,,,,,,,,,
,,,,,,,,,,,,,,,INVEN - 182,Normal,01/19/2026
,,,,,,,,,,,,,,,,,
,,,,,,,,,,,,,,,INVEN - 319,Normal,02/03/2026
,,,,,,,,,,,,,,,,,
,,,,,,,,,,,,,,,INVEN - 549,Normal,03/05/2026
,,,,,,,,,,,,,,,,,
,,,,,,,,,,,,,,,INVEN - 555,Normal,03/05/2026
,,,,,,,,,,,,,,,,,
,,,,,,,,,,,,,,,,,
,,,,,,,,,,,,,,,,,
,,,,,,,,,,,,,,,,,
30,Sol. de Gastos,01/05/2026,1 - 108,Confirmado,01/13/2026,30 - 1,Normal,01/13/2026,23,Orden de Compra,01/16/2026,1 - 23,Registrado,01/16/2026,INVEN - 2061,Normal,07/21/2026
,,,,,,,,,,,,,,,,,
,,,,,,,,,,,,,,,INVEN - 395,Normal,02/23/2026
,,,,,,,,,,,,,,,,,
,,,,,,,,,,,,,,,INVEN - 614,Normal,03/10/2026
,,,,,,,,,,,,,,,,,
,,,,,,,,,,,,,,,,,
,,,,,,,,,,,,,,,,,
,,,,,,,,,,,,,,,,,
31,Sol. de Gastos,01/05/2026,1 - 173,Confirmado,01/21/2026,73 - 1,Normal,01/22/2026,61,Orden de Compra,01/23/2026,1 - 59,Registrado,01/23/2026,INVEN - 1599,Normal,06/03/2026
,,,,,,,,,,,,,,,,,
,,,,,,,,,,,,,,,INVEN - 550,Normal,03/05/2026
,,,,,,,,,,,,,,,,,
,,,,,,,,,,,,,,,INVEN - 707,Normal,03/17/2026
,,,,,,,,,,,,,,,,,
,,,,,,,,,,,,,,,INVEN - 929,Normal,04/09/2026
,,,,,,,,,,,,,,,,,
,,,,,,,,,,,,,,,INVEN - 967,Normal,04/14/2026
,,,,,,,,,,,,,,,,,
,,,,,,,,,,,,,,,,,
,,,,,,,,,,,,,,,,,
,,,,,,,,,,,,,,,,,
32,Ped. Suministros,01/05/2026,,,,,,,,,,,,,,,
,,,,,,,,,,,,,,,,,
,,,,,,,,,,,,,,,,,
33,Sol. de Gastos,01/05/2026,1 - 83,Confirmado,01/05/2026,2 - 1,Normal,01/06/2026,129,Anulado,02/06/2026,,,,,,
,,,,,,,,,,,,,,,,,
,,,,,,,,,130,Orden de Compra,02/06/2026,1 - 255,Registrado,03/09/2026,INVEN - 1092,Normal,04/23/2026
,,,,,,,,,,,,,,,,,
,,,,,,,,,,,,,,,INVEN - 710,Normal,03/17/2026
,,,,,,,,,,,,,,,,,
,,,,,,,,,,,,,,,INVEN - 796,Normal,03/25/2026
,,,,,,,,,,,,,,,,,
,,,,,,,,,,,,,,,INVEN - 928,Normal,04/09/2026
,,,,,,,,,,,,,,,,,
,,,,,,,,,,,,,,,,,
,,,,,,,,,,,,,,,,,
,,,,,,,,,131,Orden de Compra,02/06/2026,1 - 270,Registrado,03/10/2026,INVEN - 1316,Normal,05/14/2026
,,,,,,,,,,,,,,,,,
,,,,,,,,,,,,,,,INVEN - 1318,Normal,05/14/2026
,,,,,,,,,,,,,,,,,
,,,,,,,,,,,,,,,INVEN - 1319,Normal,05/14/2026
,,,,,,,,,,,,,,,,,
,,,,,,,,,,,,,,,INVEN - 1323,Normal,05/14/2026
,,,,,,,,,,,,,,,,,
,,,,,,,,,,,,,,,INVEN - 1324,Normal,05/14/2026
,,,,,,,,,,,,,,,,,
,,,,,,,,,,,,,,,INVEN - 1325,Normal,05/14/2026
,,,,,,,,,,,,,,,,,
,,,,,,,,,,,,,,,INVEN - 1594,Normal,06/03/2026
,,,,,,,,,,,,,,,,,
,,,,,,,,,,,,,,,INVEN - 1674,Normal,06/09/2026
,,,,,,,,,,,,,,,,,
,,,,,,,,,,,,,,,INVEN - 2466,Normal,08/27/2026
,,,,,,,,,,,,,,,,,
,,,,,,,,,,,,,,,,,
,,,,,,,,,,,,,,,,,
,,,,,,,,,133,Orden de Compra,02/06/2026,1 - 240,Registrado,03/05/2026,INVEN - 1025,Normal,04/20/2026
,,,,,,,,,,,,,,,,,
,,,,,,,,,,,,,,,INVEN - 1043,Normal,04/21/2026
,,,,,,,,,,,,,,,,,
,,,,,,,,,,,,,,,INVEN - 1158,Normal,04/30/2026
,,,,,,,,,,,,,,,,,
,,,,,,,,,,,,,,,INVEN - 1159,Normal,04/30/2026
,,,,,,,,,,,,,,,,,
,,,,,,,,,,,,,,,INVEN - 1161,Normal,04/30/2026
,,,,,,,,,,,,,,,,,
,,,,,,,,,,,,,,,INVEN - 1163,Normal,04/30/2026
,,,,,,,,,,,,,,,,,
,,,,,,,,,,,,,,,INVEN - 1164,Normal,04/30/2026
,,,,,,,,,,,,,,,,,
,,,,,,,,,,,,,,,INVEN - 1165,Normal,05/04/2026
,,,,,,,,,,,,,,,,,
,,,,,,,,,,,,,,,INVEN - 1170,Normal,05/04/2026
,,,,,,,,,,,,,,,,,
,,,,,,,,,,,,,,,INVEN - 1222,Normal,05/06/2026
,,,,,,,,,,,,,,,,,
,,,,,,,,,,,,,,,INVEN - 1224,Normal,05/06/2026
,,,,,,,,,,,,,,,,,
,,,,,,,,,,,,,,,INVEN - 1226,Normal,05/06/2026
,,,,,,,,,,,,,,,,,
,,,,,,,,,,,,,,,INVEN - 1227,Normal,05/06/2026
,,,,,,,,,,,,,,,,,
,,,,,,,,,,,,,,,INVEN - 1290,Normal,05/13/2026
,,,,,,,,,,,,,,,,,
,,,,,,,,,,,,,,,INVEN - 1295,Normal,05/13/2026
,,,,,,,,,,,,,,,,,
,,,,,,,,,,,,,,,INVEN - 1362,Normal,05/18/2026
,,,,,,,,,,,,,,,,,
,,,,,,,,,,,,,,,INVEN - 1412,Normal,05/20/2026
,,,,,,,,,,,,,,,,,
,,,,,,,,,,,,,,,INVEN - 1467,Normal,05/21/2026
,,,,,,,,,,,,,,,,,
,,,,,,,,,,,,,,,INVEN - 1468,Normal,05/21/2026
,,,,,,,,,,,,,,,,,
,,,,,,,,,,,,,,,INVEN - 1552,Normal,05/29/2026
,,,,,,,,,,,,,,,,,
,,,,,,,,,,,,,,,INVEN - 1774,Normal,06/17/2026
,,,,,,,,,,,,,,,,,
,,,,,,,,,,,,,,,INVEN - 1876,Normal,06/30/2026
,,,,,,,,,,,,,,,,,
,,,,,,,,,,,,,,,INVEN - 1877,Normal,06/30/2026
,,,,,,,,,,,,,,,,,
,,,,,,,,,,,,,,,INVEN - 1878,Normal,06/30/2026
,,,,,,,,,,,,,,,,,
,,,,,,,,,,,,,,,INVEN - 1879,Normal,06/30/2026
,,,,,,,,,,,,,,,,,
,,,,,,,,,,,,,,,INVEN - 1880,Normal,06/30/2026
,,,,,,,,,,,,,,,,,
,,,,,,,,,,,,,,,INVEN - 2038,Normal,07/17/2026
,,,,,,,,,,,,,,,,,
,,,,,,,,,,,,,,,INVEN - 2039,Normal,07/17/2026
,,,,,,,,,,,,,,,,,
,,,,,,,,,,,,,,,INVEN - 2040,Normal,07/17/2026
,,,,,,,,,,,,,,,,,
,,,,,,,,,,,,,,,INVEN - 2041,Normal,07/17/2026
,,,,,,,,,,,,,,,,,
,,,,,,,,,,,,,,,INVEN - 2042,Normal,07/17/2026
,,,,,,,,,,,,,,,,,
,,,,,,,,,,,,,,,INVEN - 2169,Normal,07/31/2026
,,,,,,,,,,,,,,,,,
,,,,,,,,,,,,,,,INVEN - 2170,Normal,07/31/2026
,,,,,,,,,,,,,,,,,
,,,,,,,,,,,,,,,INVEN - 2171,Normal,07/31/2026
,,,,,,,,,,,,,,,,,
,,,,,,,,,,,,,,,INVEN - 2302,Normal,08/12/2026
,,,,,,,,,,,,,,,,,
,,,,,,,,,,,,,,,INVEN - 2305,Normal,08/12/2026
,,,,,,,,,,,,,,,,,
,,,,,,,,,,,,,,,INVEN - 2310,Normal,08/12/2026
,,,,,,,,,,,,,,,,,
,,,,,,,,,,,,,,,INVEN - 2312,Normal,08/12/2026
,,,,,,,,,,,,,,,,,
,,,,,,,,,,,,,,,INVEN - 2314,Normal,08/12/2026
,,,,,,,,,,,,,,,,,
,,,,,,,,,,,,,,,INVEN - 2453,Normal,08/27/2026
,,,,,,,,,,,,,,,,,
,,,,,,,,,,,,,,,INVEN - 2458,Normal,08/27/2026
,,,,,,,,,,,,,,,,,
,,,,,,,,,,,,,,,INVEN - 769,Normal,03/19/2026
,,,,,,,,,,,,,,,,,
,,,,,,,,,,,,,,,INVEN - 773,Normal,03/20/2026
,,,,,,,,,,,,,,,,,
,,,,,,,,,,,,,,,INVEN - 778,Normal,03/20/2026
,,,,,,,,,,,,,,,,,
,,,,,,,,,,,,,,,INVEN - 779,Normal,03/20/2026
,,,,,,,,,,,,,,,,,
,,,,,,,,,,,,,,,INVEN - 824,Normal,03/27/2026
,,,,,,,,,,,,,,,,,
,,,,,,,,,,,,,,,INVEN - 825,Normal,03/27/2026
,,,,,,,,,,,,,,,,,
,,,,,,,,,,,,,,,INVEN - 826,Normal,03/27/2026
,,,,,,,,,,,,,,,,,
,,,,,,,,,,,,,,,INVEN - 827,Normal,03/27/2026
,,,,,,,,,,,,,,,,,
,,,,,,,,,,,,,,,INVEN - 840,Normal,03/30/2026
,,,,,,,,,,,,,,,,,
,,,,,,,,,,,,,,,INVEN - 844,Normal,03/30/2026
,,,,,,,,,,,,,,,,,
,,,,,,,,,,,,,,,INVEN - 845,Normal,03/30/2026
,,,,,,,,,,,,,,,,,
,,,,,,,,,,,,,,,INVEN - 849,Normal,03/30/2026
,,,,,,,,,,,,,,,,,
,,,,,,,,,,,,,,,INVEN - 852,Normal,03/30/2026
,,,,,,,,,,,,,,,,,
,,,,,,,,,,,,,,,INVEN - 904,Normal,04/09/2026
,,,,,,,,,,,,,,,,,
,,,,,,,,,,,,,,,INVEN - 905,Normal,04/09/2026
,,,,,,,,,,,,,,,,,
,,,,,,,,,,,,,,,,,
,,,,,,,,,,,,,,,,,
,,,,,,,,,134,Orden de Compra,02/06/2026,1 - 245,Registrado,03/05/2026,INVEN - 2017,Normal,07/15/2026
,,,,,,,,,,,,,,,,,
,,,,,,,,,,,,,,,INVEN - 712,Normal,03/17/2026
,,,,,,,,,,,,,,,,,
,,,,,,,,,,,,,,,INVEN - 891,Normal,04/07/2026
,,,,,,,,,,,,,,,,,
,,,,,,,,,,,,,,,,,
,,,,,,,,,,,,,,,,,
,,,,,,,,,135,Orden de Compra,02/06/2026,1 - 313,Registrado,03/12/2026,INVEN - 1376,Normal,05/19/2026
,,,,,,,,,,,,,,,,,
,,,,,,,,,,,,,,,INVEN - 1378,Normal,05/19/2026
,,,,,,,,,,,,,,,,,
,,,,,,,,,,,,,,,INVEN - 1379,Normal,05/19/2026
,,,,,,,,,,,,,,,,,
,,,,,,,,,,,,,,,INVEN - 1380,Normal,05/19/2026
,,,,,,,,,,,,,,,,,
,,,,,,,,,,,,,,,INVEN - 1381,Normal,05/19/2026
,,,,,,,,,,,,,,,,,
,,,,,,,,,,,,,,,INVEN - 1717,Normal,06/11/2026
,,,,,,,,,,,,,,,,,
,,,,,,,,,,,,,,,,,
,,,,,,,,,,,,,,,,,
,,,,,,,,,136,Orden de Compra,02/06/2026,1 - 256,Registrado,03/09/2026,INVEN - 1204,Normal,05/05/2026
,,,,,,,,,,,,,,,,,
,,,,,,,,,,,,,,,,,
,,,,,,,,,,,,,,,,,
,,,,,,,,,137,Orden de Compra,02/06/2026,1 - 269,Registrado,03/10/2026,INVEN - 1279,Normal,05/12/2026
,,,,,,,,,,,,,,,,,
,,,,,,,,,,,,,,,,,
,,,,,,,,,,,,,,,,,
,,,,,,,,,,,,,,,,,
34,Ped. Suministros,01/05/2026,,,,,,,,,,,,,,,
,,,,,,,,,,,,,,,,,
,,,,,,,,,,,,,,,,,
35,Sol. de Gastos,01/05/2026,1 - 134,Confirmado,01/15/2026,50 - 1,Normal,01/16/2026,81,Orden de Compra,02/02/2026,1 - 79,Registrado,02/02/2026,INVEN - 1146,Normal,04/29/2026
,,,,,,,,,,,,,,,,,
,,,,,,,,,,,,,,,INVEN - 1281,Normal,05/12/2026
,,,,,,,,,,,,,,,,,
,,,,,,,,,,,,,,,INVEN - 1643,Normal,06/05/2026
,,,,,,,,,,,,,,,,,
,,,,,,,,,,,,,,,INVEN - 1933,Normal,07/06/2026
,,,,,,,,,,,,,,,,,
,,,,,,,,,,,,,,,INVEN - 2243,Normal,08/07/2026
,,,,,,,,,,,,,,,,,
,,,,,,,,,,,,,,,INVEN - 362,Anulada,02/11/2026
,,,,,,,,,,,,,,,,,
,,,,,,,,,,,,,,,INVEN - 518,Normal,03/02/2026
,,,,,,,,,,,,,,,,,
,,,,,,,,,,,,,,,,,
,,,,,,,,,,,,,,,,,
,,,,,,,,,,,,,,,,,
36,Sol. de Gastos,01/05/2026,1 - 135,Confirmado,01/15/2026,42 - 1,Normal,01/16/2026,30,Anulado,01/19/2026,1 - 31,Anulado,01/19/2026,,,
,,,,,,,,,,,,,,,,,
,,,,,,,,,,,,,,,,,
,,,,,,,,,,,,,,,,,
,,,,,,,,,82,Orden de Compra,02/02/2026,1 - 80,Registrado,02/02/2026,INVEN - 1612,Normal,06/04/2026
,,,,,,,,,,,,,,,,,
,,,,,,,,,,,,,,,INVEN - 1649,Normal,06/05/2026
,,,,,,,,,,,,,,,,,
,,,,,,,,,,,,,,,INVEN - 2125,Normal,07/24/2026
,,,,,,,,,,,,,,,,,
,,,,,,,,,,,,,,,INVEN - 386,Normal,02/23/2026
,,,,,,,,,,,,,,,,,
,,,,,,,,,,,,,,,INVEN - 685,Normal,03/13/2026
,,,,,,,,,,,,,,,,,
,,,,,,,,,,,,,,,INVEN - 984,Normal,04/17/2026
,,,,,,,,,,,,,,,,,
,,,,,,,,,,,,,,,,,
,,,,,,,,,,,,,,,,,
,,,,,,,,,,,,,,,,,
37,Sol. de Gastos,01/05/2026,1 - 137,Confirmado,01/15/2026,45 - 1,Normal,01/16/2026,35,Orden de Compra,01/19/2026,1 - 36,Registrado,01/19/2026,INVEN - 1168,Normal,05/04/2026
,,,,,,,,,,,,,,,,,
,,,,,,,,,,,,,,,INVEN - 1276,Normal,05/12/2026
,,,,,,,,,,,,,,,,,
,,,,,,,,,,,,,,,INVEN - 1706,Normal,06/10/2026
,,,,,,,,,,,,,,,,,
,,,,,,,,,,,,,,,INVEN - 2007,Normal,07/15/2026
,,,,,,,,,,,,,,,,,
,,,,,,,,,,,,,,,INVEN - 373,Normal,02/13/2026
,,,,,,,,,,,,,,,,,
,,,,,,,,,,,,,,,INVEN - 637,Normal,03/11/2026
,,,,,,,,,,,,,,,,,
,,,,,,,,,,,,,,,,,
,,,,,,,,,,,,,,,,,
,,,,,,,,,,,,,,,,,
38,Sol. de Gastos,01/05/2026,1 - 133,Confirmado,01/15/2026,41 - 1,Normal,01/15/2026,26,Orden de Compra,01/16/2026,1 - 26,Registrado,01/16/2026,INVEN - 1722,Normal,06/11/2026
,,,,,,,,,,,,,,,,,
,,,,,,,,,,,,,,,INVEN - 346,Normal,02/10/2026
,,,,,,,,,,,,,,,,,
,,,,,,,,,,,,,,,INVEN - 679,Normal,03/13/2026
,,,,,,,,,,,,,,,,,
,,,,,,,,,,,,,,,INVEN - 985,Normal,04/17/2026
,,,,,,,,,,,,,,,,,
,,,,,,,,,,,,,,,,,
,,,,,,,,,,,,,,,,,
,,,,,,,,,,,,,,,,,
39,Sol. de Gastos,01/05/2026,1 - 136,Confirmado,01/15/2026,46 - 1,Normal,01/16/2026,31,Anulado,01/19/2026,1 - 32,Anulado,01/19/2026,,,
,,,,,,,,,,,,,,,,,
,,,,,,,,,,,,,,,,,
,,,,,,,,,,,,,,,,,
,,,,,,,,,32,Orden de Compra,01/19/2026,1 - 33,Registrado,01/19/2026,,,
,,,,,,,,,,,,,,,,,
,,,,,,,,,,,,,,,,,
,,,,,,,,,,,,,,,,,
,,,,,,,,,,,,,,,,,
40,Ped. Suministros,01/06/2026,1 - 353,Anulado,02/10/2026,160 - 1,Anulado,02/11/2026,,,,,,,,,
,,,,,,,,,,,,,,,,,
,,,,,,,,,,,,,,,,,
41,Sol. de Gastos,01/06/2026,1 - 172,Confirmado,01/21/2026,98 - 1,Normal,01/22/2026,138,Anulado,02/06/2026,,,,,,
,,,,,,,,,,,,,,,,,
,,,,,,,,,141,Orden de Compra,02/06/2026,1 - 125,Registrado,02/06/2026,INVEN - 1157,Normal,04/30/2026
,,,,,,,,,,,,,,,,,
,,,,,,,,,,,,,,,,,
,,,,,,,,,,,,,,,,,
,,,,,,,,,142,Orden de Compra,02/06/2026,1 - 126,Registrado,02/06/2026,INVEN - 894,Normal,04/07/2026
,,,,,,,,,,,,,,,,,
,,,,,,,,,,,,,,,,,
,,,,,,,,,,,,,,,,,
,,,,,,,,,,,,,,,,,
42,Sol. de Gastos,01/06/2026,1 - 175,Confirmado,01/21/2026,60 - 1,Normal,01/21/2026,195,Orden de Compra,02/12/2026,1 - 163,Registrado,02/12/2026,,,
,,,,,,,,,,,,,,,,,
,,,,,,,,,,,,,,,,,
,,,,,,,,,,,,,,,,,
,,,,,,,,,,,,,,,,,
43,Sol. de Gastos,01/06/2026,1 - 154,Confirmado,01/16/2026,57 - 1,Normal,01/16/2026,67,Orden de Compra,01/26/2026,1 - 66,Registrado,01/26/2026,INVEN - 583,Normal,03/09/2026
,,,,,,,,,,,,,,,,,
,,,,,,,,,,,,,,,,,
,,,,,,,,,,,,,,,,,
,,,,,,,,,,,,,,,,,
44,Ped. Suministros,01/06/2026,,,,,,,,,,,,,,,
,,,,,,,,,,,,,,,,,
,,,,,,,,,,,,,,,,,
45,Sol. de Gastos,01/06/2026,1 - 101,Confirmado,01/08/2026,20 - 1,Normal,01/08/2026,18,Orden de Compra,01/15/2026,1 - 18,Registrado,01/15/2026,INVEN - 160,Normal,01/16/2026
,,,,,,,,,,,,,,,,,
,,,,,,,,,,,,,,,,,
,,,,,,,,,,,,,,,,,
,,,,,,,,,,,,,,,,,
46,Sol. de Gastos,01/06/2026,1 - 171,Confirmado,01/21/2026,94 - 1,Normal,01/22/2026,213,Orden de Compra,02/20/2026,1 - 180,Registrado,02/20/2026,INVEN - 1474,Normal,05/22/2026
,,,,,,,,,,,,,,,,,
,,,,,,,,,,,,,,,INVEN - 1851,Normal,06/29/2026
,,,,,,,,,,,,,,,,,
,,,,,,,,,,,,,,,INVEN - 1931,Normal,07/06/2026
,,,,,,,,,,,,,,,,,
,,,,,,,,,,,,,,,INVEN - 2262,Normal,08/07/2026
,,,,,,,,,,,,,,,,,
,,,,,,,,,,,,,,,,,
,,,,,,,,,,,,,,,,,
,,,,,,,,,,,,,,,,,
47,Sol. de Gastos,01/06/2026,1 - 192,Confirmado,01/21/2026,66 - 1,Normal,01/22/2026,,,,,,,,,
,,,,,,,,,,,,,,,,,
,,,,,,66 - 2,Normal,01/27/2026,110,Orden de Compra,02/04/2026,1 - 211,Registrado,02/26/2026,INVEN - 1506,Normal,05/26/2026
,,,,,,,,,,,,,,,,,
,,,,,,,,,,,,,,,,,
,,,,,,,,,,,,,,,,,
,,,,,,,,,,,,,,,,,
48,Sol. de Gastos,01/06/2026,1 - 170,Confirmado,01/21/2026,87 - 1,Normal,01/22/2026,168,Orden de Compra,02/10/2026,1 - 190,Registrado,02/24/2026,INVEN - 647,Normal,03/12/2026
,,,,,,,,,,,,,,,,,
,,,,,,,,,,,,,,,,,
,,,,,,,,,,,,,,,,,
,,,,,,,,,169,Orden de Compra,02/10/2026,1 - 191,Registrado,02/24/2026,INVEN - 644,Normal,03/12/2026
,,,,,,,,,,,,,,,,,
,,,,,,,,,,,,,,,,,
,,,,,,,,,,,,,,,,,
,,,,,,,,,170,Orden de Compra,02/10/2026,1 - 192,Registrado,02/24/2026,INVEN - 1752,Normal,06/12/2026
,,,,,,,,,,,,,,,,,
,,,,,,,,,,,,,,,INVEN - 1753,Normal,06/12/2026
,,,,,,,,,,,,,,,,,
,,,,,,,,,,,,,,,,,
,,,,,,,,,,,,,,,,,
,,,,,,,,,,,,,,,,,
49,Sol. de Gastos,01/06/2026,1 - 103,Confirmado,01/09/2026,22 - 1,Normal,01/09/2026,6,Anulado,01/09/2026,1 - 6,Anulado,01/09/2026,,,
,,,,,,,,,,,,,,,,,
,,,,,,,,,,,,,,,,,
,,,,,,,,,,,,,,,,,
,,,,,,,,,41,Orden de Compra,01/21/2026,1 - 41,Registrado,01/21/2026,INVEN - 308,Normal,02/02/2026
,,,,,,,,,,,,,,,,,
,,,,,,,,,,,,,,,INVEN - 528,Normal,03/03/2026
,,,,,,,,,,,,,,,,,
,,,,,,,,,,,,,,,,,
,,,,,,,,,,,,,,,,,
,,,,,,,,,,,,,,,,,
50,Sol. de Gastos,01/06/2026,1 - 196,Confirmado,01/21/2026,97 - 1,Normal,01/22/2026,88,Orden de Compra,02/03/2026,1 - 86,Registrado,02/03/2026,INVEN - 598,Normal,03/09/2026
,,,,,,,,,,,,,,,,,
,,,,,,,,,,,,,,,,,
,,,,,,,,,,,,,,,,,
,,,,,,,,,89,Orden de Compra,02/03/2026,1 - 87,Registrado,02/03/2026,INVEN - 1293,Normal,05/13/2026
,,,,,,,,,,,,,,,,,
,,,,,,,,,,,,,,,INVEN - 1294,Normal,05/13/2026
,,,,,,,,,,,,,,,,,
,,,,,,,,,,,,,,,INVEN - 2263,Normal,08/10/2026
,,,,,,,,,,,,,,,,,
,,,,,,,,,,,,,,,INVEN - 2334,Normal,08/13/2026
,,,,,,,,,,,,,,,,,
,,,,,,,,,,,,,,,,,
,,,,,,,,,,,,,,,,,
,,,,,,,,,,,,,,,,,
51,Sol. de Gastos,01/06/2026,1 - 102,Confirmado,01/09/2026,21 - 1,Normal,01/09/2026,13,Orden de Compra,01/14/2026,1 - 13,Registrado,01/14/2026,INVEN - 1825,Normal,06/25/2026
,,,,,,,,,,,,,,,,,
,,,,,,,,,,,,,,,INVEN - 961,Normal,04/13/2026
,,,,,,,,,,,,,,,,,
,,,,,,,,,,,,,,,,,
,,,,,,,,,,,,,,,,,
,,,,,,,,,,,,,,,,,
52,Sol. de Gastos,01/06/2026,1 - 197,Confirmado,01/21/2026,67 - 1,Normal,01/22/2026,208,Orden de Compra,02/18/2026,1 - 175,Registrado,02/18/2026,INVEN - 1048,Normal,04/22/2026
,,,,,,,,,,,,,,,,,
,,,,,,,,,,,,,,,,,
,,,,,,,,,,,,,,,,,
,,,,,,,,,,,,,,,,,
53,Sol. de Gastos,01/06/2026,1 - 191,Confirmado,01/21/2026,99 - 1,Normal,01/22/2026,106,Orden de Compra,02/04/2026,1 - 104,Registrado,02/04/2026,INVEN - 803,Normal,03/26/2026
,,,,,,,,,,,,,,,,,
,,,,,,,,,,,,,,,,,
,,,,,,,,,,,,,,,,,
,,,,,,,,,,,,,,,,,
54,Sol. de Gastos,01/06/2026,1 - 222,Confirmado,01/22/2026,93 - 1,Normal,01/22/2026,58,Orden de Compra,01/23/2026,1 - 56,Registrado,01/23/2026,INVEN - 453,Normal,02/26/2026
,,,,,,,,,,,,,,,,,
,,,,,,,,,,,,,,,,,
,,,,,,,,,,,,,,,,,
,,,,,,,,,,,,,,,,,
55,Sol. de Gastos,01/06/2026,1 - 198,Confirmado,01/21/2026,107 - 1,Normal,01/23/2026,,,,,,,,,
,,,,,,,,,,,,,,,,,
,,,,,,107 - 2,Normal,02/04/2026,188,Orden de Compra,02/12/2026,1 - 357,Registrado,03/18/2026,INVEN - 1960,Normal,07/08/2026
,,,,,,,,,,,,,,,,,
,,,,,,,,,,,,,,,INVEN - 2245,Normal,08/07/2026
,,,,,,,,,,,,,,,,,
,,,,,,,,,,,,1 - 158,Anulado,02/12/2026,,,
,,,,,,,,,,,,,,,,,
,,,,,,,,,,,,,,,,,
,,,,,,,,,,,,,,,,,
,,,,,,,,,,,,,,,,,
56,Sol. de Gastos,01/06/2026,1 - 437,Confirmado,02/23/2026,189 - 1,Normal,02/23/2026,232,Orden de Compra,02/26/2026,1 - 225,Registrado,03/02/2026,INVEN - 1903,Normal,07/02/2026
,,,,,,,,,,,,,,,,,
,,,,,,,,,,,,1 - 203,Anulado,02/26/2026,,,
,,,,,,,,,,,,,,,,,
,,,,,,,,,,,,,,,,,
,,,,,,,,,,,,,,,,,
,,,,,,,,,233,Orden de Compra,02/26/2026,1 - 226,Registrado,03/02/2026,INVEN - 1114,Normal,04/28/2026
,,,,,,,,,,,,,,,,,
,,,,,,,,,,,,,,,INVEN - 1347,Normal,05/15/2026
,,,,,,,,,,,,,,,,,
,,,,,,,,,,,,,,,INVEN - 1651,Normal,06/05/2026
,,,,,,,,,,,,,,,,,
,,,,,,,,,,,,,,,INVEN - 802,Normal,03/26/2026
,,,,,,,,,,,,,,,,,
,,,,,,,,,,,,1 - 204,Anulado,02/26/2026,,,
,,,,,,,,,,,,,,,,,
,,,,,,,,,,,,,,,,,
,,,,,,,,,,,,,,,,,
,,,,,,,,,234,Orden de Compra,02/26/2026,1 - 227,Registrado,03/02/2026,INVEN - 1124,Normal,04/28/2026
,,,,,,,,,,,,,,,,,
,,,,,,,,,,,,,,,INVEN - 1125,Normal,04/28/2026
,,,,,,,,,,,,,,,,,
,,,,,,,,,,,,,,,INVEN - 2016,Normal,07/15/2026
,,,,,,,,,,,,,,,,,
,,,,,,,,,,,,,,,INVEN - 2018,Normal,07/15/2026
,,,,,,,,,,,,,,,,,
,,,,,,,,,,,,1 - 205,Anulado,02/26/2026,,,
,,,,,,,,,,,,,,,,,
,,,,,,,,,,,,,,,,,
,,,,,,,,,,,,,,,,,
,,,,,,,,,,,,,,,,,
57,Sol. de Gastos,01/06/2026,1 - 438,Confirmado,02/23/2026,187 - 1,Normal,02/23/2026,235,Orden de Compra,02/26/2026,1 - 206,Registrado,02/26/2026,INVEN - 1120,Normal,04/28/2026
,,,,,,,,,,,,,,,,,
,,,,,,,,,,,,,,,INVEN - 1250,Normal,05/08/2026
,,,,,,,,,,,,,,,,,
,,,,,,,,,,,,,,,INVEN - 1500,Normal,05/26/2026
,,,,,,,,,,,,,,,,,
,,,,,,,,,,,,,,,INVEN - 1678,Normal,06/09/2026
,,,,,,,,,,,,,,,,,
,,,,,,,,,,,,,,,INVEN - 1923,Normal,07/06/2026
,,,,,,,,,,,,,,,,,
,,,,,,,,,,,,,,,INVEN - 944,Normal,04/10/2026
,,,,,,,,,,,,,,,,,
,,,,,,,,,,,,,,,,,
,,,,,,,,,,,,,,,,,
,,,,,,,,,,,,,,,,,
58,Sol. de Gastos,01/06/2026,1 - 169,Confirmado,01/21/2026,79 - 1,Normal,01/22/2026,57,Orden de Compra,01/23/2026,1 - 55,Registrado,01/23/2026,INVEN - 314,Normal,02/03/2026
,,,,,,,,,,,,,,,,,
,,,,,,,,,,,,,,,,,
,,,,,,,,,,,,,,,,,
,,,,,,,,,,,,,,,,,
59,Sol. de Gastos,01/06/2026,1 - 245,Confirmado,01/26/2026,117 - 1,Normal,01/27/2026,121,Orden de Compra,02/04/2026,1 - 115,Registrado,02/04/2026,INVEN - 507,Normal,02/27/2026
,,,,,,,,,,,,,,,,,
,,,,,,,,,,,,,,,,,
,,,,,,,,,,,,,,,,,
,,,,,,,,,122,Orden de Compra,02/04/2026,1 - 116,Registrado,02/04/2026,INVEN - 1497,Normal,05/26/2026
,,,,,,,,,,,,,,,,,
,,,,,,,,,,,,,,,INVEN - 627,Normal,03/10/2026
,,,,,,,,,,,,,,,,,
,,,,,,,,,,,,,,,,,
,,,,,,,,,,,,,,,,,
,,,,,,,,,123,Orden de Compra,02/04/2026,1 - 117,Registrado,02/04/2026,INVEN - 640,Normal,03/11/2026
,,,,,,,,,,,,,,,,,
,,,,,,,,,,,,,,,,,
,,,,,,,,,,,,,,,,,
,,,,,,,,,,,,,,,,,
60,Sol. de Gastos,01/06/2026,1 - 168,Confirmado,01/21/2026,105 - 1,Normal,01/23/2026,,,,,,,,,
,,,,,,,,,,,,,,,,,
,,,,,,105 - 2,Normal,03/04/2026,366,Orden de Compra,03/17/2026,1 - 346,Registrado,03/17/2026,INVEN - 1061,Normal,04/22/2026
,,,,,,,,,,,,,,,,,
,,,,,,,,,,,,,,,,,
,,,,,,,,,,,,,,,,,
,,,,,,,,,,,,,,,,,
61,Ped. Suministros,01/06/2026,,,,,,,,,,,,,,,
,,,,,,,,,,,,,,,,,
,,,,,,,,,,,,,,,,,
62,Sol. de Gastos,01/06/2026,1 - 451,Confirmado,02/23/2026,192 - 1,Normal,02/24/2026,258,Orden de Compra,03/03/2026,1 - 234,Registrado,03/03/2026,INVEN - 942,Normal,04/10/2026
,,,,,,,,,,,,,,,,,
,,,,,,,,,,,,,,,,,
,,,,,,,,,,,,,,,,,
,,,,,,,,,259,Orden de Compra,03/03/2026,1 - 235,Registrado,03/03/2026,INVEN - 652,Normal,03/12/2026
,,,,,,,,,,,,,,,,,
,,,,,,,,,,,,,,,,,
,,,,,,,,,,,,,,,,,
,,,,,,,,,,,,,,,,,
63,Sol. de Gastos,01/06/2026,1 - 167,Confirmado,01/21/2026,78 - 1,Normal,01/22/2026,204,Orden de Compra,02/18/2026,1 - 171,Registrado,02/18/2026,INVEN - 496,Normal,02/27/2026
,,,,,,,,,,,,,,,,,
,,,,,,,,,,,,,,,,,
,,,,,,,,,,,,,,,,,
,,,,,,,,,,,,,,,,,
64,Sol. de Gastos,01/07/2026,1 - 176,Confirmado,01/21/2026,74 - 1,Normal,01/22/2026,,,,,,,,,
,,,,,,,,,,,,,,,,,
,,,,,,74 - 2,Normal,01/28/2026,117,Orden de Compra,02/04/2026,1 - 210,Registrado,02/26/2026,INVEN - 1939,Normal,07/06/2026
,,,,,,,,,,,,,,,,,
,,,,,,,,,,,,1 - 113,Anulado,02/04/2026,,,
,,,,,,,,,,,,,,,,,
,,,,,,,,,,,,,,,,,
,,,,,,,,,,,,,,,,,
,,,,,,,,,,,,,,,,,
65,Sol. de Gastos,01/07/2026,1 - 177,Confirmado,01/21/2026,71 - 1,Normal,01/22/2026,90,Orden de Compra,02/03/2026,1 - 89,Registrado,02/03/2026,INVEN - 1322,Normal,05/14/2026
,,,,,,,,,,,,,,,,,
,,,,,,,,,,,,,,,,,
,,,,,,,,,,,,,,,,,
,,,,,,,,,,,,,,,,,
66,Sol. de Gastos,01/07/2026,1 - 291,Confirmado,02/03/2026,131 - 1,Normal,02/04/2026,167,Orden de Compra,02/09/2026,1 - 135,Registrado,02/09/2026,INVEN - 728,Normal,03/18/2026
,,,,,,,,,,,,,,,,,
,,,,,,,,,,,,,,,,,
,,,,,,,,,,,,,,,,,
,,,,,,,,,,,,,,,,,
67,Sol. de Gastos,01/07/2026,1 - 292,Confirmado,02/03/2026,130 - 1,Normal,02/04/2026,509,Orden de Compra,04/01/2026,1 - 477,Registrado,04/06/2026,INVEN - 1437,Normal,05/20/2026
,,,,,,,,,,,,,,,,,
,,,,,,,,,,,,1 - 464,Anulado,04/01/2026,,,
,,,,,,,,,,,,,,,,,
,,,,,,,,,,,,,,,,,
,,,,,,,,,,,,,,,,,
,,,,,,,,,510,Anulado,04/01/2026,1 - 465,Anulado,04/01/2026,,,
,,,,,,,,,,,,,,,,,
,,,,,,,,,,,,,,,,,
,,,,,,,,,,,,,,,,,
,,,,,,,,,,,,,,,,,
68,Sol. de Gastos,01/07/2026,1 - 293,Confirmado,02/03/2026,129 - 1,Normal,02/04/2026,203,Orden de Compra,02/13/2026,1 - 170,Registrado,02/13/2026,INVEN - 451,Normal,02/26/2026
,,,,,,,,,,,,,,,,,
,,,,,,,,,,,,,,,INVEN - 780,Normal,03/20/2026
,,,,,,,,,,,,,,,,,
,,,,,,,,,,,,,,,,,
,,,,,,,,,,,,,,,,,
,,,,,,,,,,,,,,,,,
69,Sol. de Gastos,01/07/2026,1 - 200,Confirmado,01/21/2026,88 - 1,Normal,01/22/2026,91,Orden de Compra,02/03/2026,1 - 90,Registrado,02/03/2026,INVEN - 631,Normal,03/11/2026
,,,,,,,,,,,,,,,,,
,,,,,,,,,,,,,,,,,
,,,,,,,,,,,,,,,,,
,,,,,,,,,92,Orden de Compra,02/03/2026,1 - 91,Registrado,02/03/2026,INVEN - 1040,Normal,04/21/2026
,,,,,,,,,,,,,,,,,
,,,,,,,,,,,,,,,,,
,,,,,,,,,,,,,,,,,
,,,,,,,,,,,,,,,,,
70,Sol. de Gastos,01/07/2026,1 - 194,Confirmado,01/21/2026,81 - 1,Normal,01/22/2026,125,Orden de Compra,02/05/2026,1 - 119,Registrado,02/05/2026,INVEN - 979,Normal,04/15/2026
,,,,,,,,,,,,,,,,,
,,,,,,,,,,,,,,,,,
,,,,,,,,,,,,,,,,,
,,,,,,,,,,,,,,,,,
71,Ped. Suministros,01/07/2026,,,,,,,,,,,,,,,
,,,,,,,,,,,,,,,,,
,,,,,,,,,,,,,,,,,
72,Sol. de Gastos,01/07/2026,1 - 190,Confirmado,01/21/2026,89 - 1,Normal,01/22/2026,93,Orden de Compra,02/03/2026,1 - 92,Registrado,02/03/2026,INVEN - 897,Normal,04/07/2026
,,,,,,,,,,,,,,,,,
,,,,,,,,,,,,,,,,,
,,,,,,,,,,,,,,,,,
,,,,,,,,,94,Orden de Compra,02/03/2026,1 - 93,Registrado,02/03/2026,INVEN - 1291,Normal,05/13/2026
,,,,,,,,,,,,,,,,,
,,,,,,,,,,,,,,,,,
,,,,,,,,,,,,,,,,,
,,,,,,,,,95,Orden de Compra,02/03/2026,1 - 94,Registrado,02/03/2026,INVEN - 635,Normal,03/11/2026
,,,,,,,,,,,,,,,,,
,,,,,,,,,,,,,,,,,
,,,,,,,,,,,,,,,,,
,,,,,,,,,96,Orden de Compra,02/03/2026,1 - 95,Registrado,02/03/2026,INVEN - 789,Normal,03/20/2026
,,,,,,,,,,,,,,,,,
,,,,,,,,,,,,,,,,,
,,,,,,,,,,,,,,,,,
,,,,,,,,,,,,,,,,,
73,Sol. de Gastos,01/07/2026,1 - 99,Confirmado,01/08/2026,19 - 1,Normal,01/08/2026,20,Orden de Compra,01/16/2026,1 - 20,Registrado,01/16/2026,INVEN - 359,Normal,02/11/2026
,,,,,,,,,,,,,,,,,
,,,,,,,,,,,,,,,,,
,,,,,,,,,,,,,,,,,
,,,,,,,,,,,,,,,,,
74,Sol. de Gastos,01/07/2026,1 - 165,Confirmado,01/21/2026,76 - 1,Normal,01/22/2026,626,Orden de Compra,04/21/2026,1 - 591,Registrado,04/21/2026,,,
,,,,,,,,,,,,,,,,,
,,,,,,,,,,,,,,,,,
,,,,,,,,,,,,,,,,,
,,,,,,,,,,,,,,,,,
75,Ped. Suministros,01/07/2026,,,,,,,,,,,,,,,
,,,,,,,,,,,,,,,,,
,,,,,,,,,,,,,,,,,
76,Sol. de Gastos,01/07/2026,1 - 166,Confirmado,01/21/2026,85 - 1,Normal,01/22/2026,434,Orden de Compra,03/25/2026,1 - 403,Registrado,03/25/2026,INVEN - 1399,Normal,05/19/2026
,,,,,,,,,,,,,,,,,
,,,,,,,,,,,,,,,INVEN - 1598,Normal,06/03/2026
,,,,,,,,,,,,,,,,,
,,,,,,,,,,,,,,,,,
,,,,,,,,,,,,,,,,,
,,,,,,,,,,,,,,,,,
77,Sol. de Gastos,01/07/2026,1 - 164,Confirmado,01/21/2026,75 - 1,Normal,01/22/2026,334,Orden de Compra,03/13/2026,1 - 317,Registrado,03/13/2026,INVEN - 1234,Normal,05/07/2026
,,,,,,,,,,,,,,,,,
,,,,,,,,,,,,,,,INVEN - 1507,Normal,05/26/2026
,,,,,,,,,,,,,,,,,
,,,,,,,,,,,,,,,INVEN - 2294,Normal,08/12/2026
,,,,,,,,,,,,,,,,,
,,,,,,,,,,,,,,,,,
,,,,,,,,,,,,,,,,,
,,,,,,,,,,,,,,,,,
78,Sol. de Gastos,01/07/2026,1 - 174,Confirmado,01/21/2026,61 - 1,Normal,01/21/2026,43,Orden de Compra,01/22/2026,1 - 42,Registrado,01/22/2026,INVEN - 268,Normal,01/30/2026
,,,,,,,,,,,,,,,,,
,,,,,,,,,,,,,,,INVEN - 269,Normal,01/30/2026
,,,,,,,,,,,,,,,,,
,,,,,,,,,,,,,,,INVEN - 366,Normal,02/12/2026
,,,,,,,,,,,,,,,,,
,,,,,,,,,,,,,,,INVEN - 534,Normal,03/03/2026
,,,,,,,,,,,,,,,,,
,,,,,,,,,,,,,,,INVEN - 590,Normal,03/09/2026
,,,,,,,,,,,,,,,,,
,,,,,,,,,,,,,,,,,
,,,,,,,,,,,,,,,,,
,,,,,,,,,,,,,,,,,
79,Sol. de Gastos,01/07/2026,1 - 369,Confirmado,02/10/2026,161 - 1,Normal,02/11/2026,280,Orden de Compra,03/06/2026,1 - 265,Registrado,03/10/2026,ALMAC - 6,Confirmada,04/01/2026
,,,,,,,,,,,,,,,,,
,,,,,,,,,,,,,,,,,
,,,,,,,,,,,,,,,,,
,,,,,,,,,281,Orden de Compra,03/06/2026,1 - 266,Registrado,03/10/2026,ALMAC - 13,Confirmada,04/17/2026
,,,,,,,,,,,,,,,,,
,,,,,,,,,,,,,,,ALMAC - 16,Normal,04/27/2026
,,,,,,,,,,,,,,,,,
,,,,,,,,,,,,,,,ALMAC - 20,Confirmada,05/05/2026
,,,,,,,,,,,,,,,,,
,,,,,,,,,,,,,,,,,
,,,,,,,,,,,,,,,,,
,,,,,,,,,282,Orden de Compra,03/06/2026,1 - 267,Registrado,03/10/2026,ALMAC - 11,Confirmada,04/10/2026
,,,,,,,,,,,,,,,,,
,,,,,,,,,,,,,,,,,
,,,,,,,,,,,,,,,,,
,,,,,,,,,283,Orden de Compra,03/06/2026,1 - 268,Registrado,03/10/2026,ALMAC - 19,Confirmada,05/05/2026
,,,,,,,,,,,,,,,,,
,,,,,,,,,,,,,,,,,
,,,,,,,,,,,,,,,,,
,,,,,,,,,,,,,,,,,
80,Sol. de Gastos,01/07/2026,1 - 483,Confirmado,02/24/2026,206 - 1,Normal,02/25/2026,277,Orden de Compra,03/05/2026,1 - 243,Registrado,03/05/2026,INVEN - 1073,Normal,04/23/2026
,,,,,,,,,,,,,,,,,
,,,,,,,,,,,,,,,INVEN - 1074,Normal,04/23/2026
,,,,,,,,,,,,,,,,,
,,,,,,,,,,,,,,,INVEN - 1075,Normal,04/23/2026
,,,,,,,,,,,,,,,,,
,,,,,,,,,,,,,,,INVEN - 1646,Normal,06/05/2026
,,,,,,,,,,,,,,,,,
,,,,,,,,,,,,,,,INVEN - 2149,Normal,07/28/2026
,,,,,,,,,,,,,,,,,
,,,,,,,,,,,,,,,INVEN - 2343,Normal,08/14/2026
,,,,,,,,,,,,,,,,,
,,,,,,,,,,,,,,,,,
,,,,,,,,,,,,,,,,,
,,,,,,,,,,,,,,,,,
81,Sol. de Gastos,01/07/2026,1 - 840,Confirmado,03/20/2026,351 - 1,Normal,03/26/2026,531,Orden de Compra,04/07/2026,1 - 487,Registrado,04/07/2026,INVEN - 1438,Normal,05/20/2026
,,,,,,,,,,,,,,,,,
,,,,,,,,,,,,,,,,,
,,,,,,,,,,,,,,,,,
,,,,,,,,,532,Orden de Compra,04/07/2026,1 - 488,Registrado,04/07/2026,INVEN - 1242,Normal,05/07/2026
,,,,,,,,,,,,,,,,,
,,,,,,,,,,,,,,,,,
,,,,,,,,,,,,,,,,,
,,,,,,,,,,,,,,,,,
82,Sol. de Gastos,01/07/2026,1 - 195,Confirmado,01/21/2026,92 - 1,Normal,01/22/2026,107,Anulado,02/04/2026,1 - 105,Anulado,02/04/2026,,,
,,,,,,,,,,,,,,,,,
,,,,,,,,,,,,,,,,,
,,,,,,,,,,,,,,,,,
,,,,,,,,,113,Orden de Compra,02/04/2026,1 - 109,Registrado,02/04/2026,INVEN - 483,Normal,02/27/2026
,,,,,,,,,,,,,,,,,
,,,,,,,,,,,,,,,,,
,,,,,,,,,,,,,,,,,
,,,,,,,,,114,Orden de Compra,02/04/2026,1 - 110,Registrado,02/04/2026,INVEN - 666,Normal,03/13/2026
,,,,,,,,,,,,,,,,,
,,,,,,,,,,,,,,,,,
,,,,,,,,,,,,,,,,,
,,,,,,,,,,,,,,,,,
83,Sol. de Gastos,01/07/2026,1 - 193,Confirmado,01/21/2026,90 - 1,Normal,01/22/2026,126,Orden de Compra,02/05/2026,1 - 121,Registrado,02/06/2026,INVEN - 833,Normal,03/30/2026
,,,,,,,,,,,,,,,,,
,,,,,,,,,,,,,,,,,
,,,,,,,,,,,,,,,,,
,,,,,,,,,127,Anulado,02/05/2026,,,,,,
,,,,,,,,,,,,,,,,,
,,,,,,,,,132,Orden de Compra,02/06/2026,1 - 122,Registrado,02/06/2026,INVEN - 584,Normal,03/09/2026
,,,,,,,,,,,,,,,,,
,,,,,,,,,,,,,,,,,
,,,,,,,,,,,,,,,,,
,,,,,,,,,,,,,,,,,
84,Sol. de Gastos,01/07/2026,1 - 163,Confirmado,01/21/2026,101 - 1,Normal,01/22/2026,152,Anulado,02/09/2026,,,,,,
,,,,,,,,,,,,,,,,,
,,,,,,,,,153,Anulado,02/09/2026,,,,,,
,,,,,,,,,,,,,,,,,
,,,,,,,,,154,Anulado,02/09/2026,,,,,,
,,,,,,,,,,,,,,,,,
,,,,,,,,,156,Anulado,02/09/2026,,,,,,
,,,,,,,,,,,,,,,,,
,,,,,,,,,157,Anulado,02/09/2026,,,,,,
,,,,,,,,,,,,,,,,,
,,,,,,,,,158,Anulado,02/09/2026,,,,,,
,,,,,,,,,,,,,,,,,
,,,,,,,,,159,Anulado,02/09/2026,1 - 136,Anulado,02/09/2026,,,
,,,,,,,,,,,,,,,,,
,,,,,,,,,,,,,,,,,
,,,,,,,,,,,,,,,,,
,,,,,,,,,160,Anulado,02/09/2026,1 - 137,Anulado,02/09/2026,,,
,,,,,,,,,,,,,,,,,
,,,,,,,,,,,,,,,,,
,,,,,,,,,,,,,,,,,
,,,,,,,,,161,Anulado,02/09/2026,1 - 138,Anulado,02/09/2026,,,
,,,,,,,,,,,,,,,,,
,,,,,,,,,,,,,,,,,
,,,,,,,,,,,,,,,,,
,,,,,,,,,162,Orden de Compra,02/09/2026,1 - 139,Registrado,02/09/2026,INVEN - 1770,Normal,06/16/2026
,,,,,,,,,,,,,,,,,
,,,,,,,,,,,,,,,,,
,,,,,,,,,,,,,,,,,
,,,,,,,,,163,Orden de Compra,02/09/2026,1 - 140,Registrado,02/09/2026,INVEN - 713,Normal,03/17/2026
,,,,,,,,,,,,,,,,,
,,,,,,,,,,,,,,,INVEN - 716,Normal,03/17/2026
,,,,,,,,,,,,,,,,,
,,,,,,,,,,,,,,,,,
,,,,,,,,,,,,,,,,,
,,,,,,,,,164,Orden de Compra,02/09/2026,1 - 141,Registrado,02/09/2026,INVEN - 582,Normal,03/09/2026
,,,,,,,,,,,,,,,,,
,,,,,,,,,,,,,,,,,
,,,,,,,,,,,,,,,,,
,,,,,,,,,165,Orden de Compra,02/09/2026,1 - 142,Registrado,02/09/2026,INVEN - 516,Normal,03/02/2026
,,,,,,,,,,,,,,,,,
,,,,,,,,,,,,,,,,,
,,,,,,,,,,,,,,,,,
,,,,,,,,,166,Anulado,02/09/2026,1 - 143,Anulado,02/09/2026,,,
,,,,,,,,,,,,,,,,,
,,,,,,,,,,,,,,,,,
,,,,,,,,,,,,,,,,,
,,,,,,,,,173,Orden de Compra,02/10/2026,1 - 146,Registrado,02/10/2026,INVEN - 1326,Normal,05/14/2026
,,,,,,,,,,,,,,,,,
,,,,,,,,,,,,,,,,,
,,,,,,,,,,,,,,,,,
,,,,,,,,,174,Orden de Compra,02/10/2026,1 - 147,Registrado,02/10/2026,INVEN - 642,Normal,03/11/2026
,,,,,,,,,,,,,,,,,
,,,,,,,,,,,,,,,,,
,,,,,,,,,,,,,,,,,
,,,,,,,,,175,Orden de Compra,02/10/2026,1 - 148,Registrado,02/10/2026,INVEN - 1481,Normal,05/22/2026
,,,,,,,,,,,,,,,,,
,,,,,,,,,,,,,,,,,
,,,,,,,,,,,,,,,,,
,,,,,,,,,224,Orden de Compra,02/24/2026,1 - 195,Registrado,02/25/2026,INVEN - 714,Normal,03/17/2026
,,,,,,,,,,,,,,,,,
,,,,,,,,,,,,,,,INVEN - 715,Normal,03/17/2026
,,,,,,,,,,,,,,,,,
,,,,,,,,,,,,,,,,,
,,,,,,,,,,,,,,,,,
,,,,,,,,,,,,,,,,,
85,Ped. Suministros,01/07/2026,1 - 138,Anulado,01/15/2026,53 - 1,Anulado,01/16/2026,143,Anulado,02/06/2026,1 - 127,Anulado,02/06/2026,,,
,,,,,,,,,,,,,,,,,
,,,,,,,,,,,,,,,,,
,,,,,,,,,,,,,,,,,
,,,,,,,,,,,,,,,,,
86,Sol. de Gastos,01/07/2026,1 - 339,Confirmado,02/10/2026,143 - 1,Normal,02/10/2026,454,Orden de Compra,03/30/2026,1 - 430,Registrado,03/30/2026,INVEN - 1271,Normal,05/11/2026
,,,,,,,,,,,,,,,,,
,,,,,,,,,,,,,,,,,
,,,,,,,,,,,,,,,,,
,,,,,,,,,,,,,,,,,
87,Sol. de Gastos,01/07/2026,1 - 104,Confirmado,01/09/2026,23 - 1,Normal,01/09/2026,37,Orden de Compra,01/20/2026,1 - 38,Registrado,01/20/2026,INVEN - 1251,Normal,05/08/2026
,,,,,,,,,,,,,,,,,
,,,,,,,,,,,,,,,INVEN - 705,Normal,03/17/2026
,,,,,,,,,,,,,,,,,
,,,,,,,,,,,,,,,INVEN - 706,Normal,03/17/2026
,,,,,,,,,,,,,,,,,
,,,,,,,,,,,,,,,,,
,,,,,,,,,,,,,,,,,
,,,,,,,,,,,,,,,,,
88,Sol. de Gastos,01/07/2026,1 - 140,Confirmado,01/15/2026,51 - 1,Normal,01/16/2026,62,Anulado,01/26/2026,1 - 60,Anulado,01/26/2026,,,
,,,,,,,,,,,,,,,,,
,,,,,,,,,,,,,,,,,
,,,,,,,,,,,,,,,,,
,,,,,,,,,65,Orden de Compra,01/26/2026,1 - 64,Registrado,01/26/2026,INVEN - 313,Normal,02/03/2026
,,,,,,,,,,,,,,,,,
,,,,,,,,,,,,,,,,,
,,,,,,,,,,,,,,,,,
,,,,,,,,,,,,,,,,,
89,Sol. de Gastos,01/07/2026,1 - 148,Confirmado,01/15/2026,49 - 1,Normal,01/16/2026,,,,,,,,,
,,,,,,,,,,,,,,,,,
,,,,,,49 - 2,Normal,01/20/2026,64,Orden de Compra,01/26/2026,1 - 62,Registrado,01/26/2026,INVEN - 312,Normal,02/03/2026
,,,,,,,,,,,,,,,,,
,,,,,,,,,,,,,,,,,
,,,,,,,,,,,,,,,,,
,,,,,,,,,,,,,,,,,
90,Sol. de Gastos,01/08/2026,1 - 316,Confirmado,02/06/2026,138 - 1,Normal,02/06/2026,183,Normal,02/11/2026,,,,,,
,,,,,,,,,,,,,,,,,
,,,,,,,,,,,,,,,,,
91,Sol. de Gastos,01/08/2026,1 - 428,Confirmado,02/23/2026,184 - 1,Normal,02/23/2026,239,Orden de Compra,02/26/2026,1 - 213,Registrado,02/26/2026,INVEN - 767,Normal,03/19/2026
,,,,,,,,,,,,,,,,,
,,,,,,,,,,,,,,,,,
,,,,,,,,,,,,,,,,,
,,,,,,,,,241,Orden de Compra,02/26/2026,1 - 214,Registrado,02/26/2026,INVEN - 768,Normal,03/19/2026
,,,,,,,,,,,,,,,,,
,,,,,,,,,,,,,,,,,
,,,,,,,,,,,,,,,,,
,,,,,,,,,,,,,,,,,
92,Sol. de Gastos,01/08/2026,1 - 139,Confirmado,01/15/2026,55 - 1,Normal,01/16/2026,40,Orden de Compra,01/21/2026,1 - 63,Registrado,01/26/2026,INVEN - 458,Normal,02/26/2026
,,,,,,,,,,,,,,,,,
,,,,,,,,,,,,,,,,,
,,,,,,,,,,,,,,,,,
,,,,,,,,,,,,,,,,,
93,Sol. de Gastos,01/08/2026,1 - 199,Confirmado,01/21/2026,77 - 1,Normal,01/22/2026,72,Orden de Compra,01/28/2026,1 - 70,Registrado,01/28/2026,INVEN - 510,Normal,03/02/2026
,,,,,,,,,,,,,,,,,
,,,,,,,,,,,,,,,INVEN - 512,Normal,03/02/2026
,,,,,,,,,,,,,,,,,
,,,,,,,,,,,,,,,INVEN - 513,Normal,03/02/2026
,,,,,,,,,,,,,,,,,
,,,,,,,,,,,,,,,INVEN - 514,Normal,03/02/2026
,,,,,,,,,,,,,,,,,
,,,,,,,,,,,,,,,,,
,,,,,,,,,,,,,,,,,
,,,,,,,,,,,,,,,,,
94,Sol. de Gastos,01/08/2026,1 - 182,Confirmado,01/21/2026,69 - 1,Normal,01/22/2026,97,Orden de Compra,02/03/2026,1 - 96,Registrado,02/03/2026,INVEN - 1821,Normal,06/25/2026
,,,,,,,,,,,,,,,,,
,,,,,,,,,,,,,,,INVEN - 539,Normal,03/04/2026
,,,,,,,,,,,,,,,,,
,,,,,,,,,,,,,,,,,
,,,,,,,,,,,,,,,,,
,,,,,,,,,98,Orden de Compra,02/03/2026,1 - 97,Registrado,02/03/2026,INVEN - 1041,Normal,04/21/2026
,,,,,,,,,,,,,,,,,
,,,,,,,,,,,,,,,INVEN - 1315,Normal,05/14/2026
,,,,,,,,,,,,,,,,,
,,,,,,,,,,,,,,,INVEN - 790,Normal,03/20/2026
,,,,,,,,,,,,,,,,,
,,,,,,,,,,,,,,,,,
,,,,,,,,,,,,,,,,,
,,,,,,,,,,,,,,,,,
95,Sol. de Gastos,01/08/2026,1 - 183,Confirmado,01/21/2026,68 - 1,Normal,01/22/2026,66,Orden de Compra,01/26/2026,1 - 65,Registrado,01/26/2026,INVEN - 1808,Normal,06/23/2026
,,,,,,,,,,,,,,,,,
,,,,,,,,,,,,,,,INVEN - 1864,Normal,06/29/2026
,,,,,,,,,,,,,,,,,
,,,,,,,,,,,,,,,INVEN - 1865,Normal,06/29/2026
,,,,,,,,,,,,,,,,,
,,,,,,,,,,,,,,,,,
,,,,,,,,,,,,,,,,,
,,,,,,,,,,,,,,,,,
96,Sol. de Gastos,01/08/2026,1 - 637,Confirmado,03/05/2026,264 - 1,Normal,03/06/2026,349,Orden de Compra,03/16/2026,1 - 330,Registrado,03/16/2026,INVEN - 1709,Normal,06/10/2026
,,,,,,,,,,,,,,,,,
,,,,,,,,,,,,,,,INVEN - 1820,Normal,06/25/2026
,,,,,,,,,,,,,,,,,
,,,,,,,,,,,,,,,,,
,,,,,,,,,,,,,,,,,
,,,,,,,,,350,Orden de Compra,03/16/2026,1 - 331,Registrado,03/16/2026,INVEN - 1339,Normal,05/15/2026
,,,,,,,,,,,,,,,,,
,,,,,,,,,,,,,,,INVEN - 2136,Normal,07/27/2026
,,,,,,,,,,,,,,,,,
,,,,,,,,,,,,,,,INVEN - 2489,Normal,08/27/2026
,,,,,,,,,,,,,,,,,
,,,,,,,,,,,,,,,,,
,,,,,,,,,,,,,,,,,
,,,,,,,,,,,,,,,,,
97,Sol. de Gastos,01/08/2026,1 - 501,Confirmado,02/25/2026,198 - 1,Normal,02/25/2026,268,Orden de Compra,03/04/2026,1 - 249,Registrado,03/06/2026,INVEN - 718,Normal,03/17/2026
,,,,,,,,,,,,,,,,,
,,,,,,,,,,,,,,,,,
,,,,,,,,,,,,,,,,,
,,,,,,,,,270,Orden de Compra,03/04/2026,1 - 250,Registrado,03/06/2026,INVEN - 1807,Normal,06/23/2026
,,,,,,,,,,,,,,,,,
,,,,,,,,,,,,,,,,,
,,,,,,,,,,,,,,,,,
,,,,,,,,,271,Orden de Compra,03/04/2026,1 - 251,Registrado,03/06/2026,INVEN - 1292,Normal,05/13/2026
,,,,,,,,,,,,,,,,,
,,,,,,,,,,,,,,,,,
,,,,,,,,,,,,,,,,,
,,,,,,,,,272,Orden de Compra,03/04/2026,1 - 252,Registrado,03/06/2026,INVEN - 772,Normal,03/20/2026
,,,,,,,,,,,,,,,,,
,,,,,,,,,,,,,,,,,
,,,,,,,,,,,,,,,,,
,,,,,,,,,273,Orden de Compra,03/04/2026,1 - 253,Registrado,03/06/2026,INVEN - 813,Normal,03/26/2026
,,,,,,,,,,,,,,,,,
,,,,,,,,,,,,,,,,,
,,,,,,,,,,,,,,,,,
,,,,,,,,,274,Orden de Compra,03/04/2026,1 - 254,Registrado,03/06/2026,INVEN - 951,Normal,04/13/2026
,,,,,,,,,,,,,,,,,
,,,,,,,,,,,,,,,,,
,,,,,,,,,,,,,,,,,
,,,,,,,,,,,,,,,,,
98,Sol. de Gastos,01/09/2026,1 - 141,Confirmado,01/15/2026,220 - 1,Normal,02/26/2026,327,Orden de Compra,03/12/2026,1 - 307,Registrado,03/12/2026,INVEN - 949,Normal,04/13/2026
,,,,,,,,,,,,,,,,,
,,,,,,,,,,,,,,,,,
,,,,,,,,,,,,,,,,,
,,,,,,,,,,,,,,,,,
99,Ped. Suministros,01/09/2026,1 - 131,Anulado,01/15/2026,38 - 1,Anulado,01/15/2026,,,,,,,,,
,,,,,,,,,,,,,,,,,
,,,,,,,,,,,,,,,,,
100,Sol. de Gastos,01/09/2026,1 - 130,Confirmado,01/15/2026,40 - 1,Normal,01/15/2026,39,Orden de Compra,01/20/2026,1 - 40,Registrado,01/20/2026,INVEN - 1160,Normal,04/30/2026
,,,,,,,,,,,,,,,,,
,,,,,,,,,,,,,,,,,
,,,,,,,,,,,,,,,,,
,,,,,,,,,,,,,,,,,
101,Sol. de Gastos,01/12/2026,1 - 142,Confirmado,01/15/2026,43 - 1,Normal,01/16/2026,34,Orden de Compra,01/19/2026,1 - 34,Registrado,01/19/2026,INVEN - 497,Normal,02/27/2026
,,,,,,,,,,,,,,,,,
,,,,,,,,,,,,,,,,,
,,,,,,,,,,,,,,,,,
,,,,,,,,,,,,,,,,,
102,Sol. de Gastos,01/12/2026,1 - 144,Confirmado,01/15/2026,47 - 1,Normal,01/16/2026,401,Orden de Compra,03/20/2026,1 - 375,Registrado,03/20/2026,INVEN - 1106,Normal,04/27/2026
,,,,,,,,,,,,,,,,,
,,,,,,,,,,,,,,,,,
,,,,,,,,,,,,,,,,,
,,,,,,,,,,,,,,,,,
103,Ped. Suministros,01/12/2026,,,,,,,,,,,,,,,
,,,,,,,,,,,,,,,,,
,,,,,,,,,,,,,,,,,
104,Ped. Suministros,01/12/2026,,,,,,,,,,,,,,,
,,,,,,,,,,,,,,,,,
,,,,,,,,,,,,,,,,,
105,Sol. de Gastos,01/12/2026,1 - 210,Confirmado,01/21/2026,59 - 1,Normal,01/21/2026,44,Orden de Compra,01/22/2026,1 - 43,Registrado,01/22/2026,ALMAC - 3,Normal,02/25/2026
,,,,,,,,,,,,,,,,,
,,,,,,,,,,,,,,,,,
,,,,,,,,,,,,,,,,,
,,,,,,,,,,,,,,,,,
106,Sol. de Gastos,01/12/2026,1 - 181,Confirmado,01/21/2026,64 - 1,Normal,01/21/2026,50,Orden de Compra,01/22/2026,1 - 49,Registrado,01/22/2026,INVEN - 1733,Normal,06/11/2026
,,,,,,,,,,,,,,,,,
,,,,,,,,,,,,,,,INVEN - 1734,Normal,06/11/2026
,,,,,,,,,,,,,,,,,
,,,,,,,,,,,,,,,INVEN - 1735,Normal,06/11/2026
,,,,,,,,,,,,,,,,,
,,,,,,,,,,,,,,,INVEN - 1819,Normal,06/25/2026
,,,,,,,,,,,,,,,,,
,,,,,,,,,,,,,,,,,
,,,,,,,,,,,,,,,,,
,,,,,,,,,,,,,,,,,
107,Sol. de Gastos,01/12/2026,1 - 202,Confirmado,01/21/2026,58 - 1,Normal,01/21/2026,45,Orden de Compra,01/22/2026,1 - 44,Registrado,01/22/2026,INVEN - 724,Normal,03/18/2026
,,,,,,,,,,,,,,,,,
,,,,,,,,,,,,,,,,,
,,,,,,,,,,,,,,,,,
,,,,,,,,,,,,,,,,,
108,Ped. Suministros,01/12/2026,1 - 132,Anulado,01/15/2026,39 - 1,Anulado,01/15/2026,,,,,,,,,
,,,,,,,,,,,,,,,,,
,,,,,,,,,,,,,,,,,
109,Sol. de Gastos,01/13/2026,1 - 143,Confirmado,01/15/2026,54 - 1,Normal,01/16/2026,78,Orden de Compra,01/29/2026,1 - 76,Registrado,01/29/2026,INVEN - 1275,Normal,05/12/2026
,,,,,,,,,,,,,,,,,
,,,,,,,,,,,,,,,INVEN - 573,Normal,03/09/2026
,,,,,,,,,,,,,,,,,
,,,,,,,,,,,,,,,INVEN - 877,Normal,04/07/2026
,,,,,,,,,,,,,,,,,
,,,,,,,,,,,,,,,,,
,,,,,,,,,,,,,,,,,
,,,,,,,,,,,,,,,,,
110,Sol. de Gastos,01/13/2026,1 - 180,Confirmado,01/21/2026,91 - 1,Normal,01/22/2026,687,Anulado,04/28/2026,1 - 642,Anulado,04/28/2026,,,
,,,,,,,,,,,,,,,,,
,,,,,,,,,,,,,,,,,
,,,,,,,,,,,,,,,,,
,,,,,,,,,689,Anulado,04/28/2026,1 - 643,Anulado,04/28/2026,,,
,,,,,,,,,,,,,,,,,
,,,,,,,,,,,,,,,,,
,,,,,,,,,,,,,,,,,
,,,,,,,,,695,Anulado,04/28/2026,1 - 650,Anulado,04/28/2026,,,
,,,,,,,,,,,,,,,,,
,,,,,,,,,,,,,,,,,
,,,,,,,,,,,,,,,,,
,,,,,,,,,709,Orden de Compra,04/29/2026,1 - 659,Registrado,04/29/2026,INVEN - 1259,Normal,05/11/2026
,,,,,,,,,,,,,,,,,
,,,,,,,,,,,,,,,MPREV - 4,Anulada,05/11/2026
,,,,,,,,,,,,,,,,,
,,,,,,,,,,,,,,,,,
,,,,,,,,,,,,,,,,,
,,,,,,,,,710,Orden de Compra,04/29/2026,1 - 660,Registrado,04/29/2026,INVEN - 1337,Normal,05/14/2026
,,,,,,,,,,,,,,,,,
,,,,,,,,,,,,,,,,,
,,,,,,,,,,,,,,,,,
,,,,,,,,,,,,,,,,,
111,Sol. de Gastos,01/13/2026,1 - 124,Confirmado,01/14/2026,35 - 1,Normal,01/14/2026,19,Orden de Compra,01/15/2026,1 - 19,Registrado,01/15/2026,INVEN - 219,Normal,01/21/2026
,,,,,,,,,,,,,,,,,
,,,,,,,,,,,,,,,,,
,,,,,,,,,,,,,,,,,
,,,,,,,,,,,,,,,,,
112,Sol. de Gastos,01/13/2026,1 - 340,Confirmado,02/10/2026,145 - 1,Normal,02/10/2026,201,Orden de Compra,02/13/2026,1 - 167,Registrado,02/13/2026,INVEN - 609,Normal,03/10/2026
,,,,,,,,,,,,,,,,,
,,,,,,,,,,,,,,,,,
,,,,,,,,,,,,,,,,,
,,,,,,,,,,,,,,,,,
113,Sol. de Gastos,01/13/2026,1 - 246,Confirmado,01/26/2026,116 - 1,Normal,01/27/2026,76,Orden de Compra,01/29/2026,1 - 74,Registrado,01/29/2026,INVEN - 1932,Normal,07/06/2026
,,,,,,,,,,,,,,,,,
,,,,,,,,,,,,,,,,,
,,,,,,,,,,,,,,,,,
,,,,,,,,,,,,,,,,,
114,Ped. Suministros,01/13/2026,,,,,,,,,,,,,,,
,,,,,,,,,,,,,,,,,
,,,,,,,,,,,,,,,,,
115,Sol. de Gastos,01/13/2026,1 - 856,Confirmado,03/25/2026,336 - 1,Normal,03/25/2026,511,Orden de Compra,04/01/2026,1 - 466,Registrado,04/01/2026,INVEN - 952,Normal,04/13/2026
,,,,,,,,,,,,,,,,,
,,,,,,,,,,,,,,,,,
,,,,,,,,,,,,,,,,,
,,,,,,,,,,,,,,,,,
116,Sol. de Gastos,01/13/2026,1 - 153,Confirmado,01/16/2026,56 - 1,Normal,01/16/2026,36,Orden de Compra,01/20/2026,1 - 37,Registrado,01/20/2026,INVEN - 1038,Normal,04/21/2026
,,,,,,,,,,,,,,,,,
,,,,,,,,,,,,,,,,,
,,,,,,,,,,,,,,,,,
,,,,,,,,,,,,,,,,,
117,Sol. de Gastos,01/14/2026,1 - 128,Confirmado,01/15/2026,36 - 1,Normal,01/15/2026,75,Orden de Compra,01/29/2026,1 - 73,Registrado,01/29/2026,INVEN - 401,Normal,02/24/2026
,,,,,,,,,,,,,,,,,
,,,,,,,,,,,,,,,,,
,,,,,,,,,,,,,,,,,
,,,,,,,,,,,,,,,,,
118,Sol. de Gastos,01/14/2026,1 - 129,Confirmado,01/15/2026,37 - 1,Normal,01/15/2026,70,Orden de Compra,01/27/2026,1 - 77,Registrado,01/30/2026,INVEN - 1314,Normal,05/14/2026
,,,,,,,,,,,,,,,,,
,,,,,,,,,,,,,,,INVEN - 568,Normal,03/06/2026
,,,,,,,,,,,,,,,,,
,,,,,,,,,,,,,,,,,
,,,,,,,,,,,,,,,,,
,,,,,,,,,,,,,,,,,
119,Sol. de Gastos,01/14/2026,1 - 179,Confirmado,01/21/2026,100 - 1,Normal,01/22/2026,181,Anulado,02/11/2026,,,,,,
,,,,,,,,,,,,,,,,,
,,,,,,,,,182,Anulado,02/11/2026,,,,,,
,,,,,,,,,,,,,,,,,
,,,,,,,,,189,Anulado,02/12/2026,,,,,,
,,,,,,,,,,,,,,,,,
,,,,,,,,,190,Anulado,02/12/2026,,,,,,
,,,,,,,,,,,,,,,,,
,,,,,,,,,198,Orden de Compra,02/13/2026,1 - 298,Registrado,03/11/2026,INVEN - 939,Normal,04/09/2026
,,,,,,,,,,,,,,,,,
,,,,,,,,,,,,,,,,,
,,,,,,,,,,,,,,,,,
,,,,,,,,,199,Orden de Compra,02/13/2026,1 - 299,Registrado,03/11/2026,INVEN - 815,Normal,03/27/2026
,,,,,,,,,,,,,,,,,
,,,,,,,,,,,,,,,INVEN - 861,Normal,04/01/2026
,,,,,,,,,,,,,,,,,
,,,,,,,,,,,,,,,,,
,,,,,,,,,,,,,,,,,
,,,,,,,,,200,Orden de Compra,02/13/2026,1 - 300,Registrado,03/11/2026,INVEN - 1444,Normal,05/20/2026
,,,,,,,,,,,,,,,,,
,,,,,,,,,,,,,,,,,
,,,,,,,,,,,,,,,,,
,,,,,,100 - 2,Normal,02/13/2026,267,Orden de Compra,03/04/2026,1 - 286,Registrado,03/10/2026,INVEN - 1252,Normal,05/08/2026
,,,,,,,,,,,,,,,,,
,,,,,,,,,,,,,,,,,
,,,,,,,,,,,,,,,,,
,,,,,,,,,269,Orden de Compra,03/04/2026,1 - 287,Registrado,03/10/2026,INVEN - 886,Normal,04/07/2026
,,,,,,,,,,,,,,,,,
,,,,,,,,,,,,,,,,,
,,,,,,,,,,,,,,,,,
,,,,,,,,,311,Orden de Compra,03/10/2026,1 - 288,Registrado,03/10/2026,INVEN - 791,Normal,03/20/2026
,,,,,,,,,,,,,,,,,
,,,,,,,,,,,,,,,,,
,,,,,,,,,,,,,,,,,
,,,,,,,,,,,,,,,,,
120,Ped. Suministros,01/14/2026,,,,,,,,,,,,,,,
,,,,,,,,,,,,,,,,,
,,,,,,,,,,,,,,,,,
121,Sol. de Gastos,01/14/2026,1 - 636,Confirmado,03/05/2026,269 - 1,Normal,03/06/2026,301,Orden de Compra,03/10/2026,1 - 276,Registrado,03/10/2026,,,
,,,,,,,,,,,,,,,,,
,,,,,,,,,,,,,,,,,
,,,,,,,,,,,,,,,,,
,,,,,,,,,,,,,,,,,
122,Sol. de Gastos,01/14/2026,1 - 178,Confirmado,01/21/2026,106 - 1,Normal,01/23/2026,193,Orden de Compra,02/12/2026,1 - 162,Registrado,02/12/2026,INVEN - 763,Normal,03/19/2026
,,,,,,,,,,,,,,,,,
,,,,,,,,,,,,,,,,,
,,,,,,,,,,,,,,,,,
,,,,,,,,,194,Orden de Compra,02/12/2026,1 - 161,Registrado,02/12/2026,INVEN - 1133,Normal,04/28/2026
,,,,,,,,,,,,,,,,,
,,,,,,,,,,,,,,,INVEN - 757,Normal,03/19/2026
,,,,,,,,,,,,,,,,,
,,,,,,,,,,,,,,,INVEN - 766,Normal,03/19/2026
,,,,,,,,,,,,,,,,,
,,,,,,,,,,,,,,,INVEN - 787,Normal,03/20/2026
,,,,,,,,,,,,,,,,,
,,,,,,,,,,,,,,,,,
,,,,,,,,,,,,,,,,,
,,,,,,,,,,,,,,,,,
123,Sol. de Gastos,01/14/2026,1 - 479,Confirmado,02/24/2026,208 - 1,Normal,02/25/2026,261,Orden de Compra,03/04/2026,1 - 237,Registrado,03/04/2026,,,
,,,,,,,,,,,,,,,,,
,,,,,,,,,,,,,,,,,
,,,,,,,,,,,,,,,,,
,,,,,,,,,,,,,,,,,
124,Ped. Suministros,01/14/2026,,,,,,,,,,,,,,,
,,,,,,,,,,,,,,,,,
,,,,,,,,,,,,,,,,,
125,Sol. de Gastos,01/14/2026,1 - 632,Confirmado,03/05/2026,262 - 1,Normal,03/06/2026,299,Orden de Compra,03/10/2026,1 - 274,Registrado,03/10/2026,,,
,,,,,,,,,,,,,,,,,
,,,,,,,,,,,,,,,,,
,,,,,,,,,,,,,,,,,
,,,,,,,,,,,,,,,,,
126,Ped. Suministros,01/14/2026,,,,,,,,,,,,,,,
,,,,,,,,,,,,,,,,,
,,,,,,,,,,,,,,,,,
127,Sol. de Gastos,01/14/2026,1 - 186,Confirmado,01/21/2026,62 - 1,Normal,01/21/2026,52,Orden de Compra,01/23/2026,1 - 50,Registrado,01/23/2026,INVEN - 317,Normal,02/03/2026
,,,,,,,,,,,,,,,,,
,,,,,,,,,,,,,,,,,
,,,,,,,,,,,,,,,,,
,,,,,,,,,,,,,,,,,
128,Sol. de Gastos,01/14/2026,1 - 608,Confirmado,03/04/2026,253 - 1,Normal,03/04/2026,347,Orden de Compra,03/13/2026,1 - 328,Registrado,03/13/2026,INVEN - 977,Normal,04/15/2026
,,,,,,,,,,,,,,,,,
,,,,,,,,,,,,,,,,,
,,,,,,,,,,,,,,,,,
,,,,,,,,,,,,,,,,,
129,Sol. de Gastos,01/14/2026,1 - 424,Confirmado,02/23/2026,178 - 1,Normal,02/23/2026,302,Orden de Compra,03/10/2026,1 - 277,Registrado,03/10/2026,,,
,,,,,,,,,,,,,,,,,
,,,,,,,,,,,,,,,,,
,,,,,,,,,,,,,,,,,
,,,,,,,,,,,,,,,,,
130,Sol. de Gastos,01/14/2026,1 - 452,Confirmado,02/23/2026,194 - 1,Normal,02/24/2026,227,Orden de Compra,02/25/2026,1 - 197,Registrado,02/26/2026,INVEN - 1143,Normal,04/29/2026
,,,,,,,,,,,,,,,,,
,,,,,,,,,,,,,,,,,
,,,,,,,,,,,,,,,,,
,,,,,,,,,,,,,,,,,
131,Sol. de Gastos,01/14/2026,1 - 145,Confirmado,01/15/2026,48 - 1,Normal,01/16/2026,24,Orden de Compra,01/16/2026,1 - 24,Registrado,01/16/2026,INVEN - 1711,Normal,06/11/2026
,,,,,,,,,,,,,,,,,
,,,,,,,,,,,,,,,INVEN - 1712,Normal,06/11/2026
,,,,,,,,,,,,,,,,,
,,,,,,,,,,,,,,,INVEN - 2052,Normal,07/20/2026
,,,,,,,,,,,,,,,,,
,,,,,,,,,,,,,,,INVEN - 342,Normal,02/10/2026
,,,,,,,,,,,,,,,,,
,,,,,,,,,,,,,,,INVEN - 678,Normal,03/13/2026
,,,,,,,,,,,,,,,,,
,,,,,,,,,,,,,,,INVEN - 992,Normal,04/17/2026
,,,,,,,,,,,,,,,,,
,,,,,,,,,,,,,,,,,
,,,,,,,,,,,,,,,,,
,,,,,,,,,,,,,,,,,
132,Sol. de Gastos,01/14/2026,1 - 147,Confirmado,01/15/2026,44 - 1,Normal,01/16/2026,25,Orden de Compra,01/16/2026,1 - 25,Registrado,01/16/2026,ALMAC - 4,Normal,02/25/2026
,,,,,,,,,,,,,,,,,
,,,,,,,,,,,,,,,INVEN - 1504,Normal,05/26/2026
,,,,,,,,,,,,,,,,,
,,,,,,,,,,,,,,,INVEN - 1505,Normal,05/26/2026
,,,,,,,,,,,,,,,,,
,,,,,,,,,,,,,,,INVEN - 1838,Normal,06/26/2026
,,,,,,,,,,,,,,,,,
,,,,,,,,,,,,,,,INVEN - 947,Normal,04/13/2026
,,,,,,,,,,,,,,,,,
,,,,,,,,,,,,,,,,,
,,,,,,,,,,,,,,,,,
,,,,,,,,,,,,,,,,,
133,Sol. de Gastos,01/14/2026,1 - 146,Confirmado,01/15/2026,52 - 1,Normal,01/16/2026,74,Orden de Compra,01/29/2026,1 - 72,Registrado,01/29/2026,INVEN - 2399,Normal,08/20/2026
,,,,,,,,,,,,,,,,,
,,,,,,,,,,,,,,,INVEN - 2400,Normal,08/20/2026
,,,,,,,,,,,,,,,,,
,,,,,,,,,,,,,,,INVEN - 2401,Normal,08/20/2026
,,,,,,,,,,,,,,,,,
,,,,,,,,,,,,,,,INVEN - 2402,Normal,08/20/2026
,,,,,,,,,,,,,,,,,
,,,,,,,,,,,,,,,INVEN - 2403,Normal,08/20/2026
,,,,,,,,,,,,,,,,,
,,,,,,,,,,,,,,,INVEN - 2404,Normal,08/20/2026
,,,,,,,,,,,,,,,,,
,,,,,,,,,,,,,,,,,
,,,,,,,,,,,,,,,,,
,,,,,,,,,,,,,,,,,
136,Sol. de Gastos,01/14/2026,1 - 432,Confirmado,02/23/2026,196 - 1,Normal,02/24/2026,346,Orden de Compra,03/13/2026,1 - 461,Registrado,04/01/2026,INVEN - 1116,Normal,04/28/2026
,,,,,,,,,,,,,,,,,
,,,,,,,,,,,,,,,INVEN - 1375,Normal,05/19/2026
,,,,,,,,,,,,,,,,,
,,,,,,,,,,,,,,,INVEN - 1675,Normal,06/09/2026
,,,,,,,,,,,,,,,,,
,,,,,,,,,,,,,,,INVEN - 1935,Normal,07/06/2026
,,,,,,,,,,,,,,,,,
,,,,,,,,,,,,,,,INVEN - 2244,Normal,08/07/2026
,,,,,,,,,,,,,,,,,
,,,,,,,,,,,,,,,,,
,,,,,,,,,,,,,,,,,
,,,,,,,,,,,,,,,,,
137,Ped. Suministros,01/14/2026,,,,,,,,,,,,,,,
,,,,,,,,,,,,,,,,,
,,,,,,,,,,,,,,,,,
139,Sol. de Gastos,01/15/2026,1 - 184,Confirmado,01/21/2026,96 - 1,Normal,01/22/2026,99,Orden de Compra,02/03/2026,1 - 98,Registrado,02/03/2026,INVEN - 565,Normal,03/06/2026
,,,,,,,,,,,,,,,,,
,,,,,,,,,,,,,,,INVEN - 798,Normal,03/25/2026
,,,,,,,,,,,,,,,,,
,,,,,,,,,,,,,,,,,
,,,,,,,,,,,,,,,,,
,,,,,,,,,100,Orden de Compra,02/03/2026,1 - 99,Registrado,02/03/2026,INVEN - 1579,Normal,06/01/2026
,,,,,,,,,,,,,,,,,
,,,,,,,,,,,,,,,,,
,,,,,,,,,,,,,,,,,
,,,,,,,,,102,Orden de Compra,02/03/2026,1 - 100,Registrado,02/03/2026,INVEN - 562,Normal,03/06/2026
,,,,,,,,,,,,,,,,,
,,,,,,,,,,,,,,,,,
,,,,,,,,,,,,,,,,,
,,,,,,,,,,,,,,,,,
140,Sol. de Gastos,01/15/2026,1 - 203,Confirmado,01/21/2026,70 - 1,Normal,01/22/2026,54,Orden de Compra,01/23/2026,1 - 52,Registrado,01/23/2026,INVEN - 311,Normal,02/02/2026
,,,,,,,,,,,,,,,,,
,,,,,,,,,,,,,,,,,
,,,,,,,,,,,,,,,,,
,,,,,,,,,,,,,,,,,
142,Sol. de Gastos,01/15/2026,1 - 490,Confirmado,02/24/2026,209 - 1,Normal,02/25/2026,394,Orden de Compra,03/19/2026,1 - 369,Registrado,03/19/2026,INVEN - 899,Normal,04/08/2026
,,,,,,,,,,,,,,,,,
,,,,,,,,,,,,,,,,,
,,,,,,,,,,,,,,,,,
,,,,,,,,,,,,,,,,,
143,Sol. de Gastos,01/15/2026,1 - 211,Confirmado,01/21/2026,82 - 1,Normal,01/22/2026,55,Orden de Compra,01/23/2026,1 - 54,Registrado,01/23/2026,INVEN - 509,Normal,03/02/2026
,,,,,,,,,,,,,,,,,
,,,,,,,,,,,,,,,,,
,,,,,,,,,,,,,,,,,
,,,,,,,,,,,,,,,,,
145,Sol. de Gastos,01/15/2026,1 - 189,Confirmado,01/21/2026,63 - 1,Normal,01/21/2026,47,Orden de Compra,01/22/2026,1 - 45,Registrado,01/22/2026,INVEN - 976,Normal,04/15/2026
,,,,,,,,,,,,,,,,,
,,,,,,,,,,,,,,,,,
,,,,,,,,,,,,,,,,,
,,,,,,,,,,,,,,,,,
146,Sol. de Gastos,01/16/2026,1 - 185,Confirmado,01/21/2026,102 - 1,Normal,01/22/2026,79,Orden de Compra,01/30/2026,1 - 88,Registrado,02/03/2026,INVEN - 632,Normal,03/11/2026
,,,,,,,,,,,,,,,,,
,,,,,,,,,,,,,,,,,
,,,,,,,,,,,,,,,,,
,,,,,,,,,,,,,,,,,
147,Sol. de Gastos,01/16/2026,1 - 209,Confirmado,01/21/2026,65 - 1,Normal,01/21/2026,111,Orden de Compra,02/04/2026,1 - 107,Registrado,02/04/2026,INVEN - 358,Normal,02/11/2026
,,,,,,,,,,,,,,,,,
,,,,,,,,,,,,,,,,,
,,,,,,,,,,,,,,,,,
,,,,,,,,,,,,,,,,,
148,Sol. de Gastos,01/16/2026,1 - 266,Confirmado,01/30/2026,125 - 1,Normal,02/02/2026,83,Orden de Compra,02/02/2026,1 - 81,Registrado,02/02/2026,INVEN - 457,Normal,02/26/2026
,,,,,,,,,,,,,,,,,
,,,,,,,,,,,,,,,,,
,,,,,,,,,,,,,,,,,
,,,,,,,,,,,,,,,,,
149,Ped. Suministros,01/16/2026,,,,,,,,,,,,,,,
,,,,,,,,,,,,,,,,,
,,,,,,,,,,,,,,,,,
150,Ped. Suministros,01/16/2026,,,,,,,,,,,,,,,
,,,,,,,,,,,,,,,,,
,,,,,,,,,,,,,,,,,
151,Sol. de Gastos,01/16/2026,1 - 422,Confirmado,02/20/2026,173 - 1,Normal,02/23/2026,462,Anulado,03/30/2026,,,,,,
,,,,,,,,,,,,,,,,,
,,,,,,,,,464,Anulado,03/30/2026,,,,,,
,,,,,,,,,,,,,,,,,
,,,,,,,,,465,Anulado,03/30/2026,,,,,,
,,,,,,,,,,,,,,,,,
,,,,,,,,,466,Anulado,03/30/2026,,,,,,
,,,,,,,,,,,,,,,,,
,,,,,,,,,467,Anulado,03/30/2026,,,,,,
,,,,,,,,,,,,,,,,,
,,,,,,,,,468,Anulado,03/30/2026,,,,,,
,,,,,,,,,,,,,,,,,
,,,,,,,,,476,Anulado,03/31/2026,,,,,,
,,,,,,,,,,,,,,,,,
,,,,,,,,,478,Anulado,03/31/2026,,,,,,
,,,,,,,,,,,,,,,,,
,,,,,,,,,479,Anulado,03/31/2026,,,,,,
,,,,,,,,,,,,,,,,,
,,,,,,,,,480,Anulado,03/31/2026,,,,,,
,,,,,,,,,,,,,,,,,
,,,,,,,,,481,Anulado,03/31/2026,,,,,,
,,,,,,,,,,,,,,,,,
,,,,,,,,,482,Anulado,03/31/2026,,,,,,
,,,,,,,,,,,,,,,,,
,,,,,,,,,484,Orden de Compra,03/31/2026,1 - 497,Registrado,04/08/2026,INVEN - 1633,Normal,06/05/2026
,,,,,,,,,,,,,,,,,
,,,,,,,,,,,,,,,,,
,,,,,,,,,,,,,,,,,
,,,,,,,,,485,Orden de Compra,03/31/2026,1 - 498,Registrado,04/08/2026,INVEN - 1046,Normal,04/22/2026
,,,,,,,,,,,,,,,,,
,,,,,,,,,,,,,,,INVEN - 1308,Normal,05/14/2026
,,,,,,,,,,,,,,,,,
,,,,,,,,,,,,,,,INVEN - 1957,Normal,07/08/2026
,,,,,,,,,,,,,,,,,
,,,,,,,,,,,,,,,INVEN - 2037,Normal,07/17/2026
,,,,,,,,,,,,,,,,,
,,,,,,,,,,,,,,,INVEN - 2471,Normal,08/27/2026
,,,,,,,,,,,,,,,,,
,,,,,,,,,,,,,,,,,
,,,,,,,,,,,,,,,,,
,,,,,,,,,486,Orden de Compra,03/31/2026,1 - 499,Registrado,04/08/2026,INVEN - 1445,Normal,05/20/2026
,,,,,,,,,,,,,,,,,
,,,,,,,,,,,,,,,,,
,,,,,,,,,,,,,,,,,
,,,,,,,,,487,Orden de Compra,03/31/2026,1 - 500,Registrado,04/08/2026,INVEN - 1199,Normal,05/05/2026
,,,,,,,,,,,,,,,,,
,,,,,,,,,,,,,,,INVEN - 1202,Normal,05/05/2026
,,,,,,,,,,,,,,,,,
,,,,,,,,,,,,,,,INVEN - 1203,Normal,05/05/2026
,,,,,,,,,,,,,,,,,
,,,,,,,,,,,,,,,INVEN - 1297,Normal,05/13/2026
,,,,,,,,,,,,,,,,,
,,,,,,,,,,,,,,,,,
,,,,,,,,,,,,,,,,,
,,,,,,,,,488,Orden de Compra,03/31/2026,1 - 501,Registrado,04/08/2026,INVEN - 1443,Normal,05/20/2026
,,,,,,,,,,,,,,,,,
,,,,,,,,,,,,,,,,,
,,,,,,,,,,,,,,,,,
,,,,,,,,,489,Orden de Compra,03/31/2026,1 - 502,Registrado,04/08/2026,,,
,,,,,,,,,,,,,,,,,
,,,,,,,,,,,,,,,,,
,,,,,,,,,,,,,,,,,
,,,,,,,,,490,Orden de Compra,03/31/2026,1 - 503,Registrado,04/08/2026,INVEN - 1144,Normal,04/29/2026
,,,,,,,,,,,,,,,,,
,,,,,,,,,,,,,,,INVEN - 1539,Normal,05/28/2026
,,,,,,,,,,,,,,,,,
,,,,,,,,,,,,,,,,,
,,,,,,,,,,,,,,,,,
,,,,,,,,,499,Orden de Compra,04/01/2026,1 - 504,Registrado,04/08/2026,INVEN - 1093,Normal,04/23/2026
,,,,,,,,,,,,,,,,,
,,,,,,,,,,,,,,,,,
,,,,,,,,,,,,,,,,,
,,,,,,,,,500,Orden de Compra,04/01/2026,1 - 505,Registrado,04/08/2026,,,
,,,,,,,,,,,,,,,,,
,,,,,,,,,,,,,,,,,
,,,,,,,,,,,,,,,,,
,,,,,,,,,,,,,,,,,
152,Sol. de Gastos,01/19/2026,1 - 221,Confirmado,01/22/2026,95 - 1,Normal,01/22/2026,63,Orden de Compra,01/26/2026,1 - 61,Registrado,01/26/2026,INVEN - 1126,Normal,04/28/2026
,,,,,,,,,,,,,,,,,
,,,,,,,,,,,,,,,,,
,,,,,,,,,,,,,,,,,
,,,,,,,,,,,,,,,,,
153,Sol. de Gastos,01/19/2026,1 - 506,Confirmado,02/26/2026,219 - 1,Normal,02/26/2026,,,,,,,,,
,,,,,,,,,,,,,,,,,
,,,,,,219 - 2,Normal,03/03/2026,343,Orden de Compra,03/13/2026,1 - 326,Registrado,03/13/2026,INVEN - 1068,Normal,04/23/2026
,,,,,,,,,,,,,,,,,
,,,,,,,,,,,,,,,INVEN - 1755,Normal,06/12/2026
,,,,,,,,,,,,,,,,,
,,,,,,,,,,,,,,,,,
,,,,,,,,,,,,,,,,,
,,,,,,,,,344,Orden de Compra,03/13/2026,1 - 327,Registrado,03/13/2026,INVEN - 1855,Normal,06/29/2026
,,,,,,,,,,,,,,,,,
,,,,,,,,,,,,,,,INVEN - 1936,Normal,07/06/2026
,,,,,,,,,,,,,,,,,
,,,,,,,,,,,,,,,,,
,,,,,,,,,,,,,,,,,
,,,,,,,,,,,,,,,,,
154,Sol. de Gastos,01/19/2026,1 - 426,Confirmado,02/23/2026,188 - 1,Normal,02/23/2026,236,Anulado,02/26/2026,1 - 207,Anulado,02/26/2026,,,
,,,,,,,,,,,,,,,,,
,,,,,,,,,,,,,,,,,
,,,,,,,,,,,,,,,,,
,,,,,,,,,242,Anulado,02/26/2026,1 - 215,Anulado,02/26/2026,,,
,,,,,,,,,,,,,,,,,
,,,,,,,,,,,,,,,,,
,,,,,,,,,,,,,,,,,
,,,,,,,,,245,Orden de Compra,02/27/2026,1 - 218,Registrado,02/27/2026,,,
,,,,,,,,,,,,,,,,,
,,,,,,,,,,,,,,,,,
,,,,,,,,,,,,,,,,,
,,,,,,,,,,,,,,,,,
155,Sol. de Gastos,01/19/2026,1 - 232,Confirmado,01/23/2026,111 - 1,Normal,01/26/2026,84,Anulado,02/02/2026,1 - 82,Anulado,02/02/2026,,,
,,,,,,,,,,,,,,,,,
,,,,,,,,,,,,,,,,,
,,,,,,,,,,,,,,,,,
,,,,,,,,,85,Anulado,02/02/2026,1 - 83,Anulado,02/02/2026,,,
,,,,,,,,,,,,,,,,,
,,,,,,,,,,,,,,,,,
,,,,,,,,,,,,,,,,,
,,,,,,,,,101,Anulado,02/03/2026,,,,,,
,,,,,,,,,,,,,,,,,
,,,,,,,,,103,Orden de Compra,02/03/2026,1 - 101,Registrado,02/03/2026,INVEN - 412,Normal,02/24/2026
,,,,,,,,,,,,,,,,,
,,,,,,,,,,,,,,,,,
,,,,,,,,,,,,,,,,,
,,,,,,,,,105,Orden de Compra,02/03/2026,1 - 102,Registrado,02/03/2026,INVEN - 452,Normal,02/26/2026
,,,,,,,,,,,,,,,,,
,,,,,,,,,,,,,,,,,
,,,,,,,,,,,,,,,,,
,,,1 - 201,Anulado,01/21/2026,,,,,,,,,,,,
,,,,,,,,,,,,,,,,,
,,,,,,,,,,,,,,,,,
156,Sol. de Gastos,01/19/2026,1 - 187,Confirmado,01/21/2026,86 - 1,Normal,01/22/2026,148,Anulado,02/09/2026,1 - 129,Anulado,02/09/2026,,,
,,,,,,,,,,,,,,,,,
,,,,,,,,,,,,,,,,,
,,,,,,,,,,,,,,,,,
,,,,,,,,,149,Anulado,02/09/2026,1 - 130,Anulado,02/09/2026,,,
,,,,,,,,,,,,,,,,,
,,,,,,,,,,,,,,,,,
,,,,,,,,,,,,,,,,,
,,,,,,,,,150,Orden de Compra,02/09/2026,1 - 131,Registrado,02/09/2026,INVEN - 870,Normal,04/06/2026
,,,,,,,,,,,,,,,,,
,,,,,,,,,,,,,,,,,
,,,,,,,,,,,,,,,,,
,,,,,,,,,151,Orden de Compra,02/09/2026,1 - 132,Registrado,02/09/2026,INVEN - 721,Normal,03/18/2026
,,,,,,,,,,,,,,,,,
,,,,,,,,,,,,,,,,,
,,,,,,,,,,,,,,,,,
,,,,,,,,,,,,,,,,,
157,Ped. Suministros,01/19/2026,,,,,,,,,,,,,,,
,,,,,,,,,,,,,,,,,
,,,,,,,,,,,,,,,,,
158,Sol. de Gastos,01/19/2026,1 - 188,Confirmado,01/21/2026,83 - 1,Normal,01/22/2026,177,Orden de Compra,02/11/2026,1 - 150,Registrado,02/11/2026,INVEN - 587,Normal,03/09/2026
,,,,,,,,,,,,,,,,,
,,,,,,,,,,,,,,,,,
,,,,,,,,,,,,,,,,,
,,,,,,,,,,,,,,,,,
159,Sol. de Gastos,01/19/2026,1 - 247,Confirmado,01/26/2026,114 - 1,Normal,01/27/2026,73,Orden de Compra,01/28/2026,1 - 71,Registrado,01/28/2026,INVEN - 361,Normal,02/11/2026
,,,,,,,,,,,,,,,,,
,,,,,,,,,,,,,,,,,
,,,,,,,,,,,,,,,,,
,,,,,,,,,,,,,,,,,
160,Ped. Suministros,01/19/2026,,,,,,,,,,,,,,,
,,,,,,,,,,,,,,,,,
,,,,,,,,,,,,,,,,,
161,Ped. Suministros,01/19/2026,,,,,,,,,,,,,,,
,,,,,,,,,,,,,,,,,
,,,,,,,,,,,,,,,,,
162,Ped. Suministros,01/19/2026,,,,,,,,,,,,,,,
,,,,,,,,,,,,,,,,,
,,,,,,,,,,,,,,,,,
163,Sol. de Gastos,01/20/2026,1 - 235,Confirmado,01/23/2026,112 - 1,Normal,01/26/2026,104,Anulado,02/03/2026,1 - 103,Anulado,02/03/2026,,,
,,,,,,,,,,,,,,,,,
,,,,,,,,,,,,,,,,,
,,,,,,,,,,,,,,,,,
,,,,,,,,,115,Anulado,02/04/2026,1 - 111,Anulado,02/04/2026,,,
,,,,,,,,,,,,,,,,,
,,,,,,,,,,,,,,,,,
,,,,,,,,,,,,,,,,,
,,,,,,,,,116,Anulado,02/04/2026,1 - 112,Anulado,02/04/2026,,,
,,,,,,,,,,,,,,,,,
,,,,,,,,,,,,,,,,,
,,,,,,,,,,,,,,,,,
,,,,,,,,,119,Anulado,02/04/2026,,,,,,
,,,,,,,,,,,,,,,,,
,,,,,,,,,120,Orden de Compra,02/04/2026,1 - 134,Registrado,02/09/2026,INVEN - 1502,Normal,05/26/2026
,,,,,,,,,,,,,,,,,
,,,,,,,,,,,,,,,INVEN - 1883,Normal,07/01/2026
,,,,,,,,,,,,,,,,,
,,,,,,,,,,,,,,,,,
,,,,,,,,,,,,,,,,,
,,,,,,,,,,,,,,,,,
164,Sol. de Gastos,01/20/2026,1 - 378,Confirmado,02/11/2026,164 - 1,Normal,02/19/2026,240,Orden de Compra,02/26/2026,1 - 212,Registrado,02/26/2026,INVEN - 576,Normal,03/09/2026
,,,,,,,,,,,,,,,,,
,,,,,,,,,,,,,,,,,
,,,,,,,,,,,,,,,,,
,,,,,,,,,,,,,,,,,
165,Sol. de Gastos,01/20/2026,1 - 427,Confirmado,02/23/2026,186 - 1,Normal,02/23/2026,288,Orden de Compra,03/09/2026,1 - 258,Registrado,03/09/2026,INVEN - 938,Normal,04/09/2026
,,,,,,,,,,,,,,,,,
,,,,,,,,,,,,,,,,,
,,,,,,,,,,,,,,,,,
,,,,,,,,,,,,,,,,,
166,Sol. de Gastos,01/20/2026,1 - 459,Confirmado,02/23/2026,203 - 1,Normal,02/25/2026,382,Orden de Compra,03/19/2026,1 - 364,Registrado,03/19/2026,INVEN - 936,Normal,04/09/2026
,,,,,,,,,,,,,,,,,
,,,,,,,,,,,,,,,,,
,,,,,,,,,,,,,,,,,
,,,,,,,,,383,Orden de Compra,03/19/2026,1 - 365,Registrado,03/19/2026,INVEN - 1181,Normal,05/04/2026
,,,,,,,,,,,,,,,,,
,,,,,,,,,,,,,,,,,
,,,,,,,,,,,,,,,,,
,,,,,,,,,,,,,,,,,
167,Sol. de Gastos,01/20/2026,1 - 482,Confirmado,02/24/2026,201 - 1,Normal,02/25/2026,744,Anulado,05/06/2026,,,,,,
,,,,,,,,,,,,,,,,,
,,,,,,,,,746,Anulado,05/06/2026,,,,,,
,,,,,,,,,,,,,,,,,
,,,,,,,,,749,Orden de Compra,05/06/2026,1 - 726,Registrado,05/07/2026,,,
,,,,,,,,,,,,,,,,,
,,,,,,,,,,,,1 - 703,Anulado,05/06/2026,,,
,,,,,,,,,,,,,,,,,
,,,,,,,,,,,,,,,,,
,,,,,,,,,,,,,,,,,
,,,,,,,,,750,Orden de Compra,05/06/2026,1 - 725,Registrado,05/07/2026,INVEN - 1546,Normal,05/29/2026
,,,,,,,,,,,,,,,,,
,,,,,,,,,,,,1 - 704,Anulado,05/06/2026,,,
,,,,,,,,,,,,,,,,,
,,,,,,,,,,,,,,,,,
,,,,,,,,,,,,,,,,,
,,,,,,,,,,,,,,,,,
168,Sol. de Gastos,01/20/2026,1 - 425,Confirmado,02/23/2026,177 - 1,Normal,02/23/2026,226,Orden de Compra,02/25/2026,1 - 356,Registrado,03/18/2026,INVEN - 1019,Normal,04/20/2026
,,,,,,,,,,,,,,,,,
,,,,,,,,,,,,,,,,,
,,,,,,,,,,,,,,,,,
,,,,,,,,,,,,,,,,,
169,Ped. Suministros,01/20/2026,1 - 248,Anulado,01/26/2026,115 - 1,Anulado,01/27/2026,,,,,,,,,
,,,,,,,,,,,,,,,,,
,,,,,,,,,,,,,,,,,
170,Sol. de Gastos,01/20/2026,1 - 214,Confirmado,01/21/2026,80 - 1,Normal,01/22/2026,60,Orden de Compra,01/23/2026,1 - 58,Registrado,01/23/2026,INVEN - 324,Normal,02/04/2026
,,,,,,,,,,,,,,,,,
,,,,,,,,,,,,,,,INVEN - 383,Normal,02/23/2026
,,,,,,,,,,,,,,,,,
,,,,,,,,,,,,,,,INVEN - 739,Normal,03/18/2026
,,,,,,,,,,,,,,,,,
,,,,,,,,,,,,,,,,,
,,,,,,,,,,,,,,,,,
,,,,,,,,,,,,,,,,,
171,Sol. de Gastos,01/21/2026,1 - 218,Confirmado,01/22/2026,84 - 1,Normal,01/22/2026,77,Orden de Compra,01/29/2026,1 - 75,Registrado,01/29/2026,INVEN - 374,Normal,02/13/2026
,,,,,,,,,,,,,,,,,
,,,,,,,,,,,,,,,,,
,,,,,,,,,,,,,,,,,
,,,,,,,,,,,,,,,,,
172,Sol. de Gastos,01/21/2026,1 - 341,Confirmado,02/10/2026,157 - 1,Normal,02/10/2026,202,Orden de Compra,02/13/2026,1 - 169,Registrado,02/13/2026,INVEN - 641,Normal,03/11/2026
,,,,,,,,,,,,,,,,,
,,,,,,,,,,,,,,,,,
,,,,,,,,,,,,,,,,,
,,,,,,,,,,,,,,,,,
173,Sol. de Gastos,01/21/2026,1 - 842,Confirmado,03/20/2026,345 - 1,Normal,03/26/2026,463,Orden de Compra,03/30/2026,1 - 437,Registrado,03/30/2026,INVEN - 1526,Normal,05/28/2026
,,,,,,,,,,,,,,,,,
,,,,,,,,,,,,,,,,,
,,,,,,,,,,,,,,,,,
,,,,,,,,,,,,,,,,,
174,Sol. de Gastos,01/21/2026,1 - 204,Confirmado,01/21/2026,72 - 1,Normal,01/22/2026,59,Orden de Compra,01/23/2026,1 - 57,Registrado,01/23/2026,INVEN - 429,Normal,02/25/2026
,,,,,,,,,,,,,,,,,
,,,,,,,,,,,,,,,,,
,,,,,,,,,,,,,,,,,
,,,,,,,,,,,,,,,,,
175,Sol. de Gastos,01/21/2026,1 - 342,Confirmado,02/10/2026,144 - 1,Normal,02/10/2026,196,Orden de Compra,02/13/2026,1 - 165,Registrado,02/13/2026,INVEN - 729,Normal,03/18/2026
,,,,,,,,,,,,,,,,,
,,,,,,,,,,,,,,,,,
,,,,,,,,,,,,,,,,,
,,,,,,,,,,,,,,,,,
176,Ped. Suministros,01/21/2026,,,,,,,,,,,,,,,
,,,,,,,,,,,,,,,,,
,,,,,,,,,,,,,,,,,
177,Sol. de Gastos,01/21/2026,1 - 839,Confirmado,03/20/2026,352 - 1,Normal,03/26/2026,513,Orden de Compra,04/01/2026,1 - 468,Registrado,04/01/2026,INVEN - 1085,Normal,04/23/2026
,,,,,,,,,,,,,,,,,
,,,,,,,,,,,,,,,,,
,,,,,,,,,,,,,,,,,
,,,,,,,,,514,Orden de Compra,04/01/2026,1 - 469,Registrado,04/01/2026,INVEN - 1305,Normal,05/13/2026
,,,,,,,,,,,,,,,,,
,,,,,,,,,,,,,,,,,
,,,,,,,,,,,,,,,,,
,,,,,,,,,,,,,,,,,
178,Sol. de Gastos,01/21/2026,1 - 343,Confirmado,02/10/2026,150 - 1,Normal,02/10/2026,1213,Orden de Compra,07/16/2026,1 - 1163,Registrado,07/16/2026,INVEN - 2139,Normal,07/28/2026
,,,,,,,,,,,,,,,,,
,,,,,,,,,,,,,,,,,
,,,,,,,,,,,,,,,,,
,,,,,,,,,,,,,,,,,
179,Sol. de Gastos,01/21/2026,1 - 429,Confirmado,02/23/2026,183 - 1,Normal,02/23/2026,237,Orden de Compra,02/26/2026,1 - 208,Registrado,02/26/2026,INVEN - 1248,Normal,05/08/2026
,,,,,,,,,,,,,,,,,
,,,,,,,,,,,,,,,INVEN - 890,Normal,04/07/2026
,,,,,,,,,,,,,,,,,
,,,,,,,,,,,,,,,,,
,,,,,,,,,,,,,,,,,
,,,,,,,,,238,Orden de Compra,02/26/2026,1 - 209,Registrado,02/26/2026,INVEN - 1007,Normal,04/20/2026
,,,,,,,,,,,,,,,,,
,,,,,,,,,,,,,,,INVEN - 1032,Normal,04/20/2026
,,,,,,,,,,,,,,,,,
,,,,,,,,,,,,,,,INVEN - 688,Normal,03/13/2026
,,,,,,,,,,,,,,,,,
,,,,,,,,,,,,,,,INVEN - 689,Normal,03/13/2026
,,,,,,,,,,,,,,,,,
,,,,,,,,,,,,,,,,,
,,,,,,,,,,,,,,,,,
,,,,,,,,,,,,,,,,,
180,Sol. de Gastos,01/21/2026,1 - 344,Confirmado,02/10/2026,151 - 1,Normal,02/10/2026,398,Orden de Compra,03/20/2026,1 - 373,Registrado,03/20/2026,INVEN - 962,Normal,04/13/2026
,,,,,,,,,,,,,,,,,
,,,,,,,,,,,,,,,,,
,,,,,,,,,,,,,,,,,
,,,,,,,,,,,,,,,,,
181,Sol. de Gastos,01/21/2026,1 - 229,Confirmado,01/23/2026,109 - 1,Normal,01/23/2026,71,Orden de Compra,01/27/2026,1 - 69,Registrado,01/27/2026,INVEN - 708,Normal,03/17/2026
,,,,,,,,,,,,,,,,,
,,,,,,,,,,,,,,,,,
,,,,,,,,,,,,,,,,,
,,,,,,,,,,,,,,,,,
182,Ped. Suministros,01/21/2026,,,,,,,,,,,,,,,
,,,,,,,,,,,,,,,,,
,,,,,,,,,,,,,,,,,
183,Sol. de Gastos,01/22/2026,1 - 225,Confirmado,01/23/2026,104 - 1,Normal,01/23/2026,68,Orden de Compra,01/27/2026,1 - 67,Registrado,01/27/2026,INVEN - 454,Normal,02/26/2026
,,,,,,,,,,,,,,,,,
,,,,,,,,,,,,,,,,,
,,,,,,,,,,,,,,,,,
,,,,,,,,,,,,,,,,,
184,Sol. de Gastos,01/22/2026,1 - 985,Confirmado,04/01/2026,386 - 1,Normal,04/06/2026,542,Anulado,04/09/2026,,,,,,
,,,,,,,,,,,,,,,,,
,,,,,,,,,543,Orden de Compra,04/09/2026,1 - 544,Registrado,04/14/2026,INVEN - 1536,Anulada,05/28/2026
,,,,,,,,,,,,,,,,,
,,,,,,,,,,,,,,,INVEN - 2036,Normal,07/17/2026
,,,,,,,,,,,,,,,,,
,,,,,,,,,,,,,,,,,
,,,,,,,,,,,,,,,,,
,,,,,,,,,,,,,,,,,
185,Ped. Suministros,01/22/2026,,,,,,,,,,,,,,,
,,,,,,,,,,,,,,,,,
,,,,,,,,,,,,,,,,,
186,Sol. de Gastos,01/22/2026,1 - 223,Confirmado,01/22/2026,103 - 1,Normal,01/23/2026,80,Orden de Compra,01/30/2026,1 - 78,Anulado,01/30/2026,,,
,,,,,,,,,,,,,,,,,
,,,,,,,,,,,,1 - 118,Registrado,02/05/2026,ALMAC - 10,Confirmada,04/07/2026
,,,,,,,,,,,,,,,,,
,,,,,,,,,,,,,,,ALMAC - 2,Confirmada,02/20/2026
,,,,,,,,,,,,,,,,,
,,,,,,,,,,,,,,,ALMAC - 7,Confirmada,04/07/2026
,,,,,,,,,,,,,,,,,
,,,,,,,,,,,,,,,ALMAC - 8,Confirmada,04/07/2026
,,,,,,,,,,,,,,,,,
,,,,,,,,,,,,,,,ALMAC - 9,Confirmada,04/07/2026
,,,,,,,,,,,,,,,,,
,,,,,,,,,,,,,,,,,
,,,,,,,,,,,,,,,,,
,,,,,,,,,,,,,,,,,
188,Sol. de Gastos,01/22/2026,1 - 277,Confirmado,02/03/2026,132 - 1,Normal,02/04/2026,155,Orden de Compra,02/09/2026,1 - 133,Registrado,02/09/2026,INVEN - 461,Normal,02/26/2026
,,,,,,,,,,,,,,,,,
,,,,,,,,,,,,,,,,,
,,,,,,,,,,,,,,,,,
,,,,,,,,,,,,,,,,,
190,Sol. de Gastos,01/22/2026,1 - 230,Confirmado,01/23/2026,110 - 1,Normal,01/23/2026,180,Orden de Compra,02/11/2026,1 - 153,Registrado,02/11/2026,INVEN - 809,Normal,03/26/2026
,,,,,,,,,,,,,,,,,
,,,,,,,,,,,,,,,,,
,,,,,,,,,,,,,,,,,
,,,,,,,,,,,,,,,,,
191,Sol. de Gastos,01/22/2026,1 - 345,Confirmado,02/10/2026,146 - 1,Normal,02/10/2026,214,Orden de Compra,02/20/2026,1 - 181,Registrado,02/20/2026,INVEN - 578,Normal,03/09/2026
,,,,,,,,,,,,,,,,,
,,,,,,,,,,,,,,,INVEN - 579,Normal,03/09/2026
,,,,,,,,,,,,,,,,,
,,,,,,,,,,,,,,,INVEN - 581,Normal,03/09/2026
,,,,,,,,,,,,,,,,,
,,,,,,,,,,,,,,,,,
,,,,,,,,,,,,,,,,,
,,,,,,,,,,,,,,,,,
192,Sol. de Gastos,01/22/2026,1 - 237,Confirmado,01/26/2026,113 - 1,Normal,01/26/2026,69,Orden de Compra,01/27/2026,1 - 68,Registrado,01/27/2026,,,
,,,,,,,,,,,,,,,,,
,,,,,,,,,,,,,,,,,
,,,,,,,,,,,,,,,,,
,,,,,,,,,,,,,,,,,
193,Sol. de Gastos,01/22/2026,1 - 346,Confirmado,02/10/2026,152 - 1,Normal,02/10/2026,217,Orden de Compra,02/23/2026,1 - 184,Registrado,02/23/2026,INVEN - 811,Normal,03/26/2026
,,,,,,,,,,,,,,,,,
,,,,,,,,,,,,,,,,,
,,,,,,,,,,,,,,,,,
,,,,,,,,,218,Orden de Compra,02/23/2026,1 - 185,Registrado,02/23/2026,INVEN - 893,Normal,04/07/2026
,,,,,,,,,,,,,,,,,
,,,,,,,,,,,,,,,,,
,,,,,,,,,,,,,,,,,
,,,,,,,,,,,,,,,,,
194,Sol. de Gastos,01/22/2026,1 - 347,Confirmado,02/10/2026,148 - 1,Normal,02/10/2026,211,Orden de Compra,02/20/2026,1 - 178,Registrado,02/20/2026,INVEN - 580,Normal,03/09/2026
,,,,,,,,,,,,,,,,,
,,,,,,,,,,,,,,,,,
,,,,,,,,,,,,,,,,,
,,,,,,,,,,,,,,,,,
196,Sol. de Gastos,01/22/2026,1 - 228,Confirmado,01/23/2026,108 - 1,Normal,01/23/2026,210,Orden de Compra,02/20/2026,1 - 177,Registrado,02/20/2026,INVEN - 436,Normal,02/25/2026
,,,,,,,,,,,,,,,,,
,,,,,,,,,,,,,,,,,
,,,,,,,,,,,,,,,,,
,,,,,,,,,,,,,,,,,
197,Ped. Suministros,01/22/2026,,,,,,,,,,,,,,,
,,,,,,,,,,,,,,,,,
,,,,,,,,,,,,,,,,,
198,Sol. de Gastos,01/23/2026,1 - 264,Confirmado,01/29/2026,126 - 1,Normal,02/02/2026,171,Orden de Compra,02/10/2026,1 - 144,Registrado,02/10/2026,INVEN - 499,Normal,02/27/2026
,,,,,,,,,,,,,,,,,
,,,,,,,,,,,,,,,,,
,,,,,,,,,,,,,,,,,
,,,,,,,,,172,Orden de Compra,02/10/2026,1 - 145,Registrado,02/10/2026,INVEN - 500,Normal,02/27/2026
,,,,,,,,,,,,,,,,,
,,,,,,,,,,,,,,,,,
,,,,,,,,,,,,,,,,,
,,,,,,,,,,,,,,,,,
199,Sol. de Gastos,01/23/2026,1 - 475,Confirmado,02/24/2026,204 - 1,Normal,02/25/2026,289,Orden de Compra,03/09/2026,1 - 259,Registrado,03/09/2026,INVEN - 1135,Normal,04/28/2026
,,,,,,,,,,,,,,,,,
,,,,,,,,,,,,,,,INVEN - 1602,Normal,06/03/2026
,,,,,,,,,,,,,,,,,
,,,,,,,,,,,,,,,INVEN - 760,Normal,03/19/2026
,,,,,,,,,,,,,,,,,
,,,,,,,,,,,,,,,,,
,,,,,,,,,,,,,,,,,
,,,,,,,,,290,Orden de Compra,03/09/2026,1 - 260,Registrado,03/09/2026,INVEN - 709,Normal,03/17/2026
,,,,,,,,,,,,,,,,,
,,,,,,,,,,,,,,,,,
,,,,,,,,,,,,,,,,,
,,,,,,,,,291,Orden de Compra,03/09/2026,1 - 261,Registrado,03/09/2026,INVEN - 828,Normal,03/27/2026
,,,,,,,,,,,,,,,,,
,,,,,,,,,,,,,,,,,
,,,,,,,,,,,,,,,,,
,,,,,,,,,292,Orden de Compra,03/09/2026,1 - 271,Registrado,03/10/2026,INVEN - 1447,Normal,05/21/2026
,,,,,,,,,,,,,,,,,
,,,,,,,,,,,,1 - 262,Anulado,03/09/2026,,,
,,,,,,,,,,,,,,,,,
,,,,,,,,,,,,,,,,,
,,,,,,,,,,,,,,,,,
,,,,,,,,,,,,,,,,,
200,Sol. de Gastos,01/23/2026,1 - 348,Confirmado,02/10/2026,156 - 1,Normal,02/10/2026,179,Orden de Compra,02/11/2026,1 - 152,Registrado,02/11/2026,INVEN - 829,Normal,03/27/2026
,,,,,,,,,,,,,,,,,
,,,,,,,,,,,,,,,,,
,,,,,,,,,,,,,,,,,
,,,,,,,,,,,,,,,,,
201,Sol. de Gastos,01/26/2026,1 - 257,Confirmado,01/28/2026,122 - 1,Normal,01/29/2026,112,Orden de Compra,02/04/2026,1 - 164,Registrado,02/12/2026,INVEN - 807,Normal,03/26/2026
,,,,,,,,,,,,,,,,,
,,,,,,,,,,,,1 - 108,Anulado,02/04/2026,,,
,,,,,,,,,,,,,,,,,
,,,,,,,,,,,,,,,,,
,,,,,,,,,,,,,,,,,
,,,,,,,,,,,,,,,,,
202,Sol. de Gastos,01/26/2026,1 - 258,Confirmado,01/28/2026,121 - 1,Normal,01/29/2026,87,Orden de Compra,02/03/2026,1 - 85,Registrado,02/03/2026,INVEN - 1392,Normal,05/19/2026
,,,,,,,,,,,,,,,,,
,,,,,,,,,,,,,,,,,
,,,,,,,,,,,,,,,,,
,,,,,,,,,,,,,,,,,
203,Sol. de Gastos,01/26/2026,1 - 254,Confirmado,01/27/2026,119 - 1,Normal,01/28/2026,191,Orden de Compra,02/12/2026,1 - 159,Registrado,02/12/2026,INVEN - 1569,Normal,05/29/2026
,,,,,,,,,,,,,,,,,
,,,,,,,,,,,,,,,INVEN - 1570,Normal,05/29/2026
,,,,,,,,,,,,,,,,,
,,,,,,,,,,,,,,,INVEN - 1571,Normal,05/29/2026
,,,,,,,,,,,,,,,,,
,,,,,,,,,,,,,,,INVEN - 2394,Normal,08/20/2026
,,,,,,,,,,,,,,,,,
,,,,,,,,,,,,,,,INVEN - 2395,Normal,08/20/2026
,,,,,,,,,,,,,,,,,
,,,,,,,,,,,,,,,,,
,,,,,,,,,,,,,,,,,
,,,,,,,,,,,,,,,,,
204,Sol. de Gastos,01/26/2026,1 - 349,Confirmado,02/10/2026,153 - 1,Normal,02/10/2026,178,Orden de Compra,02/11/2026,1 - 151,Registrado,02/11/2026,INVEN - 725,Normal,03/18/2026
,,,,,,,,,,,,,,,,,
,,,,,,,,,,,,,,,,,
,,,,,,,,,,,,,,,,,
,,,,,,,,,,,,,,,,,
205,Sol. de Gastos,01/27/2026,1 - 300,Confirmado,02/04/2026,133 - 1,Normal,02/04/2026,229,Orden de Compra,02/25/2026,1 - 196,Registrado,02/25/2026,INVEN - 570,Normal,03/06/2026
,,,,,,,,,,,,,,,,,
,,,,,,,,,,,,,,,,,
,,,,,,,,,,,,,,,,,
,,,,,,,,,,,,,,,,,
206,Sol. de Gastos,01/27/2026,1 - 255,Confirmado,01/27/2026,120 - 1,Normal,01/28/2026,192,Orden de Compra,02/12/2026,1 - 160,Registrado,02/12/2026,INVEN - 1566,Normal,05/29/2026
,,,,,,,,,,,,,,,,,
,,,,,,,,,,,,,,,INVEN - 1567,Normal,05/29/2026
,,,,,,,,,,,,,,,,,
,,,,,,,,,,,,,,,INVEN - 1568,Normal,05/29/2026
,,,,,,,,,,,,,,,,,
,,,,,,,,,,,,,,,INVEN - 2441,Normal,08/27/2026
,,,,,,,,,,,,,,,,,
,,,,,,,,,,,,,,,INVEN - 2443,Normal,08/27/2026
,,,,,,,,,,,,,,,,,
,,,,,,,,,,,,,,,,,
,,,,,,,,,,,,,,,,,
,,,,,,,,,,,,,,,,,
207,Sol. de Gastos,01/27/2026,1 - 267,Confirmado,02/02/2026,127 - 1,Normal,02/02/2026,266,Orden de Compra,03/04/2026,1 - 239,Registrado,03/04/2026,INVEN - 600,Normal,03/10/2026
,,,,,,,,,,,,,,,,,
,,,,,,,,,,,,,,,,,
,,,,,,,,,,,,,,,,,
,,,,,,,,,,,,,,,,,
209,Sol. de Gastos,01/27/2026,1 - 414,Confirmado,02/20/2026,172 - 1,Normal,02/23/2026,431,Orden de Compra,03/25/2026,1 - 511,Registrado,04/09/2026,INVEN - 1303,Normal,05/13/2026
,,,,,,,,,,,,,,,,,
,,,,,,,,,,,,,,,INVEN - 1513,Normal,05/27/2026
,,,,,,,,,,,,,,,,,
,,,,,,,,,,,,,,,,,
,,,,,,,,,,,,,,,,,
,,,,,,,,,,,,,,,,,
210,Sol. de Gastos,01/27/2026,1 - 514,Confirmado,02/26/2026,226 - 1,Normal,02/26/2026,284,Anulado,03/06/2026,,,,,,
,,,,,,,,,,,,,,,,,
,,,,,,,,,305,Orden de Compra,03/10/2026,1 - 280,Registrado,03/10/2026,INVEN - 889,Normal,04/07/2026
,,,,,,,,,,,,,,,,,
,,,,,,,,,,,,,,,,,
,,,,,,,,,,,,,,,,,
,,,,,,,,,306,Orden de Compra,03/10/2026,1 - 281,Registrado,03/10/2026,INVEN - 812,Normal,03/26/2026
,,,,,,,,,,,,,,,,,
,,,,,,,,,,,,,,,,,
,,,,,,,,,,,,,,,,,
,,,,,,,,,,,,,,,,,
211,Sol. de Gastos,01/28/2026,1 - 430,Confirmado,02/23/2026,185 - 1,Normal,02/23/2026,719,Orden de Compra,04/29/2026,1 - 669,Registrado,04/29/2026,,,
,,,,,,,,,,,,,,,,,
,,,,,,,,,,,,,,,,,
,,,,,,,,,,,,,,,,,
,,,,,,,,,,,,,,,,,
212,Sol. de Gastos,01/28/2026,1 - 352,Confirmado,02/10/2026,149 - 1,Normal,02/10/2026,496,Orden de Compra,04/01/2026,1 - 452,Registrado,04/01/2026,,,
,,,,,,,,,,,,,,,,,
,,,,,,,,,,,,,,,,,
,,,,,,,,,,,,,,,,,
,,,,,,,,,,,,,,,,,
213,Sol. de Gastos,01/28/2026,1 - 350,Confirmado,02/10/2026,155 - 1,Normal,02/10/2026,197,Orden de Compra,02/13/2026,1 - 166,Registrado,02/13/2026,INVEN - 1977,Normal,07/13/2026
,,,,,,,,,,,,,,,,,
,,,,,,,,,,,,,,,,,
,,,,,,,,,,,,,,,,,
,,,,,,,,,,,,,,,,,
214,Ped. Suministros,01/28/2026,,,,,,,,,,,,,,,
,,,,,,,,,,,,,,,,,
,,,,,,,,,,,,,,,,,
215,Ped. Suministros,01/28/2026,,,,,,,,,,,,,,,
,,,,,,,,,,,,,,,,,
,,,,,,,,,,,,,,,,,
216,Ped. Suministros,01/28/2026,1 - 263,Anulado,01/29/2026,123 - 1,Anulado,01/30/2026,,,,,,,,,
,,,,,,,,,,,,,,,,,
,,,,,,,,,,,,,,,,,
217,Sol. de Gastos,01/28/2026,1 - 368,Confirmado,02/10/2026,158 - 1,Normal,02/11/2026,206,Orden de Compra,02/18/2026,1 - 173,Registrado,02/18/2026,,,
,,,,,,,,,,,,,,,,,
,,,,,,,,,,,,,,,,,
,,,,,,,,,,,,,,,,,
,,,,,,,,,,,,,,,,,
218,Sol. de Gastos,01/29/2026,1 - 351,Confirmado,02/10/2026,154 - 1,Normal,02/10/2026,186,Orden de Compra,02/11/2026,1 - 156,Registrado,02/11/2026,INVEN - 1416,Normal,05/20/2026
,,,,,,,,,,,,,,,,,
,,,,,,,,,,,,,,,INVEN - 762,Normal,03/19/2026
,,,,,,,,,,,,,,,,,
,,,,,,,,,,,,,,,INVEN - 991,Normal,04/17/2026
,,,,,,,,,,,,,,,,,
,,,,,,,,,,,,,,,,,
,,,,,,,,,,,,,,,,,
,,,,,,,,,,,,,,,,,
219,Sol. de Gastos,01/29/2026,1 - 415,Confirmado,02/20/2026,191 - 1,Normal,02/23/2026,393,Anulado,03/19/2026,,,,,,
,,,,,,,,,,,,,,,,,
,,,,,,,,,395,Orden de Compra,03/19/2026,1 - 370,Registrado,03/19/2026,INVEN - 895,Normal,04/07/2026
,,,,,,,,,,,,,,,,,
,,,,,,,,,,,,,,,,,
,,,,,,,,,,,,,,,,,
,,,,,,,,,396,Orden de Compra,03/19/2026,1 - 371,Registrado,03/19/2026,INVEN - 896,Normal,04/07/2026
,,,,,,,,,,,,,,,,,
,,,,,,,,,,,,,,,,,
,,,,,,,,,,,,,,,,,
,,,,,,,,,,,,,,,,,
220,Sol. de Gastos,01/29/2026,1 - 408,Confirmado,02/20/2026,175 - 1,Normal,02/23/2026,330,Orden de Compra,03/12/2026,1 - 314,Registrado,03/12/2026,INVEN - 785,Normal,03/20/2026
,,,,,,,,,,,,,,,,,
,,,,,,,,,,,,,,,,,
,,,,,,,,,,,,,,,,,
,,,,,,,,,,,,,,,,,
221,Sol. de Gastos,01/29/2026,1 - 597,Confirmado,03/03/2026,246 - 1,Normal,03/04/2026,304,Orden de Compra,03/10/2026,1 - 279,Registrado,03/10/2026,INVEN - 797,Normal,03/25/2026
,,,,,,,,,,,,,,,,,
,,,,,,,,,,,,,,,,,
,,,,,,,,,,,,,,,,,
,,,,,,,,,,,,,,,,,
222,Ped. Suministros,01/29/2026,,,,,,,,,,,,,,,
,,,,,,,,,,,,,,,,,
,,,,,,,,,,,,,,,,,
223,Sol. de Gastos,01/29/2026,1 - 864,Confirmado,03/26/2026,362 - 1,Normal,03/27/2026,596,Orden de Compra,04/15/2026,1 - 564,Registrado,04/15/2026,INVEN - 2241,Normal,08/07/2026
,,,,,,,,,,,,,,,,,
,,,,,,,,,,,,,,,,,
,,,,,,,,,,,,,,,,,
,,,,,,,,,,,,,,,,,
224,Sol. de Gastos,01/29/2026,1 - 318,Confirmado,02/06/2026,139 - 1,Normal,02/06/2026,212,Orden de Compra,02/20/2026,1 - 179,Registrado,02/20/2026,INVEN - 435,Normal,02/25/2026
,,,,,,,,,,,,,,,,,
,,,,,,,,,,,,,,,,,
,,,,,,,,,,,,,,,,,
,,,,,,,,,,,,,,,,,
225,Sol. de Gastos,01/29/2026,1 - 370,Confirmado,02/10/2026,159 - 1,Normal,02/11/2026,184,Orden de Compra,02/11/2026,1 - 154,Registrado,02/11/2026,INVEN - 382,Normal,02/23/2026
,,,,,,,,,,,,,,,,,
,,,,,,,,,,,,,,,,,
,,,,,,,,,,,,,,,,,
,,,,,,,,,,,,,,,,,
226,Sol. de Gastos,01/30/2026,1 - 686,Confirmado,03/11/2026,294 - 1,Normal,03/13/2026,441,Orden de Compra,03/26/2026,1 - 410,Registrado,03/26/2026,INVEN - 1436,Normal,05/20/2026
,,,,,,,,,,,,,,,,,
,,,,,,,,,,,,,,,,,
,,,,,,,,,,,,,,,,,
,,,,,,,,,442,Orden de Compra,03/26/2026,1 - 411,Registrado,03/26/2026,INVEN - 927,Normal,04/09/2026
,,,,,,,,,,,,,,,,,
,,,,,,,,,,,,,,,,,
,,,,,,,,,,,,,,,,,
,,,,,,,,,,,,,,,,,
227,Sol. de Gastos,01/30/2026,1 - 265,Confirmado,01/30/2026,124 - 1,Normal,01/30/2026,185,Orden de Compra,02/11/2026,1 - 155,Registrado,02/11/2026,INVEN - 381,Normal,02/23/2026
,,,,,,,,,,,,,,,,,
,,,,,,,,,,,,,,,INVEN - 526,Normal,03/03/2026
,,,,,,,,,,,,,,,,,
,,,,,,,,,,,,,,,INVEN - 907,Normal,04/09/2026
,,,,,,,,,,,,,,,,,
,,,,,,,,,,,,,,,,,
,,,,,,,,,,,,,,,,,
,,,,,,,,,,,,,,,,,
228,Sol. de Gastos,01/30/2026,1 - 376,Confirmado,02/11/2026,162 - 1,Normal,02/11/2026,219,Orden de Compra,02/23/2026,1 - 186,Registrado,02/23/2026,INVEN - 1390,Normal,05/19/2026
,,,,,,,,,,,,,,,,,
,,,,,,,,,,,,,,,,,
,,,,,,,,,,,,,,,,,
,,,,,,,,,,,,,,,,,
229,Sol. de Gastos,01/30/2026,1 - 485,Confirmado,02/24/2026,214 - 1,Normal,02/25/2026,318,Orden de Compra,03/11/2026,1 - 295,Registrado,03/11/2026,INVEN - 1255,Normal,05/11/2026
,,,,,,,,,,,,,,,,,
,,,,,,,,,,,,,,,INVEN - 1256,Normal,05/11/2026
,,,,,,,,,,,,,,,,,
,,,,,,,,,,,,,,,INVEN - 875,Normal,04/06/2026
,,,,,,,,,,,,,,,,,
,,,,,,,,,,,,,,,,,
,,,,,,,,,,,,,,,,,
,,,,,,,,,319,Orden de Compra,03/11/2026,1 - 296,Registrado,03/11/2026,INVEN - 808,Normal,03/26/2026
,,,,,,,,,,,,,,,,,
,,,,,,,,,,,,,,,,,
,,,,,,,,,,,,,,,,,
,,,,,,,,,,,,,,,,,
230,Sol. de Gastos,02/02/2026,1 - 481,Confirmado,02/24/2026,207 - 1,Normal,02/25/2026,497,Orden de Compra,04/01/2026,1 - 453,Registrado,04/01/2026,INVEN - 1525,Normal,05/28/2026
,,,,,,,,,,,,,,,,,
,,,,,,,,,,,,,,,,,
,,,,,,,,,,,,,,,,,
,,,,,,,,,,,,,,,,,
231,Sol. de Gastos,02/02/2026,1 - 635,Confirmado,03/05/2026,268 - 1,Normal,03/06/2026,341,Orden de Compra,03/13/2026,1 - 323,Registrado,03/13/2026,INVEN - 1388,Normal,05/19/2026
,,,,,,,,,,,,,,,,,
,,,,,,,,,,,,,,,,,
,,,,,,,,,,,,,,,,,
,,,,,,,,,,,,,,,,,
232,Sol. de Gastos,02/02/2026,1 - 272,Confirmado,02/02/2026,128 - 1,Normal,02/02/2026,86,Anulado,02/03/2026,1 - 84,Anulado,02/03/2026,,,
,,,,,,,,,,,,,,,,,
,,,,,,,,,,,,,,,,,
,,,,,,,,,,,,,,,,,
,,,,,,,,,108,Orden de Compra,02/04/2026,1 - 106,Registrado,02/04/2026,INVEN - 400,Normal,02/24/2026
,,,,,,,,,,,,,,,,,
,,,,,,,,,,,,,,,,,
,,,,,,,,,,,,,,,,,
,,,,,,,,,,,,,,,,,
233,Sol. de Gastos,02/02/2026,1 - 641,Confirmado,03/05/2026,274 - 1,Normal,03/09/2026,368,Orden de Compra,03/17/2026,1 - 349,Registrado,03/17/2026,INVEN - 1243,Normal,05/08/2026
,,,,,,,,,,,,,,,,,
,,,,,,,,,,,,,,,,,
,,,,,,,,,,,,,,,,,
,,,,,,,,,,,,,,,,,
234,Sol. de Gastos,02/02/2026,1 - 420,Confirmado,02/20/2026,169 - 1,Normal,02/23/2026,222,Orden de Compra,02/24/2026,1 - 312,Registrado,03/12/2026,INVEN - 1413,Normal,05/20/2026
,,,,,,,,,,,,,,,,,
,,,,,,,,,,,,,,,INVEN - 1610,Normal,06/04/2026
,,,,,,,,,,,,,,,,,
,,,,,,,,,,,,,,,INVEN - 830,Normal,03/27/2026
,,,,,,,,,,,,,,,,,
,,,,,,,,,,,,,,,,,
,,,,,,,,,,,,,,,,,
,,,,,,,,,,,,,,,,,
235,Sol. de Gastos,02/02/2026,1 - 409,Confirmado,02/20/2026,171 - 1,Normal,02/23/2026,221,Orden de Compra,02/24/2026,1 - 188,Registrado,02/24/2026,INVEN - 902,Normal,04/09/2026
,,,,,,,,,,,,,,,,,
,,,,,,,,,,,,,,,,,
,,,,,,,,,,,,,,,,,
,,,,,,,,,,,,,,,,,
236,Sol. de Gastos,02/02/2026,1 - 303,Confirmado,02/04/2026,134 - 1,Normal,02/04/2026,128,Orden de Compra,02/06/2026,1 - 120,Registrado,02/06/2026,INVEN - 430,Normal,02/25/2026
,,,,,,,,,,,,,,,,,
,,,,,,,,,,,,,,,,,
,,,,,,,,,,,,,,,,,
,,,,,,,,,,,,,,,,,
237,Sol. de Gastos,02/02/2026,1 - 301,Confirmado,02/04/2026,136 - 1,Normal,02/05/2026,140,Orden de Compra,02/06/2026,1 - 124,Registrado,02/06/2026,INVEN - 1098,Normal,04/24/2026
,,,,,,,,,,,,,,,,,
,,,,,,,,,,,,,,,INVEN - 1262,Normal,05/11/2026
,,,,,,,,,,,,,,,,,
,,,,,,,,,,,,,,,INVEN - 1754,Normal,06/12/2026
,,,,,,,,,,,,,,,,,
,,,,,,,,,,,,,,,INVEN - 540,Normal,03/04/2026
,,,,,,,,,,,,,,,,,
,,,,,,,,,,,,,,,,,
,,,,,,,,,,,,,,,,,
,,,,,,,,,,,,,,,,,
238,Sol. de Gastos,02/02/2026,1 - 802,Confirmado,03/19/2026,326 - 1,Normal,03/20/2026,520,Orden de Compra,04/06/2026,1 - 475,Registrado,04/06/2026,INVEN - 1360,Normal,05/15/2026
,,,,,,,,,,,,,,,,,
,,,,,,,,,,,,,,,,,
,,,,,,,,,,,,,,,,,
,,,,,,,,,,,,,,,,,
239,Ped. Suministros,02/03/2026,,,,,,,,,,,,,,,
,,,,,,,,,,,,,,,,,
,,,,,,,,,,,,,,,,,
240,Sol. de Gastos,02/03/2026,1 - 640,Confirmado,03/05/2026,270 - 1,Normal,03/06/2026,1225,Orden de Compra,07/20/2026,1 - 1176,Registrado,07/20/2026,INVEN - 2428,Normal,08/24/2026
,,,,,,,,,,,,,,,,,
,,,,,,,,,,,,,,,,,
,,,,,,,,,,,,,,,,,
,,,,,,,,,1226,Orden de Compra,07/20/2026,1 - 1177,Registrado,07/20/2026,INVEN - 2273,Normal,08/10/2026
,,,,,,,,,,,,,,,,,
,,,,,,,,,,,,,,,,,
,,,,,,,,,,,,,,,,,
,,,,,,,,,1227,Orden de Compra,07/20/2026,1 - 1178,Registrado,07/20/2026,INVEN - 2227,Normal,08/06/2026
,,,,,,,,,,,,,,,,,
,,,,,,,,,,,,,,,,,
,,,,,,,,,,,,,,,,,
,,,,,,,,,,,,,,,,,
241,Sol. de Gastos,02/03/2026,1 - 419,Confirmado,02/20/2026,179 - 1,Normal,02/23/2026,263,Orden de Compra,03/04/2026,1 - 247,Registrado,03/06/2026,INVEN - 1180,Normal,05/04/2026
,,,,,,,,,,,,,,,,,
,,,,,,,,,,,,,,,,,
,,,,,,,,,,,,,,,,,
,,,,,,,,,264,Orden de Compra,03/04/2026,1 - 248,Registrado,03/06/2026,INVEN - 711,Normal,03/17/2026
,,,,,,,,,,,,,,,,,
,,,,,,,,,,,,,,,INVEN - 892,Normal,04/07/2026
,,,,,,,,,,,,,,,,,
,,,,,,,,,,,,,,,,,
,,,,,,,,,,,,,,,,,
,,,,,,,,,,,,,,,,,
242,Sol. de Gastos,02/03/2026,1 - 487,Confirmado,02/24/2026,215 - 1,Normal,02/25/2026,,,,,,,,,
,,,,,,,,,,,,,,,,,
,,,,,,215 - 2,Normal,03/05/2026,378,Orden de Compra,03/19/2026,1 - 361,Registrado,03/19/2026,INVEN - 868,Normal,04/01/2026
,,,,,,,,,,,,,,,,,
,,,,,,,,,,,,,,,,,
,,,,,,,,,,,,,,,,,
,,,,,,,,,379,Orden de Compra,03/19/2026,1 - 360,Registrado,03/19/2026,INVEN - 2034,Normal,07/16/2026
,,,,,,,,,,,,,,,,,
,,,,,,,,,,,,,,,,,
,,,,,,,,,,,,,,,,,
,,,,,,,,,,,,,,,,,
243,Sol. de Gastos,02/03/2026,1 - 478,Confirmado,02/24/2026,211 - 1,Normal,02/25/2026,255,Anulado,03/03/2026,1 - 231,Anulado,03/03/2026,,,
,,,,,,,,,,,,,,,,,
,,,,,,,,,,,,,,,,,
,,,,,,,,,,,,,,,,,
,,,,,,,,,418,Orden de Compra,03/20/2026,1 - 388,Registrado,03/20/2026,INVEN - 2153,Normal,07/29/2026
,,,,,,,,,,,,,,,,,
,,,,,,,,,,,,,,,,,
,,,,,,,,,,,,,,,,,
,,,,,,,,,419,Orden de Compra,03/20/2026,1 - 389,Registrado,03/20/2026,INVEN - 1071,Normal,04/23/2026
,,,,,,,,,,,,,,,,,
,,,,,,,,,,,,,,,,,
,,,,,,,,,,,,,,,,,
,,,,,,,,,,,,,,,,,
244,Sol. de Gastos,02/03/2026,1 - 332,Confirmado,02/09/2026,141 - 1,Normal,02/10/2026,278,Orden de Compra,03/05/2026,1 - 244,Registrado,03/05/2026,INVEN - 2397,Normal,08/20/2026
,,,,,,,,,,,,,,,,,
,,,,,,,,,,,,,,,,,
,,,,,,,,,,,,,,,,,
,,,,,,,,,,,,,,,,,
245,Sol. de Gastos,02/03/2026,1 - 418,Confirmado,02/20/2026,190 - 1,Normal,02/23/2026,228,Orden de Compra,02/25/2026,1 - 194,Registrado,02/25/2026,INVEN - 978,Normal,04/15/2026
,,,,,,,,,,,,,,,,,
,,,,,,,,,,,,,,,,,
,,,,,,,,,,,,,,,,,
,,,,,,,,,,,,,,,,,
246,Sol. de Gastos,02/03/2026,1 - 304,Confirmado,02/04/2026,135 - 1,Normal,02/05/2026,176,Orden de Compra,02/10/2026,1 - 149,Registrado,02/10/2026,INVEN - 585,Normal,03/09/2026
,,,,,,,,,,,,,,,,,
,,,,,,,,,,,,,,,,,
,,,,,,,,,,,,,,,,,
,,,,,,,,,,,,,,,,,
247,Sol. de Gastos,02/03/2026,1 - 634,Confirmado,03/05/2026,263 - 1,Normal,03/06/2026,361,Orden de Compra,03/17/2026,1 - 341,Registrado,03/17/2026,INVEN - 1033,Anulada,04/20/2026
,,,,,,,,,,,,,,,,,
,,,,,,,,,,,,,,,INVEN - 1967,Normal,07/08/2026
,,,,,,,,,,,,,,,,,
,,,,,,,,,,,,,,,INVEN - 1968,Normal,07/08/2026
,,,,,,,,,,,,,,,,,
,,,,,,,,,,,,,,,INVEN - 2442,Normal,08/27/2026
,,,,,,,,,,,,,,,,,
,,,,,,,,,,,,,,,,,
,,,,,,,,,,,,,,,,,
,,,,,,,,,362,Orden de Compra,03/17/2026,1 - 342,Registrado,03/17/2026,INVEN - 1246,Normal,05/08/2026
,,,,,,,,,,,,,,,,,
,,,,,,,,,,,,,,,INVEN - 1547,Normal,05/29/2026
,,,,,,,,,,,,,,,,,
,,,,,,,,,,,,,,,,,
,,,,,,,,,,,,,,,,,
,,,,,,,,,363,Orden de Compra,03/17/2026,1 - 343,Registrado,03/17/2026,INVEN - 1050,Normal,04/22/2026
,,,,,,,,,,,,,,,,,
,,,,,,,,,,,,,,,INVEN - 1374,Normal,05/19/2026
,,,,,,,,,,,,,,,,,
,,,,,,,,,,,,,,,,,
,,,,,,,,,,,,,,,,,
,,,,,,,,,364,Orden de Compra,03/17/2026,1 - 344,Registrado,03/17/2026,,,
,,,,,,,,,,,,,,,,,
,,,,,,,,,,,,,,,,,
,,,,,,,,,,,,,,,,,
,,,,,,,,,,,,,,,,,
248,Sol. de Gastos,02/03/2026,1 - 515,Confirmado,02/26/2026,230 - 1,Normal,02/27/2026,308,Orden de Compra,03/10/2026,1 - 283,Registrado,03/10/2026,INVEN - 1361,Normal,05/15/2026
,,,,,,,,,,,,,,,,,
,,,,,,,,,,,,,,,,,
,,,,,,,,,,,,,,,,,
,,,,,,,,,309,Orden de Compra,03/10/2026,1 - 284,Registrado,03/10/2026,INVEN - 1153,Normal,04/30/2026
,,,,,,,,,,,,,,,,,
,,,,,,,,,,,,,,,INVEN - 1423,Normal,05/20/2026
,,,,,,,,,,,,,,,,,
,,,,,,,,,,,,,,,INVEN - 1557,Normal,05/29/2026
,,,,,,,,,,,,,,,,,
,,,,,,,,,,,,,,,INVEN - 1641,Normal,06/05/2026
,,,,,,,,,,,,,,,,,
,,,,,,,,,,,,,,,,,
,,,,,,,,,,,,,,,,,
,,,,,,,,,310,Orden de Compra,03/10/2026,1 - 285,Registrado,03/10/2026,INVEN - 1027,Normal,04/20/2026
,,,,,,,,,,,,,,,,,
,,,,,,,,,,,,,,,INVEN - 2444,Normal,08/27/2026
,,,,,,,,,,,,,,,,,
,,,,,,,,,,,,,,,INVEN - 2445,Normal,08/27/2026
,,,,,,,,,,,,,,,,,
,,,,,,,,,,,,,,,,,
,,,,,,,,,,,,,,,,,
,,,,,,,,,,,,,,,,,
249,Sol. de Gastos,02/03/2026,1 - 516,Confirmado,02/26/2026,228 - 1,Normal,02/26/2026,320,Orden de Compra,03/11/2026,1 - 297,Registrado,03/11/2026,INVEN - 1042,Normal,04/21/2026
,,,,,,,,,,,,,,,,,
,,,,,,,,,,,,,,,INVEN - 1269,Normal,05/11/2026
,,,,,,,,,,,,,,,,,
,,,,,,,,,,,,,,,INVEN - 2396,Normal,08/20/2026
,,,,,,,,,,,,,,,,,
,,,,,,,,,,,,,,,INVEN - 955,Normal,04/13/2026
,,,,,,,,,,,,,,,,,
,,,,,,,,,,,,,,,,,
,,,,,,,,,,,,,,,,,
,,,,,,,,,,,,,,,,,
250,Sol. de Gastos,02/03/2026,1 - 354,Confirmado,02/10/2026,147 - 1,Normal,02/10/2026,187,Anulado,02/12/2026,1 - 157,Anulado,02/12/2026,,,
,,,,,,,,,,,,,,,,,
,,,,,,,,,,,,,,,,,
,,,,,,,,,,,,,,,,,
,,,,,,,,,215,Orden de Compra,02/23/2026,1 - 182,Registrado,02/23/2026,INVEN - 1148,Normal,04/29/2026
,,,,,,,,,,,,,,,,,
,,,,,,,,,,,,,,,,,
,,,,,,,,,,,,,,,,,
,,,,,,,,,216,Orden de Compra,02/23/2026,1 - 183,Registrado,02/23/2026,INVEN - 551,Normal,03/05/2026
,,,,,,,,,,,,,,,,,
,,,,,,,,,,,,,,,INVEN - 552,Normal,03/05/2026
,,,,,,,,,,,,,,,,,
,,,,,,,,,,,,,,,INVEN - 651,Normal,03/12/2026
,,,,,,,,,,,,,,,,,
,,,,,,,,,,,,,,,,,
,,,,,,,,,,,,,,,,,
,,,,,,,,,,,,,,,,,
251,Sol. de Gastos,02/04/2026,1 - 480,Confirmado,02/24/2026,202 - 1,Normal,02/25/2026,,,,,,,,,
,,,,,,,,,,,,,,,,,
,,,,,,202 - 2,Normal,03/06/2026,370,Orden de Compra,03/17/2026,1 - 350,Registrado,03/17/2026,INVEN - 1078,Normal,04/23/2026
,,,,,,,,,,,,,,,,,
,,,,,,,,,,,,,,,,,
,,,,,,,,,,,,,,,,,
,,,,,,,,,371,Orden de Compra,03/17/2026,1 - 351,Registrado,03/17/2026,INVEN - 1145,Normal,04/29/2026
,,,,,,,,,,,,,,,,,
,,,,,,,,,,,,,,,,,
,,,,,,,,,,,,,,,,,
,,,,,,,,,,,,,,,,,
252,Ped. Suministros,02/04/2026,,,,,,,,,,,,,,,
,,,,,,,,,,,,,,,,,
,,,,,,,,,,,,,,,,,
253,Sol. de Gastos,02/05/2026,1 - 417,Confirmado,02/20/2026,176 - 1,Normal,02/23/2026,313,Anulado,03/11/2026,1 - 290,Anulado,03/11/2026,,,
,,,,,,,,,,,,,,,,,
,,,,,,,,,,,,,,,,,
,,,,,,,,,,,,,,,,,
,,,,,,,,,314,Anulado,03/11/2026,1 - 291,Anulado,03/11/2026,,,
,,,,,,,,,,,,,,,,,
,,,,,,,,,,,,,,,,,
,,,,,,,,,,,,,,,,,
,,,,,,,,,315,Anulado,03/11/2026,1 - 292,Anulado,03/11/2026,,,
,,,,,,,,,,,,,,,,,
,,,,,,,,,,,,,,,,,
,,,,,,,,,,,,,,,,,
,,,,,,,,,321,Orden de Compra,03/11/2026,1 - 303,Registrado,03/11/2026,INVEN - 937,Normal,04/09/2026
,,,,,,,,,,,,,,,,,
,,,,,,,,,,,,,,,,,
,,,,,,,,,,,,,,,,,
,,,,,,,,,322,Orden de Compra,03/11/2026,1 - 304,Registrado,03/11/2026,INVEN - 2224,Normal,08/06/2026
,,,,,,,,,,,,,,,,,
,,,,,,,,,,,,,,,,,
,,,,,,,,,,,,,,,,,
,,,,,,,,,323,Orden de Compra,03/11/2026,1 - 305,Registrado,03/11/2026,INVEN - 1022,Normal,04/20/2026
,,,,,,,,,,,,,,,,,
,,,,,,,,,,,,,,,INVEN - 1162,Normal,04/30/2026
,,,,,,,,,,,,,,,,,
,,,,,,,,,,,,,,,,,
,,,,,,,,,,,,,,,,,
,,,,,,,,,,,,,,,,,
254,Sol. de Gastos,02/05/2026,1 - 416,Confirmado,02/20/2026,180 - 1,Normal,02/23/2026,316,Orden de Compra,03/11/2026,1 - 293,Registrado,03/11/2026,INVEN - 934,Normal,04/09/2026
,,,,,,,,,,,,,,,,,
,,,,,,,,,,,,,,,,,
,,,,,,,,,,,,,,,,,
,,,,,,,,,317,Orden de Compra,03/11/2026,1 - 294,Registrado,03/11/2026,INVEN - 765,Normal,03/19/2026
,,,,,,,,,,,,,,,,,
,,,,,,,,,,,,,,,,,
,,,,,,,,,,,,,,,,,
,,,,,,,,,,,,,,,,,
255,Sol. de Gastos,02/05/2026,1 - 310,Confirmado,02/05/2026,137 - 1,Normal,02/05/2026,124,Orden de Compra,02/05/2026,1 - 128,Registrado,02/09/2026,,,
,,,,,,,,,,,,,,,,,
,,,,,,,,,,,,,,,,,
,,,,,,,,,,,,,,,,,
,,,,,,,,,,,,,,,,,
256,Ped. Suministros,02/06/2026,,,,,,,,,,,,,,,
,,,,,,,,,,,,,,,,,
,,,,,,,,,,,,,,,,,
257,Sol. de Gastos,02/06/2026,1 - 707,Confirmado,03/16/2026,311 - 1,Normal,03/17/2026,537,Orden de Compra,04/08/2026,1 - 495,Registrado,04/08/2026,INVEN - 1688,Normal,06/10/2026
,,,,,,,,,,,,,,,,,
,,,,,,,,,,,,,,,INVEN - 1795,Normal,06/19/2026
,,,,,,,,,,,,,,,,,
,,,,,,,,,,,,,,,INVEN - 1796,Normal,06/19/2026
,,,,,,,,,,,,,,,,,
,,,,,,,,,,,,,,,INVEN - 2002,Normal,07/14/2026
,,,,,,,,,,,,,,,,,
,,,,,,,,,,,,,,,INVEN - 2344,Normal,08/14/2026
,,,,,,,,,,,,,,,,,
,,,,,,,,,,,,,,,INVEN - 2475,Normal,08/27/2026
,,,,,,,,,,,,,,,,,
,,,,,,,,,,,,,,,INVEN - 2476,Normal,08/27/2026
,,,,,,,,,,,,,,,,,
,,,,,,,,,,,,,,,INVEN - 2477,Normal,08/27/2026
,,,,,,,,,,,,,,,,,
,,,,,,,,,,,,,,,INVEN - 2478,Normal,08/27/2026
,,,,,,,,,,,,,,,,,
,,,,,,,,,,,,,,,,,
,,,,,,,,,,,,,,,,,
,,,,,,,,,540,Orden de Compra,04/08/2026,1 - 496,Registrado,04/08/2026,INVEN - 1045,Normal,04/22/2026
,,,,,,,,,,,,,,,,,
,,,,,,,,,,,,,,,INVEN - 1469,Normal,05/21/2026
,,,,,,,,,,,,,,,,,
,,,,,,,,,,,,,,,INVEN - 1607,Normal,06/03/2026
,,,,,,,,,,,,,,,,,
,,,,,,,,,,,,,,,INVEN - 2212,Normal,08/06/2026
,,,,,,,,,,,,,,,,,
,,,,,,,,,,,,,,,INVEN - 2415,Normal,08/21/2026
,,,,,,,,,,,,,,,,,
,,,,,,,,,,,,,,,INVEN - 2472,Normal,08/27/2026
,,,,,,,,,,,,,,,,,
,,,,,,,,,,,,,,,,,
,,,,,,,,,,,,,,,,,
,,,,,,,,,,,,,,,,,
258,Ped. Suministros,02/06/2026,,,,,,,,,,,,,,,
,,,,,,,,,,,,,,,,,
,,,,,,,,,,,,,,,,,
259,Sol. de Gastos,02/06/2026,1 - 436,Confirmado,02/23/2026,181 - 1,Normal,02/23/2026,220,Orden de Compra,02/24/2026,1 - 187,Registrado,02/24/2026,INVEN - 522,Normal,03/03/2026
,,,,,,,,,,,,,,,,,
,,,,,,,,,,,,,,,INVEN - 770,Normal,03/19/2026
,,,,,,,,,,,,,,,,,
,,,,,,,,,,,,,,,INVEN - 876,Normal,04/06/2026
,,,,,,,,,,,,,,,,,
,,,,,,,,,,,,,,,,,
,,,,,,,,,,,,,,,,,
,,,,,,,,,,,,,,,,,
260,Sol. de Gastos,02/06/2026,1 - 829,Confirmado,03/20/2026,341 - 1,Normal,03/26/2026,544,Anulado,04/09/2026,,,,,,
,,,,,,,,,,,,,,,,,
,,,,,,,,,545,Anulado,04/09/2026,1 - 507,Anulado,04/09/2026,,,
,,,,,,,,,,,,,,,,,
,,,,,,,,,,,,,,,,,
,,,,,,,,,,,,,,,,,
,,,,,,,,,546,Anulado,04/09/2026,1 - 508,Anulado,04/09/2026,,,
,,,,,,,,,,,,,,,,,
,,,,,,,,,,,,,,,,,
,,,,,,,,,,,,,,,,,
,,,,,,,,,547,Anulado,04/09/2026,1 - 509,Anulado,04/09/2026,,,
,,,,,,,,,,,,,,,,,
,,,,,,,,,,,,,,,,,
,,,,,,,,,,,,,,,,,
,,,,,,,,,564,Orden de Compra,04/13/2026,1 - 545,Registrado,04/14/2026,INVEN - 1239,Normal,05/07/2026
,,,,,,,,,,,,,,,,,
,,,,,,,,,,,,1 - 529,Anulado,04/13/2026,,,
,,,,,,,,,,,,,,,,,
,,,,,,,,,,,,,,,,,
,,,,,,,,,,,,,,,,,
,,,,,,,,,565,Anulado,04/13/2026,1 - 530,Anulado,04/13/2026,,,
,,,,,,,,,,,,,,,,,
,,,,,,,,,,,,,,,,,
,,,,,,,,,,,,,,,,,
,,,,,,,,,566,Orden de Compra,04/13/2026,1 - 546,Registrado,04/14/2026,INVEN - 1200,Normal,05/05/2026
,,,,,,,,,,,,,,,,,
,,,,,,,,,,,,1 - 531,Anulado,04/13/2026,,,
,,,,,,,,,,,,,,,,,
,,,,,,,,,,,,,,,,,
,,,,,,,,,,,,,,,,,
,,,,,,,,,578,Orden de Compra,04/14/2026,1 - 547,Registrado,04/14/2026,INVEN - 1792,Normal,06/19/2026
,,,,,,,,,,,,,,,,,
,,,,,,,,,,,,,,,,,
,,,,,,,,,,,,,,,,,
,,,,,,,,,,,,,,,,,
261,Sol. de Gastos,02/09/2026,1 - 338,Confirmado,02/10/2026,142 - 1,Normal,02/10/2026,209,Orden de Compra,02/20/2026,1 - 176,Registrado,02/20/2026,INVEN - 795,Normal,03/25/2026
,,,,,,,,,,,,,,,,,
,,,,,,,,,,,,,,,,,
,,,,,,,,,,,,,,,,,
,,,,,,,,,,,,,,,,,
262,Sol. de Gastos,02/09/2026,1 - 333,Confirmado,02/09/2026,140 - 1,Normal,02/10/2026,205,Orden de Compra,02/18/2026,1 - 172,Registrado,02/18/2026,INVEN - 504,Normal,02/27/2026
,,,,,,,,,,,,,,,,,
,,,,,,,,,,,,,,,,,
,,,,,,,,,,,,,,,,,
,,,,,,,,,,,,,,,,,
263,Sol. de Gastos,02/09/2026,1 - 517,Confirmado,02/26/2026,227 - 1,Normal,02/26/2026,325,Orden de Compra,03/12/2026,1 - 308,Registrado,03/12/2026,INVEN - 1738,Normal,06/11/2026
,,,,,,,,,,,,,,,,,
,,,,,,,,,,,,,,,,,
,,,,,,,,,,,,,,,,,
,,,,,,,,,326,Orden de Compra,03/12/2026,1 - 309,Registrado,03/12/2026,INVEN - 1069,Normal,04/23/2026
,,,,,,,,,,,,,,,,,
,,,,,,,,,,,,,,,INVEN - 1434,Anulada,05/20/2026
,,,,,,,,,,,,,,,,,
,,,,,,,,,,,,,,,INVEN - 1486,Normal,05/26/2026
,,,,,,,,,,,,,,,,,
,,,,,,,,,,,,,,,,,
,,,,,,,,,,,,,,,,,
,,,,,,,,,328,Orden de Compra,03/12/2026,1 - 310,Registrado,03/12/2026,INVEN - 1268,Normal,05/11/2026
,,,,,,,,,,,,,,,,,
,,,,,,,,,,,,,,,INVEN - 1559,Normal,05/29/2026
,,,,,,,,,,,,,,,,,
,,,,,,,,,,,,,,,INVEN - 1625,Normal,06/04/2026
,,,,,,,,,,,,,,,,,
,,,,,,,,,,,,,,,INVEN - 974,Normal,04/15/2026
,,,,,,,,,,,,,,,,,
,,,,,,,,,,,,,,,,,
,,,,,,,,,,,,,,,,,
,,,,,,,,,,,,,,,,,
264,Sol. de Gastos,02/09/2026,1 - 423,Confirmado,02/20/2026,165 - 1,Normal,02/20/2026,249,Orden de Compra,03/02/2026,1 - 222,Registrado,03/02/2026,INVEN - 575,Normal,03/09/2026
,,,,,,,,,,,,,,,,,
,,,,,,,,,,,,,,,,,
,,,,,,,,,,,,,,,,,
,,,,,,,,,,,,,,,,,
265,Ped. Suministros,02/09/2026,,,,,,,,,,,,,,,
,,,,,,,,,,,,,,,,,
,,,,,,,,,,,,,,,,,
266,Sol. de Gastos,02/09/2026,1 - 410,Confirmado,02/20/2026,170 - 1,Normal,02/23/2026,244,Orden de Compra,02/27/2026,1 - 217,Registrado,02/27/2026,INVEN - 704,Normal,03/17/2026
,,,,,,,,,,,,,,,,,
,,,,,,,,,,,,,,,,,
,,,,,,,,,,,,,,,,,
,,,,,,,,,,,,,,,,,
267,Sol. de Gastos,02/09/2026,1 - 431,Confirmado,02/23/2026,182 - 1,Normal,02/23/2026,225,Orden de Compra,02/24/2026,1 - 193,Registrado,02/24/2026,INVEN - 577,Normal,03/09/2026
,,,,,,,,,,,,,,,,,
,,,,,,,,,,,,,,,,,
,,,,,,,,,,,,,,,,,
,,,,,,,,,,,,,,,,,
268,Sol. de Gastos,02/10/2026,1 - 509,Confirmado,02/26/2026,225 - 1,Normal,02/26/2026,250,Orden de Compra,03/02/2026,1 - 223,Registrado,03/02/2026,INVEN - 722,Normal,03/18/2026
,,,,,,,,,,,,,,,,,
,,,,,,,,,,,,,,,,,
,,,,,,,,,,,,,,,,,
,,,,,,,,,,,,,,,,,
269,Sol. de Gastos,02/10/2026,1 - 685,Confirmado,03/11/2026,290 - 1,Normal,03/12/2026,331,Orden de Compra,03/12/2026,1 - 315,Registrado,03/12/2026,INVEN - 703,Normal,03/17/2026
,,,,,,,,,,,,,,,,,
,,,,,,,,,,,,,,,,,
,,,,,,,,,,,,,,,,,
,,,,,,,,,,,,,,,,,
270,Ped. Suministros,02/10/2026,,,,,,,,,,,,,,,
,,,,,,,,,,,,,,,,,
,,,,,,,,,,,,,,,,,
271,Sol. de Gastos,02/10/2026,1 - 577,Confirmado,03/03/2026,237 - 1,Normal,03/03/2026,356,Orden de Compra,03/16/2026,1 - 337,Registrado,03/16/2026,,,
,,,,,,,,,,,,,,,,,
,,,,,,,,,,,,,,,,,
,,,,,,,,,,,,,,,,,
,,,,,,,,,,,,,,,,,
272,Ped. Suministros,02/10/2026,1 - 413,Anulado,02/20/2026,167 - 1,Anulado,02/23/2026,,,,,,,,,
,,,,,,,,,,,,,,,,,
,,,,,,,,,,,,,,,,,
273,Sol. de Gastos,02/10/2026,1 - 511,Confirmado,02/26/2026,223 - 1,Normal,02/26/2026,938,Anulado,06/01/2026,1 - 885,Anulado,06/01/2026,,,
,,,,,,,,,,,,,,,,,
,,,,,,,,,,,,,,,,,
,,,,,,,,,,,,,,,,,
,,,,,,,,,1320,Orden de Compra,07/29/2026,1 - 1273,Registrado,07/29/2026,INVEN - 2340,Normal,08/14/2026
,,,,,,,,,,,,,,,,,
,,,,,,,,,,,,,,,,,
,,,,,,,,,,,,,,,,,
,,,,,,,,,,,,,,,,,
274,Sol. de Gastos,02/10/2026,1 - 484,Confirmado,02/24/2026,216 - 1,Normal,02/25/2026,352,Orden de Compra,03/16/2026,1 - 333,Registrado,03/16/2026,,,
,,,,,,,,,,,,,,,,,
,,,,,,,,,,,,,,,,,
,,,,,,,,,,,,,,,,,
,,,,,,,,,353,Orden de Compra,03/16/2026,1 - 334,Registrado,03/16/2026,INVEN - 2408,Normal,08/21/2026
,,,,,,,,,,,,,,,,,
,,,,,,,,,,,,,,,INVEN - 2409,Normal,08/21/2026
,,,,,,,,,,,,,,,,,
,,,,,,,,,,,,,,,,,
,,,,,,,,,,,,,,,,,
,,,,,,,,,354,Orden de Compra,03/16/2026,1 - 335,Registrado,03/16/2026,INVEN - 1317,Normal,05/14/2026
,,,,,,,,,,,,,,,,,
,,,,,,,,,,,,,,,,,
,,,,,,,,,,,,,,,,,
,,,,,,,,,,,,,,,,,
275,Sol. de Gastos,02/10/2026,1 - 489,Confirmado,02/24/2026,213 - 1,Normal,02/25/2026,303,Orden de Compra,03/10/2026,1 - 278,Registrado,03/10/2026,INVEN - 1429,Normal,05/20/2026
,,,,,,,,,,,,,,,,,
,,,,,,,,,,,,,,,INVEN - 1640,Normal,06/05/2026
,,,,,,,,,,,,,,,,,
,,,,,,,,,,,,,,,,,
,,,,,,,,,,,,,,,,,
,,,,,,,,,,,,,,,,,
276,Sol. de Gastos,02/10/2026,1 - 613,Confirmado,03/04/2026,255 - 1,Normal,03/05/2026,307,Orden de Compra,03/10/2026,1 - 282,Registrado,03/10/2026,INVEN - 750,Normal,03/19/2026
,,,,,,,,,,,,,,,,,
,,,,,,,,,,,,,,,INVEN - 751,Normal,03/19/2026
,,,,,,,,,,,,,,,,,
,,,,,,,,,,,,,,,INVEN - 752,Normal,03/19/2026
,,,,,,,,,,,,,,,,,
,,,,,,,,,,,,,,,,,
,,,,,,,,,,,,,,,,,
,,,,,,,,,,,,,,,,,
277,Sol. de Gastos,02/10/2026,1 - 848,Confirmado,03/20/2026,350 - 1,Normal,03/26/2026,568,Orden de Compra,04/13/2026,1 - 533,Registrado,04/13/2026,INVEN - 1583,Normal,06/02/2026
,,,,,,,,,,,,,,,,,
,,,,,,,,,,,,,,,,,
,,,,,,,,,,,,,,,,,
,,,,,,,,,,,,,,,,,
278,Sol. de Gastos,02/11/2026,1 - 639,Confirmado,03/05/2026,271 - 1,Normal,03/06/2026,297,Orden de Compra,03/10/2026,1 - 272,Registrado,03/10/2026,INVEN - 799,Normal,03/25/2026
,,,,,,,,,,,,,,,,,
,,,,,,,,,,,,,,,,,
,,,,,,,,,,,,,,,,,
,,,,,,,,,,,,,,,,,
279,Sol. de Gastos,02/11/2026,1 - 684,Confirmado,03/11/2026,295 - 1,Normal,03/13/2026,503,Orden de Compra,04/01/2026,1 - 457,Registrado,04/01/2026,INVEN - 1604,Normal,06/03/2026
,,,,,,,,,,,,,,,,,
,,,,,,,,,,,,,,,,,
,,,,,,,,,,,,,,,,,
,,,,,,,,,504,Orden de Compra,04/01/2026,1 - 459,Registrado,04/01/2026,INVEN - 1058,Normal,04/22/2026
,,,,,,,,,,,,,,,,,
,,,,,,,,,,,,,,,,,
,,,,,,,,,,,,,,,,,
,,,,,,,,,,,,,,,,,
280,Ped. Suministros,02/11/2026,,,,,,,,,,,,,,,
,,,,,,,,,,,,,,,,,
,,,,,,,,,,,,,,,,,
281,Sol. de Gastos,02/11/2026,1 - 502,Confirmado,02/25/2026,217 - 1,Normal,02/25/2026,257,Orden de Compra,03/03/2026,1 - 233,Registrado,03/03/2026,INVEN - 558,Normal,03/05/2026
,,,,,,,,,,,,,,,,,
,,,,,,,,,,,,,,,,,
,,,,,,,,,,,,,,,,,
,,,,,,,,,,,,,,,,,
283,Ped. Suministros,02/11/2026,,,,,,,,,,,,,,,
,,,,,,,,,,,,,,,,,
,,,,,,,,,,,,,,,,,
284,Sol. de Gastos,02/11/2026,1 - 476,Confirmado,02/24/2026,232 - 1,Normal,02/27/2026,251,Orden de Compra,03/02/2026,1 - 224,Registrado,03/02/2026,INVEN - 1387,Normal,05/19/2026
,,,,,,,,,,,,,,,,,
,,,,,,,,,,,,,,,,,
,,,,,,,,,,,,,,,,,
,,,,,,,,,,,,,,,,,
285,Sol. de Gastos,02/11/2026,1 - 491,Confirmado,02/24/2026,212 - 1,Normal,02/25/2026,336,Orden de Compra,03/13/2026,1 - 319,Registrado,03/13/2026,INVEN - 1249,Normal,05/08/2026
,,,,,,,,,,,,,,,,,
,,,,,,,,,,,,,,,INVEN - 885,Normal,04/07/2026
,,,,,,,,,,,,,,,,,
,,,,,,,,,,,,,,,,,
,,,,,,,,,,,,,,,,,
,,,,,,,,,,,,,,,,,
286,Sol. de Gastos,02/11/2026,1 - 488,Confirmado,02/24/2026,205 - 1,Normal,02/25/2026,340,Orden de Compra,03/13/2026,1 - 322,Registrado,03/13/2026,INVEN - 884,Normal,04/07/2026
,,,,,,,,,,,,,,,,,
,,,,,,,,,,,,,,,,,
,,,,,,,,,,,,,,,,,
,,,,,,,,,,,,,,,,,
287,Sol. de Gastos,02/11/2026,1 - 411,Confirmado,02/20/2026,174 - 1,Normal,02/23/2026,563,Orden de Compra,04/13/2026,1 - 527,Registrado,04/13/2026,INVEN - 1298,Normal,05/13/2026
,,,,,,,,,,,,,,,,,
,,,,,,,,,,,,,,,,,
,,,,,,,,,,,,,,,,,
,,,,,,,,,,,,,,,,,
288,Sol. de Gastos,02/12/2026,1 - 708,Confirmado,03/16/2026,303 - 1,Normal,03/16/2026,425,Orden de Compra,03/25/2026,1 - 395,Registrado,03/25/2026,INVEN - 1128,Normal,04/28/2026
,,,,,,,,,,,,,,,,,
,,,,,,,,,,,,,,,INVEN - 1129,Normal,04/28/2026
,,,,,,,,,,,,,,,,,
,,,,,,,,,,,,,,,INVEN - 1130,Normal,04/28/2026
,,,,,,,,,,,,,,,,,
,,,,,,,,,,,,,,,INVEN - 1132,Normal,04/28/2026
,,,,,,,,,,,,,,,,,
,,,,,,,,,,,,,,,INVEN - 1477,Normal,05/22/2026
,,,,,,,,,,,,,,,,,
,,,,,,,,,,,,,,,,,
,,,,,,,,,,,,,,,,,
,,,,,,,,,,,,,,,,,
289,Sol. de Gastos,02/12/2026,1 - 838,Confirmado,03/20/2026,340 - 1,Normal,03/26/2026,446,Orden de Compra,03/27/2026,1 - 423,Registrado,03/27/2026,INVEN - 1420,Normal,05/20/2026
,,,,,,,,,,,,,,,,,
,,,,,,,,,,,,,,,INVEN - 1422,Normal,05/20/2026
,,,,,,,,,,,,,,,,,
,,,,,,,,,,,,,,,,,
,,,,,,,,,,,,,,,,,
,,,,,,,,,,,,,,,,,
290,Sol. de Gastos,02/12/2026,1 - 595,Confirmado,03/03/2026,265 - 1,Normal,03/06/2026,339,Orden de Compra,03/13/2026,1 - 321,Registrado,03/13/2026,INVEN - 1171,Normal,05/04/2026
,,,,,,,,,,,,,,,,,
,,,,,,,,,,,,,,,INVEN - 1194,Normal,05/05/2026
,,,,,,,,,,,,,,,,,
,,,,,,,,,,,,,,,,,
,,,,,,,,,,,,,,,,,
,,,,,,,,,,,,,,,,,
291,Sol. de Gastos,02/12/2026,1 - 596,Confirmado,03/03/2026,272 - 1,Normal,03/06/2026,385,Orden de Compra,03/19/2026,1 - 367,Registrado,03/19/2026,INVEN - 1744,Normal,06/11/2026
,,,,,,,,,,,,,,,,,
,,,,,,,,,,,,,,,,,
,,,,,,,,,,,,,,,,,
,,,,,,,,,386,Orden de Compra,03/19/2026,1 - 368,Registrado,03/19/2026,INVEN - 1232,Normal,05/07/2026
,,,,,,,,,,,,,,,,,
,,,,,,,,,,,,,,,INVEN - 1397,Normal,05/19/2026
,,,,,,,,,,,,,,,,,
,,,,,,,,,,,,,,,INVEN - 1558,Normal,05/29/2026
,,,,,,,,,,,,,,,,,
,,,,,,,,,,,,,,,INVEN - 1663,Normal,06/08/2026
,,,,,,,,,,,,,,,,,
,,,,,,,,,,,,,,,INVEN - 1732,Normal,06/11/2026
,,,,,,,,,,,,,,,,,
,,,,,,,,,,,,,,,,,
,,,,,,,,,,,,,,,,,
,,,,,,,,,,,,,,,,,
292,Sol. de Gastos,02/12/2026,1 - 1077,Confirmado,04/14/2026,435 - 1,Normal,04/14/2026,696,Orden de Compra,04/28/2026,1 - 651,Registrado,04/28/2026,INVEN - 1207,Normal,05/05/2026
,,,,,,,,,,,,,,,,,
,,,,,,,,,,,,,,,INVEN - 1208,Normal,05/05/2026
,,,,,,,,,,,,,,,,,
,,,,,,,,,,,,,,,,,
,,,,,,,,,,,,,,,,,
,,,,,,,,,,,,,,,,,
293,Sol. de Gastos,02/12/2026,1 - 412,Confirmado,02/20/2026,168 - 1,Normal,02/23/2026,223,Orden de Compra,02/24/2026,1 - 189,Registrado,02/24/2026,INVEN - 719,Normal,03/18/2026
,,,,,,,,,,,,,,,,,
,,,,,,,,,,,,,,,,,
,,,,,,,,,,,,,,,,,
,,,,,,,,,,,,,,,,,
294,Sol. de Gastos,02/12/2026,1 - 454,Confirmado,02/23/2026,195 - 1,Normal,02/24/2026,285,Orden de Compra,03/09/2026,1 - 301,Registrado,03/11/2026,INVEN - 1197,Normal,05/05/2026
,,,,,,,,,,,,,,,,,
,,,,,,,,,,,,,,,INVEN - 1411,Normal,05/20/2026
,,,,,,,,,,,,,,,,,
,,,,,,,,,,,,,,,,,
,,,,,,,,,,,,,,,,,
,,,,,,,,,286,Orden de Compra,03/09/2026,1 - 302,Registrado,03/11/2026,INVEN - 1882,Normal,07/01/2026
,,,,,,,,,,,,,,,,,
,,,,,,,,,,,,,,,,,
,,,,,,,,,,,,,,,,,
,,,,,,,,,,,,,,,,,
295,Sol. de Gastos,02/12/2026,1 - 395,Confirmado,02/13/2026,163 - 1,Normal,02/13/2026,207,Orden de Compra,02/18/2026,1 - 174,Registrado,02/18/2026,INVEN - 916,Normal,04/09/2026
,,,,,,,,,,,,,,,,,
,,,,,,,,,,,,,,,,,
,,,,,,,,,,,,,,,,,
,,,,,,,,,,,,,,,,,
296,Sol. de Gastos,02/12/2026,1 - 455,Confirmado,02/23/2026,200 - 1,Normal,02/25/2026,275,Orden de Compra,03/05/2026,1 - 241,Registrado,03/05/2026,INVEN - 1051,Normal,04/22/2026
,,,,,,,,,,,,,,,,,
,,,,,,,,,,,,,,,INVEN - 1052,Normal,04/22/2026
,,,,,,,,,,,,,,,,,
,,,,,,,,,,,,,,,INVEN - 1302,Normal,05/13/2026
,,,,,,,,,,,,,,,,,
,,,,,,,,,,,,,,,,,
,,,,,,,,,,,,,,,,,
,,,,,,,,,,,,,,,,,
297,Sol. de Gastos,02/13/2026,1 - 456,Confirmado,02/23/2026,193 - 1,Normal,02/24/2026,,,,,,,,,
,,,,,,,,,,,,,,,,,
,,,,,,193 - 2,Normal,02/26/2026,265,Anulado,03/04/2026,,,,,,
,,,,,,,,,,,,,,,,,
,,,,,,,,,295,Anulado,03/10/2026,,,,,,
,,,,,,,,,,,,,,,,,
,,,,,,,,,296,Orden de Compra,03/10/2026,1 - 325,Registrado,03/13/2026,,,
,,,,,,,,,,,,,,,,,
,,,,,,,,,,,,,,,,,
,,,,,,,,,,,,,,,,,
,,,,,,,,,,,,,,,,,
298,Ped. Suministros,02/13/2026,,,,,,,,,,,,,,,
,,,,,,,,,,,,,,,,,
,,,,,,,,,,,,,,,,,
299,Sol. de Gastos,02/13/2026,1 - 510,Confirmado,02/26/2026,221 - 1,Normal,02/26/2026,247,Orden de Compra,02/27/2026,1 - 220,Registrado,02/27/2026,INVEN - 1758,Normal,06/16/2026
,,,,,,,,,,,,,,,,,
,,,,,,,,,,,,,,,INVEN - 1760,Normal,06/16/2026
,,,,,,,,,,,,,,,,,
,,,,,,,,,,,,,,,INVEN - 1761,Normal,06/16/2026
,,,,,,,,,,,,,,,,,
,,,,,,,,,,,,,,,,,
,,,,,,,,,,,,,,,,,
,,,,,,,,,,,,,,,,,
300,Sol. de Gastos,02/13/2026,1 - 845,Confirmado,03/20/2026,348 - 1,Normal,03/26/2026,734,Orden de Compra,05/04/2026,1 - 691,Registrado,05/04/2026,INVEN - 2130,Normal,07/24/2026
,,,,,,,,,,,,,,,,,
,,,,,,,,,,,,,,,,,
,,,,,,,,,,,,,,,,,
,,,,,,,,,,,,,,,,,
301,Ped. Suministros,02/13/2026,,,,,,,,,,,,,,,
,,,,,,,,,,,,,,,,,
,,,,,,,,,,,,,,,,,
302,Sol. de Gastos,02/13/2026,1 - 486,Confirmado,02/24/2026,199 - 1,Anulado,02/25/2026,,,,,,,,,
,,,,,,,,,,,,,,,,,
,,,,,,210 - 1,Normal,02/25/2026,329,Orden de Compra,03/12/2026,1 - 311,Registrado,03/12/2026,INVEN - 1044,Normal,04/21/2026
,,,,,,,,,,,,,,,,,
,,,,,,,,,,,,,,,,,
,,,,,,,,,,,,,,,,,
,,,,,,,,,,,,,,,,,
303,Sol. de Gastos,02/18/2026,1 - 581,Confirmado,03/03/2026,244 - 1,Normal,03/03/2026,1395,Orden de Compra,08/07/2026,1 - 1337,Registrado,08/07/2026,INVEN - 2462,Normal,08/27/2026
,,,,,,,,,,,,,,,,,
,,,,,,,,,,,,,,,,,
,,,,,,,,,,,,,,,,,
,,,,,,,,,,,,,,,,,
304,Sol. de Gastos,02/18/2026,1 - 512,Confirmado,02/26/2026,224 - 1,Normal,02/26/2026,246,Orden de Compra,02/27/2026,1 - 219,Registrado,02/27/2026,INVEN - 1785,Normal,06/19/2026
,,,,,,,,,,,,,,,,,
,,,,,,,,,,,,,,,,,
,,,,,,,,,,,,,,,,,
,,,,,,,,,,,,,,,,,
305,Sol. de Gastos,02/18/2026,1 - 503,Confirmado,02/25/2026,218 - 1,Normal,02/25/2026,252,Orden de Compra,03/02/2026,1 - 228,Registrado,03/02/2026,INVEN - 730,Normal,03/18/2026
,,,,,,,,,,,,,,,,,
,,,,,,,,,,,,,,,,,
,,,,,,,,,,,,,,,,,
,,,,,,,,,,,,,,,,,
306,Sol. de Gastos,02/18/2026,1 - 904,Confirmado,03/30/2026,370 - 1,Normal,03/30/2026,515,Orden de Compra,04/01/2026,1 - 470,Registrado,04/01/2026,INVEN - 1797,Normal,06/23/2026
,,,,,,,,,,,,,,,,,
,,,,,,,,,,,,,,,,,
,,,,,,,,,,,,,,,,,
,,,,,,,,,,,,,,,,,
307,Sol. de Gastos,02/18/2026,1 - 523,Normal,02/26/2026,,,,,,,,,,,,
,,,,,,,,,,,,,,,,,
,,,,,,,,,,,,,,,,,
308,Sol. de Gastos,02/19/2026,1 - 551,Confirmado,02/27/2026,240 - 1,Normal,03/03/2026,369,Anulado,03/17/2026,1 - 348,Anulado,03/17/2026,,,
,,,,,,,,,,,,,,,,,
,,,,,,,,,,,,,,,,,
,,,,,,,,,,,,,,,,,
,,,,,,,,,384,Orden de Compra,03/19/2026,1 - 366,Registrado,03/19/2026,INVEN - 999,Normal,04/20/2026
,,,,,,,,,,,,,,,,,
,,,,,,,,,,,,,,,,,
,,,,,,,,,,,,,,,,,
,,,,,,,,,,,,,,,,,
309,Sol. de Gastos,02/19/2026,1 - 642,Confirmado,03/05/2026,266 - 1,Normal,03/06/2026,338,Orden de Compra,03/13/2026,1 - 320,Registrado,03/13/2026,INVEN - 832,Normal,03/27/2026
,,,,,,,,,,,,,,,,,
,,,,,,,,,,,,,,,,,
,,,,,,,,,,,,,,,,,
,,,,,,,,,,,,,,,,,
310,Sol. de Gastos,02/19/2026,1 - 712,Confirmado,03/16/2026,298 - 1,Normal,03/16/2026,376,Orden de Compra,03/18/2026,1 - 358,Registrado,03/18/2026,INVEN - 1919,Normal,07/03/2026
,,,,,,,,,,,,,,,,,
,,,,,,,,,,,,,,,,,
,,,,,,,,,,,,,,,,,
,,,,,,,,,,,,,,,,,
311,Sol. de Gastos,02/19/2026,1 - 549,Confirmado,02/27/2026,238 - 1,Normal,03/03/2026,387,Orden de Compra,03/19/2026,1 - 412,Registrado,03/26/2026,INVEN - 1031,Normal,04/20/2026
,,,,,,,,,,,,,,,,,
,,,,,,,,,,,,,,,INVEN - 1034,Normal,04/20/2026
,,,,,,,,,,,,,,,,,
,,,,,,,,,,,,,,,INVEN - 1332,Normal,05/14/2026
,,,,,,,,,,,,,,,,,
,,,,,,,,,,,,,,,INVEN - 1334,Normal,05/14/2026
,,,,,,,,,,,,,,,,,
,,,,,,,,,,,,,,,INVEN - 1656,Normal,06/05/2026
,,,,,,,,,,,,,,,,,
,,,,,,,,,,,,,,,INVEN - 1964,Normal,07/08/2026
,,,,,,,,,,,,,,,,,
,,,,,,,,,,,,,,,,,
,,,,,,,,,,,,,,,,,
,,,,,,,,,388,Orden de Compra,03/19/2026,1 - 413,Registrado,03/26/2026,INVEN - 1134,Normal,04/28/2026
,,,,,,,,,,,,,,,,,
,,,,,,,,,,,,,,,INVEN - 1479,Normal,05/22/2026
,,,,,,,,,,,,,,,,,
,,,,,,,,,,,,,,,,,
,,,,,,,,,,,,,,,,,
,,,,,,,,,389,Orden de Compra,03/19/2026,1 - 414,Registrado,03/26/2026,INVEN - 1000,Normal,04/20/2026
,,,,,,,,,,,,,,,,,
,,,,,,,,,,,,,,,,,
,,,,,,,,,,,,,,,,,
,,,,,,,,,390,Orden de Compra,03/19/2026,1 - 415,Registrado,03/26/2026,INVEN - 898,Normal,04/08/2026
,,,,,,,,,,,,,,,,,
,,,,,,,,,,,,,,,,,
,,,,,,,,,,,,,,,,,
,,,,,,,,,391,Orden de Compra,03/19/2026,1 - 416,Registrado,03/26/2026,INVEN - 1036,Normal,04/21/2026
,,,,,,,,,,,,,,,,,
,,,,,,,,,,,,,,,,,
,,,,,,,,,,,,,,,,,
,,,,,,,,,392,Orden de Compra,03/19/2026,1 - 417,Registrado,03/26/2026,INVEN - 871,Normal,04/06/2026
,,,,,,,,,,,,,,,,,
,,,,,,,,,,,,,,,INVEN - 968,Normal,04/15/2026
,,,,,,,,,,,,,,,,,
,,,,,,,,,,,,,,,,,
,,,,,,,,,,,,,,,,,
,,,,,,,,,,,,,,,,,
312,Ped. Suministros,02/19/2026,,,,,,,,,,,,,,,
,,,,,,,,,,,,,,,,,
,,,,,,,,,,,,,,,,,
313,Ped. Suministros,02/19/2026,,,,,,,,,,,,,,,
,,,,,,,,,,,,,,,,,
,,,,,,,,,,,,,,,,,
314,Sol. de Gastos,02/20/2026,1 - 552,Confirmado,02/27/2026,239 - 1,Normal,03/03/2026,404,Anulado,03/20/2026,1 - 379,Anulado,03/20/2026,,,
,,,,,,,,,,,,,,,,,
,,,,,,,,,,,,,,,,,
,,,,,,,,,,,,,,,,,
,,,,,,,,,405,Anulado,03/20/2026,1 - 380,Anulado,03/20/2026,,,
,,,,,,,,,,,,,,,,,
,,,,,,,,,,,,,,,,,
,,,,,,,,,,,,,,,,,
,,,,,,,,,406,Anulado,03/20/2026,1 - 381,Anulado,03/20/2026,,,
,,,,,,,,,,,,,,,,,
,,,,,,,,,,,,,,,,,
,,,,,,,,,,,,,,,,,
,,,,,,,,,407,Anulado,03/20/2026,1 - 382,Anulado,03/20/2026,,,
,,,,,,,,,,,,,,,,,
,,,,,,,,,,,,,,,,,
,,,,,,,,,,,,,,,,,
,,,,,,,,,427,Orden de Compra,03/25/2026,1 - 397,Registrado,03/25/2026,INVEN - 1026,Normal,04/20/2026
,,,,,,,,,,,,,,,,,
,,,,,,,,,,,,,,,INVEN - 1028,Normal,04/20/2026
,,,,,,,,,,,,,,,,,
,,,,,,,,,,,,,,,INVEN - 1029,Normal,04/20/2026
,,,,,,,,,,,,,,,,,
,,,,,,,,,,,,,,,INVEN - 1097,Normal,04/24/2026
,,,,,,,,,,,,,,,,,
,,,,,,,,,,,,,,,INVEN - 1550,Normal,05/29/2026
,,,,,,,,,,,,,,,,,
,,,,,,,,,,,,,,,INVEN - 1551,Normal,05/29/2026
,,,,,,,,,,,,,,,,,
,,,,,,,,,,,,,,,INVEN - 1822,Normal,06/25/2026
,,,,,,,,,,,,,,,,,
,,,,,,,,,,,,,,,,,
,,,,,,,,,,,,,,,,,
,,,,,,,,,428,Orden de Compra,03/25/2026,1 - 398,Registrado,03/25/2026,INVEN - 1175,Normal,05/04/2026
,,,,,,,,,,,,,,,,,
,,,,,,,,,,,,,,,INVEN - 1212,Normal,05/06/2026
,,,,,,,,,,,,,,,,,
,,,,,,,,,,,,,,,INVEN - 1350,Normal,05/15/2026
,,,,,,,,,,,,,,,,,
,,,,,,,,,,,,,,,INVEN - 1884,Normal,07/01/2026
,,,,,,,,,,,,,,,,,
,,,,,,,,,,,,,,,,,
,,,,,,,,,,,,,,,,,
,,,,,,,,,429,Orden de Compra,03/25/2026,1 - 399,Registrado,03/25/2026,INVEN - 1088,Normal,04/23/2026
,,,,,,,,,,,,,,,,,
,,,,,,,,,,,,,,,,,
,,,,,,,,,,,,,,,,,
,,,,,,,,,430,Orden de Compra,03/25/2026,1 - 400,Registrado,03/25/2026,INVEN - 983,Normal,04/16/2026
,,,,,,,,,,,,,,,,,
,,,,,,,,,,,,,,,,,
,,,,,,,,,,,,,,,,,
,,,,,,,,,,,,,,,,,
315,Sol. de Gastos,02/20/2026,1 - 508,Confirmado,02/26/2026,222 - 1,Normal,02/26/2026,248,Orden de Compra,03/02/2026,1 - 221,Registrado,03/02/2026,INVEN - 667,Normal,03/13/2026
,,,,,,,,,,,,,,,,,
,,,,,,,,,,,,,,,,,
,,,,,,,,,,,,,,,,,
,,,,,,,,,,,,,,,,,
316,Sol. de Gastos,02/20/2026,1 - 474,Confirmado,02/24/2026,197 - 1,Normal,02/24/2026,243,Orden de Compra,02/27/2026,1 - 216,Registrado,02/27/2026,INVEN - 589,Normal,03/09/2026
,,,,,,,,,,,,,,,,,
,,,,,,,,,,,,,,,,,
,,,,,,,,,,,,,,,,,
,,,,,,,,,,,,,,,,,
317,Sol. de Gastos,02/20/2026,1 - 421,Confirmado,02/20/2026,166 - 1,Normal,02/23/2026,348,Orden de Compra,03/16/2026,1 - 329,Registrado,03/16/2026,INVEN - 917,Normal,04/09/2026
,,,,,,,,,,,,,,,,,
,,,,,,,,,,,,,,,,,
,,,,,,,,,,,,,,,,,
,,,,,,,,,,,,,,,,,
318,Sol. de Gastos,02/23/2026,1 - 590,Confirmado,03/03/2026,250 - 1,Normal,03/04/2026,351,Orden de Compra,03/16/2026,1 - 332,Registrado,03/16/2026,INVEN - 887,Normal,04/07/2026
,,,,,,,,,,,,,,,,,
,,,,,,,,,,,,,,,,,
,,,,,,,,,,,,,,,,,
,,,,,,,,,,,,,,,,,
319,Sol. de Gastos,02/23/2026,1 - 678,Confirmado,03/11/2026,288 - 1,Normal,03/12/2026,360,Orden de Compra,03/17/2026,1 - 340,Registrado,03/17/2026,INVEN - 1047,Normal,04/22/2026
,,,,,,,,,,,,,,,,,
,,,,,,,,,,,,,,,,,
,,,,,,,,,,,,,,,,,
,,,,,,,,,,,,,,,,,
320,Sol. de Gastos,02/23/2026,1 - 894,Confirmado,03/30/2026,375 - 1,Normal,03/31/2026,533,Orden de Compra,04/07/2026,1 - 489,Registrado,04/07/2026,INVEN - 1574,Normal,06/01/2026
,,,,,,,,,,,,,,,,,
,,,,,,,,,,,,,,,INVEN - 1930,Normal,07/06/2026
,,,,,,,,,,,,,,,,,
,,,,,,,,,,,,,,,INVEN - 2482,Normal,08/27/2026
,,,,,,,,,,,,,,,,,
,,,,,,,,,,,,,,,,,
,,,,,,,,,,,,,,,,,
,,,,,,,,,,,,,,,,,
321,Ped. Suministros,02/24/2026,,,,,,,,,,,,,,,
,,,,,,,,,,,,,,,,,
,,,,,,,,,,,,,,,,,
322,Sol. de Gastos,02/24/2026,1 - 574,Confirmado,03/02/2026,241 - 1,Normal,03/03/2026,475,Orden de Compra,03/31/2026,1 - 445,Registrado,03/31/2026,ALMAC - 18,Confirmada,04/29/2026
,,,,,,,,,,,,,,,,,
,,,,,,,,,,,,,,,,,
,,,,,,,,,,,,,,,,,
,,,,,,,,,477,Orden de Compra,03/31/2026,1 - 446,Registrado,03/31/2026,ALMAC - 12,Confirmada,04/17/2026
,,,,,,,,,,,,,,,,,
,,,,,,,,,,,,,,,,,
,,,,,,,,,,,,,,,,,
,,,,,,,,,483,Orden de Compra,03/31/2026,1 - 447,Registrado,03/31/2026,ALMAC - 14,Confirmada,04/21/2026
,,,,,,,,,,,,,,,,,
,,,,,,,,,,,,,,,ALMAC - 15,Confirmada,04/22/2026
,,,,,,,,,,,,,,,,,
,,,,,,,,,,,,,,,ALMAC - 17,Confirmada,04/28/2026
,,,,,,,,,,,,,,,,,
,,,,,,,,,,,,,,,ALMAC - 21,Confirmada,05/05/2026
,,,,,,,,,,,,,,,,,
,,,,,,,,,,,,,,,ALMAC - 22,Confirmada,05/11/2026
,,,,,,,,,,,,,,,,,
,,,,,,,,,,,,,,,ALMAC - 24,Confirmada,06/11/2026
,,,,,,,,,,,,,,,,,
,,,,,,,,,,,,,,,ALMAC - 27,Confirmada,06/23/2026
,,,,,,,,,,,,,,,,,
,,,,,,,,,,,,,,,,,
,,,,,,,,,,,,,,,,,
,,,,,,,,,,,,,,,,,
323,Sol. de Gastos,02/24/2026,1 - 589,Confirmado,03/03/2026,249 - 1,Normal,03/04/2026,597,Orden de Compra,04/15/2026,1 - 565,Registrado,04/15/2026,INVEN - 1142,Normal,04/29/2026
,,,,,,,,,,,,,,,,,
,,,,,,,,,,,,,,,,,
,,,,,,,,,,,,,,,,,
,,,,,,,,,,,,,,,,,
324,Sol. de Gastos,02/25/2026,1 - 550,Confirmado,02/27/2026,234 - 1,Normal,03/02/2026,342,Orden de Compra,03/13/2026,1 - 324,Registrado,03/13/2026,INVEN - 1087,Normal,04/23/2026
,,,,,,,,,,,,,,,,,
,,,,,,,,,,,,,,,,,
,,,,,,,,,,,,,,,,,
,,,,,,,,,,,,,,,,,
325,Sol. de Gastos,02/25/2026,1 - 548,Confirmado,02/27/2026,242 - 1,Normal,03/03/2026,256,Orden de Compra,03/03/2026,1 - 232,Registrado,03/03/2026,INVEN - 1457,Normal,05/21/2026
,,,,,,,,,,,,,,,,,
,,,,,,,,,,,,,,,INVEN - 1747,Normal,06/11/2026
,,,,,,,,,,,,,,,,,
,,,,,,,,,,,,,,,INVEN - 1918,Normal,07/03/2026
,,,,,,,,,,,,,,,,,
,,,,,,,,,,,,,,,INVEN - 1970,Anulada,07/08/2026
,,,,,,,,,,,,,,,,,
,,,,,,,,,,,,,,,,,
,,,,,,,,,,,,,,,,,
,,,,,,,,,,,,,,,,,
326,Sol. de Gastos,02/25/2026,1 - 547,Confirmado,02/27/2026,235 - 1,Normal,03/02/2026,254,Orden de Compra,03/03/2026,1 - 230,Registrado,03/03/2026,INVEN - 1614,Normal,06/04/2026
,,,,,,,,,,,,,,,,,
,,,,,,,,,,,,,,,INVEN - 1737,Normal,06/11/2026
,,,,,,,,,,,,,,,,,
,,,,,,,,,,,,,,,INVEN - 2126,Normal,07/24/2026
,,,,,,,,,,,,,,,,,
,,,,,,,,,,,,,,,,,
,,,,,,,,,,,,,,,,,
,,,,,,,,,,,,,,,,,
327,Sol. de Gastos,02/25/2026,1 - 616,Confirmado,03/04/2026,258 - 1,Normal,03/05/2026,294,Orden de Compra,03/09/2026,1 - 264,Registrado,03/09/2026,INVEN - 800,Normal,03/25/2026
,,,,,,,,,,,,,,,,,
,,,,,,,,,,,,,,,,,
,,,,,,,,,,,,,,,,,
,,,,,,,,,,,,,,,,,
328,Sol. de Gastos,02/25/2026,1 - 804,Confirmado,03/19/2026,321 - 1,Normal,03/19/2026,399,Orden de Compra,03/20/2026,1 - 374,Registrado,03/20/2026,INVEN - 820,Normal,03/27/2026
,,,,,,,,,,,,,,,,,
,,,,,,,,,,,,,,,,,
,,,,,,,,,,,,,,,,,
,,,,,,,,,,,,,,,,,
329,Sol. de Gastos,02/26/2026,1 - 594,Confirmado,03/03/2026,252 - 1,Normal,03/04/2026,447,Orden de Compra,03/27/2026,1 - 424,Registrado,03/27/2026,,,
,,,,,,,,,,,,,,,,,
,,,,,,,,,,,,,,,,,
,,,,,,,,,,,,,,,,,
,,,,,,,,,,,,,,,,,
330,Sol. de Gastos,02/26/2026,1 - 522,Confirmado,02/26/2026,231 - 1,Normal,02/27/2026,,,,,,,,,
,,,,,,,,,,,,,,,,,
,,,,,,231 - 2,Normal,03/05/2026,359,Orden de Compra,03/17/2026,1 - 419,Registrado,03/26/2026,INVEN - 1155,Normal,04/30/2026
,,,,,,,,,,,,,,,,,
,,,,,,,,,,,,,,,INVEN - 1346,Normal,05/15/2026
,,,,,,,,,,,,,,,,,
,,,,,,,,,,,,,,,INVEN - 2239,Normal,08/07/2026
,,,,,,,,,,,,,,,,,
,,,,,,,,,,,,,,,,,
,,,,,,,,,,,,,,,,,
,,,,,,,,,,,,,,,,,
331,Sol. de Gastos,02/26/2026,1 - 841,Confirmado,03/20/2026,344 - 1,Normal,03/26/2026,449,Orden de Compra,03/27/2026,1 - 426,Registrado,03/27/2026,INVEN - 930,Normal,04/09/2026
,,,,,,,,,,,,,,,,,
,,,,,,,,,,,,,,,,,
,,,,,,,,,,,,,,,,,
,,,,,,,,,,,,,,,,,
332,Sol. de Gastos,02/26/2026,1 - 593,Confirmado,03/03/2026,273 - 1,Normal,03/06/2026,,,,,,,,,
,,,,,,,,,,,,,,,,,
,,,,,,273 - 2,Normal,03/18/2026,452,Orden de Compra,03/27/2026,1 - 428,Registrado,03/27/2026,INVEN - 1206,Normal,05/05/2026
,,,,,,,,,,,,,,,,,
,,,,,,,,,,,,,,,,,
,,,,,,,,,,,,,,,,,
,,,,,,,,,453,Orden de Compra,03/27/2026,1 - 429,Registrado,03/27/2026,INVEN - 909,Normal,04/09/2026
,,,,,,,,,,,,,,,,,
,,,,,,,,,,,,,,,,,
,,,,,,,,,,,,,,,,,
,,,,,,,,,,,,,,,,,
333,Sol. de Gastos,02/26/2026,1 - 524,Confirmado,02/26/2026,229 - 1,Normal,02/27/2026,588,Orden de Compra,04/14/2026,1 - 559,Registrado,04/14/2026,,,
,,,,,,,,,,,,,,,,,
,,,,,,,,,,,,,,,,,
,,,,,,,,,,,,,,,,,
,,,,,,,,,,,,,,,,,
334,Sol. de Gastos,02/26/2026,1 - 576,Confirmado,03/02/2026,243 - 1,Normal,03/03/2026,262,Orden de Compra,03/04/2026,1 - 238,Registrado,03/04/2026,ALMAC - 5,Confirmada,04/01/2026
,,,,,,,,,,,,,,,,,
,,,,,,,,,,,,,,,,,
,,,,,,,,,,,,,,,,,
,,,,,,,,,,,,,,,,,
335,Ped. Suministros,02/26/2026,1 - 575,Anulado,03/02/2026,245 - 1,Anulado,03/04/2026,,,,,,,,,
,,,,,,,,,,,,,,,,,
,,,,,,,,,,,,,,,,,
336,Sol. de Gastos,02/26/2026,1 - 1159,Confirmado,04/17/2026,474 - 1,Normal,04/17/2026,931,Orden de Compra,05/29/2026,1 - 878,Registrado,05/29/2026,INVEN - 2009,Normal,07/15/2026
,,,,,,,,,,,,,,,,,
,,,,,,,,,,,,,,,,,
,,,,,,,,,,,,,,,,,
,,,,,,,,,,,,,,,,,
337,Sol. de Gastos,02/26/2026,1 - 657,Confirmado,03/09/2026,278 - 1,Normal,03/11/2026,337,Anulado,03/13/2026,,,,,,
,,,,,,,,,,,,,,,,,
,,,,,,,,,345,Orden de Compra,03/13/2026,1 - 418,Registrado,03/26/2026,INVEN - 1201,Normal,05/05/2026
,,,,,,,,,,,,,,,,,
,,,,,,,,,,,,,,,INVEN - 1615,Normal,06/04/2026
,,,,,,,,,,,,,,,,,
,,,,,,,,,,,,,,,INVEN - 2024,Normal,07/16/2026
,,,,,,,,,,,,,,,,,
,,,,,,,,,,,,,,,INVEN - 2138,Normal,07/27/2026
,,,,,,,,,,,,,,,,,
,,,,,,,,,,,,,,,INVEN - 2268,Normal,08/10/2026
,,,,,,,,,,,,,,,,,
,,,,,,,,,,,,,,,INVEN - 2301,Normal,08/12/2026
,,,,,,,,,,,,,,,,,
,,,,,,,,,,,,,,,,,
,,,,,,,,,,,,,,,,,
,,,,,,,,,,,,,,,,,
338,Sol. de Gastos,02/26/2026,1 - 615,Confirmado,03/04/2026,257 - 1,Normal,03/05/2026,293,Orden de Compra,03/09/2026,1 - 263,Registrado,03/09/2026,INVEN - 801,Normal,03/25/2026
,,,,,,,,,,,,,,,,,
,,,,,,,,,,,,,,,,,
,,,,,,,,,,,,,,,,,
,,,,,,,,,,,,,,,,,
339,Sol. de Gastos,02/27/2026,1 - 610,Confirmado,03/04/2026,259 - 1,Normal,03/05/2026,,,,,,,,,
,,,,,,,,,,,,,,,,,
,,,,,,,,,,,,,,,,,
340,Sol. de Gastos,02/27/2026,1 - 834,Confirmado,03/20/2026,337 - 1,Normal,03/25/2026,473,Orden de Compra,03/31/2026,1 - 444,Registrado,03/31/2026,INVEN - 1136,Normal,04/29/2026
,,,,,,,,,,,,,,,,,
,,,,,,,,,,,,,,,,,
,,,,,,,,,,,,,,,,,
,,,,,,,,,,,,,,,,,
341,Sol. de Gastos,02/27/2026,1 - 611,Confirmado,03/04/2026,254 - 1,Normal,03/05/2026,312,Orden de Compra,03/11/2026,1 - 289,Registrado,03/11/2026,INVEN - 831,Normal,03/27/2026
,,,,,,,,,,,,,,,,,
,,,,,,,,,,,,,,,,,
,,,,,,,,,,,,,,,,,
,,,,,,,,,,,,,,,,,
342,Sol. de Gastos,02/27/2026,1 - 578,Confirmado,03/03/2026,236 - 1,Normal,03/03/2026,260,Orden de Compra,03/03/2026,1 - 236,Registrado,03/03/2026,INVEN - 553,Normal,03/05/2026
,,,,,,,,,,,,,,,,,
,,,,,,,,,,,,,,,,,
,,,,,,,,,,,,,,,,,
,,,,,,,,,,,,,,,,,
343,Ped. Suministros,02/27/2026,1 - 803,Anulado,03/19/2026,322 - 1,Anulado,03/19/2026,,,,,,,,,
,,,,,,,,,,,,,,,,,
,,,,,,,,,,,,,,,,,
344,Sol. de Gastos,02/27/2026,1 - 564,Confirmado,03/02/2026,233 - 1,Normal,03/02/2026,253,Orden de Compra,03/02/2026,1 - 229,Registrado,03/02/2026,INVEN - 554,Normal,03/05/2026
,,,,,,,,,,,,,,,,,
,,,,,,,,,,,,,,,,,
,,,,,,,,,,,,,,,,,
,,,,,,,,,,,,,,,,,
345,Sol. de Gastos,02/27/2026,1 - 592,Confirmado,03/03/2026,247 - 1,Normal,03/04/2026,426,Orden de Compra,03/25/2026,1 - 396,Registrado,03/25/2026,INVEN - 953,Normal,04/13/2026
,,,,,,,,,,,,,,,,,
,,,,,,,,,,,,,,,,,
,,,,,,,,,,,,,,,,,
,,,,,,,,,,,,,,,,,
346,Sol. de Gastos,02/27/2026,1 - 672,Confirmado,03/10/2026,284 - 1,Normal,03/12/2026,355,Orden de Compra,03/16/2026,1 - 336,Registrado,03/16/2026,INVEN - 1671,Normal,06/09/2026
,,,,,,,,,,,,,,,,,
,,,,,,,,,,,,,,,,,
,,,,,,,,,,,,,,,,,
,,,,,,,,,,,,,,,,,
347,Sol. de Gastos,02/27/2026,1 - 847,Confirmado,03/20/2026,347 - 1,Normal,03/26/2026,570,Orden de Compra,04/13/2026,1 - 535,Registrado,04/13/2026,INVEN - 1072,Normal,04/23/2026
,,,,,,,,,,,,,,,,,
,,,,,,,,,,,,,,,,,
,,,,,,,,,,,,,,,,,
,,,,,,,,,571,Orden de Compra,04/13/2026,1 - 537,Registrado,04/13/2026,INVEN - 1596,Normal,06/03/2026
,,,,,,,,,,,,,,,,,
,,,,,,,,,,,,1 - 536,Anulado,04/13/2026,,,
,,,,,,,,,,,,,,,,,
,,,,,,,,,,,,,,,,,
,,,,,,,,,,,,,,,,,
,,,,,,,,,,,,,,,,,
348,Sol. de Gastos,02/27/2026,1 - 591,Confirmado,03/03/2026,248 - 1,Normal,03/04/2026,279,Orden de Compra,03/06/2026,1 - 246,Registrado,03/06/2026,INVEN - 847,Normal,03/30/2026
,,,,,,,,,,,,,,,,,
,,,,,,,,,,,,,,,,,
,,,,,,,,,,,,,,,,,
,,,,,,,,,,,,,,,,,
349,Sol. de Gastos,03/02/2026,1 - 836,Confirmado,03/20/2026,338 - 1,Normal,03/25/2026,436,Orden de Compra,03/26/2026,1 - 405,Registrado,03/26/2026,INVEN - 872,Normal,04/06/2026
,,,,,,,,,,,,,,,,,
,,,,,,,,,,,,,,,,,
,,,,,,,,,,,,,,,,,
,,,,,,,,,,,,,,,,,
350,Sol. de Gastos,03/02/2026,1 - 638,Confirmado,03/05/2026,261 - 1,Normal,03/05/2026,298,Orden de Compra,03/10/2026,1 - 273,Registrado,03/10/2026,INVEN - 1139,Normal,04/29/2026
,,,,,,,,,,,,,,,,,
,,,,,,,,,,,,,,,,,
,,,,,,,,,,,,,,,,,
,,,,,,,,,,,,,,,,,
351,Sol. de Gastos,03/02/2026,1 - 614,Confirmado,03/04/2026,256 - 1,Normal,03/05/2026,276,Orden de Compra,03/05/2026,1 - 242,Registrado,03/05/2026,INVEN - 788,Normal,03/20/2026
,,,,,,,,,,,,,,,,,
,,,,,,,,,,,,,,,,,
,,,,,,,,,,,,,,,,,
,,,,,,,,,,,,,,,,,
352,Sol. de Gastos,03/03/2026,1 - 671,Confirmado,03/10/2026,283 - 1,Normal,03/11/2026,400,Orden de Compra,03/20/2026,1 - 376,Registrado,03/20/2026,INVEN - 1002,Normal,04/20/2026
,,,,,,,,,,,,,,,,,
,,,,,,,,,,,,,,,INVEN - 1003,Normal,04/20/2026
,,,,,,,,,,,,,,,,,
,,,,,,,,,,,,,,,INVEN - 1004,Normal,04/20/2026
,,,,,,,,,,,,,,,,,
,,,,,,,,,,,,,,,INVEN - 1008,Normal,04/20/2026
,,,,,,,,,,,,,,,,,
,,,,,,,,,,,,,,,INVEN - 1013,Normal,04/20/2026
,,,,,,,,,,,,,,,,,
,,,,,,,,,,,,,,,INVEN - 1424,Normal,05/20/2026
,,,,,,,,,,,,,,,,,
,,,,,,,,,,,,,,,INVEN - 1425,Normal,05/20/2026
,,,,,,,,,,,,,,,,,
,,,,,,,,,,,,,,,INVEN - 1427,Normal,05/20/2026
,,,,,,,,,,,,,,,,,
,,,,,,,,,,,,,,,INVEN - 1432,Normal,05/20/2026
,,,,,,,,,,,,,,,,,
,,,,,,,,,,,,,,,INVEN - 1449,Normal,05/21/2026
,,,,,,,,,,,,,,,,,
,,,,,,,,,,,,,,,INVEN - 1450,Normal,05/21/2026
,,,,,,,,,,,,,,,,,
,,,,,,,,,,,,,,,INVEN - 1451,Normal,05/21/2026
,,,,,,,,,,,,,,,,,
,,,,,,,,,,,,,,,INVEN - 1452,Normal,05/21/2026
,,,,,,,,,,,,,,,,,
,,,,,,,,,,,,,,,INVEN - 1453,Normal,05/21/2026
,,,,,,,,,,,,,,,,,
,,,,,,,,,,,,,,,INVEN - 1454,Normal,05/21/2026
,,,,,,,,,,,,,,,,,
,,,,,,,,,,,,,,,INVEN - 1455,Normal,05/21/2026
,,,,,,,,,,,,,,,,,
,,,,,,,,,,,,,,,INVEN - 1456,Normal,05/21/2026
,,,,,,,,,,,,,,,,,
,,,,,,,,,,,,,,,INVEN - 1745,Normal,06/11/2026
,,,,,,,,,,,,,,,,,
,,,,,,,,,,,,,,,INVEN - 1746,Normal,06/11/2026
,,,,,,,,,,,,,,,,,
,,,,,,,,,,,,,,,INVEN - 1748,Normal,06/11/2026
,,,,,,,,,,,,,,,,,
,,,,,,,,,,,,,,,INVEN - 1749,Normal,06/11/2026
,,,,,,,,,,,,,,,,,
,,,,,,,,,,,,,,,INVEN - 1915,Normal,07/03/2026
,,,,,,,,,,,,,,,,,
,,,,,,,,,,,,,,,INVEN - 1953,Normal,07/08/2026
,,,,,,,,,,,,,,,,,
,,,,,,,,,,,,,,,INVEN - 1955,Normal,07/08/2026
,,,,,,,,,,,,,,,,,
,,,,,,,,,,,,,,,INVEN - 1956,Normal,07/08/2026
,,,,,,,,,,,,,,,,,
,,,,,,,,,,,,,,,INVEN - 1958,Normal,07/08/2026
,,,,,,,,,,,,,,,,,
,,,,,,,,,,,,,,,INVEN - 1959,Normal,07/08/2026
,,,,,,,,,,,,,,,,,
,,,,,,,,,,,,,,,INVEN - 1963,Normal,07/08/2026
,,,,,,,,,,,,,,,,,
,,,,,,,,,,,,,,,INVEN - 1966,Normal,07/08/2026
,,,,,,,,,,,,,,,,,
,,,,,,,,,,,,,,,INVEN - 2098,Normal,07/23/2026
,,,,,,,,,,,,,,,,,
,,,,,,,,,,,,,,,INVEN - 2274,Normal,08/10/2026
,,,,,,,,,,,,,,,,,
,,,,,,,,,,,,,,,INVEN - 2286,Normal,08/10/2026
,,,,,,,,,,,,,,,,,
,,,,,,,,,,,,,,,INVEN - 2288,Normal,08/10/2026
,,,,,,,,,,,,,,,,,
,,,,,,,,,,,,,,,INVEN - 998,Normal,04/20/2026
,,,,,,,,,,,,,,,,,
,,,,,,,,,,,,,,,,,
,,,,,,,,,,,,,,,,,
,,,,,,,,,402,Orden de Compra,03/20/2026,1 - 377,Registrado,03/20/2026,INVEN - 1017,Normal,04/20/2026
,,,,,,,,,,,,,,,,,
,,,,,,,,,,,,,,,INVEN - 1018,Normal,04/20/2026
,,,,,,,,,,,,,,,,,
,,,,,,,,,,,,,,,INVEN - 1055,Anulada,04/22/2026
,,,,,,,,,,,,,,,,,
,,,,,,,,,,,,,,,INVEN - 1067,Normal,04/23/2026
,,,,,,,,,,,,,,,,,
,,,,,,,,,,,,,,,INVEN - 1266,Normal,05/11/2026
,,,,,,,,,,,,,,,,,
,,,,,,,,,,,,,,,INVEN - 1296,Normal,05/13/2026
,,,,,,,,,,,,,,,,,
,,,,,,,,,,,,,,,INVEN - 1299,Normal,05/13/2026
,,,,,,,,,,,,,,,,,
,,,,,,,,,,,,,,,INVEN - 1407,Normal,05/19/2026
,,,,,,,,,,,,,,,,,
,,,,,,,,,,,,,,,INVEN - 1548,Normal,05/29/2026
,,,,,,,,,,,,,,,,,
,,,,,,,,,,,,,,,INVEN - 1624,Anulada,06/04/2026
,,,,,,,,,,,,,,,,,
,,,,,,,,,,,,,,,INVEN - 1843,Normal,06/26/2026
,,,,,,,,,,,,,,,,,
,,,,,,,,,,,,,,,INVEN - 1897,Normal,07/02/2026
,,,,,,,,,,,,,,,,,
,,,,,,,,,,,,,,,INVEN - 1947,Normal,07/08/2026
,,,,,,,,,,,,,,,,,
,,,,,,,,,,,,,,,,,
,,,,,,,,,,,,,,,,,
,,,,,,,,,403,Orden de Compra,03/20/2026,1 - 378,Registrado,03/20/2026,INVEN - 1057,Normal,04/22/2026
,,,,,,,,,,,,,,,,,
,,,,,,,,,,,,,,,INVEN - 1433,Normal,05/20/2026
,,,,,,,,,,,,,,,,,
,,,,,,,,,,,,,,,INVEN - 1516,Normal,05/27/2026
,,,,,,,,,,,,,,,,,
,,,,,,,,,,,,,,,,,
,,,,,,,,,,,,,,,,,
,,,,,,,,,,,,,,,,,
353,Sol. de Gastos,03/03/2026,1 - 600,Confirmado,03/04/2026,251 - 1,Normal,03/04/2026,410,Anulado,03/20/2026,,,,,,
,,,,,,,,,,,,,,,,,
,,,,,,,,,411,Anulado,03/20/2026,,,,,,
,,,,,,,,,,,,,,,,,
,,,,,,,,,412,Anulado,03/20/2026,,,,,,
,,,,,,,,,,,,,,,,,
,,,,,,,,,413,Anulado,03/20/2026,,,,,,
,,,,,,,,,,,,,,,,,
,,,,,,,,,414,Anulado,03/20/2026,1 - 384,Anulado,03/20/2026,,,
,,,,,,,,,,,,,,,,,
,,,,,,,,,,,,,,,,,
,,,,,,,,,,,,,,,,,
,,,,,,,,,415,Anulado,03/20/2026,1 - 385,Anulado,03/20/2026,,,
,,,,,,,,,,,,,,,,,
,,,,,,,,,,,,,,,,,
,,,,,,,,,,,,,,,,,
,,,,,,,,,416,Anulado,03/20/2026,1 - 386,Anulado,03/20/2026,,,
,,,,,,,,,,,,,,,,,
,,,,,,,,,,,,,,,,,
,,,,,,,,,,,,,,,,,
,,,,,,,,,417,Anulado,03/20/2026,1 - 387,Anulado,03/20/2026,,,
,,,,,,,,,,,,,,,,,
,,,,,,,,,,,,,,,,,
,,,,,,,,,,,,,,,,,
,,,,,,,,,422,Orden de Compra,03/25/2026,1 - 392,Registrado,03/25/2026,INVEN - 963,Normal,04/13/2026
,,,,,,,,,,,,,,,,,
,,,,,,,,,,,,,,,,,
,,,,,,,,,,,,,,,,,
,,,,,,,,,423,Orden de Compra,03/25/2026,1 - 393,Registrado,03/25/2026,INVEN - 959,Normal,04/13/2026
,,,,,,,,,,,,,,,,,
,,,,,,,,,,,,,,,,,
,,,,,,,,,,,,,,,,,
,,,,,,,,,424,Orden de Compra,03/25/2026,1 - 394,Registrado,03/25/2026,INVEN - 910,Normal,04/09/2026
,,,,,,,,,,,,,,,,,
,,,,,,,,,,,,,,,,,
,,,,,,,,,,,,,,,,,
,,,,,,,,,,,,,,,,,
354,Sol. de Gastos,03/03/2026,1 - 679,Confirmado,03/11/2026,281 - 1,Normal,03/11/2026,357,Orden de Compra,03/17/2026,1 - 338,Registrado,03/17/2026,INVEN - 2193,Normal,08/03/2026
,,,,,,,,,,,,,,,,,
,,,,,,,,,,,,,,,,,
,,,,,,,,,,,,,,,,,
,,,,,,,,,,,,,,,,,
355,Sol. de Gastos,03/03/2026,1 - 670,Confirmado,03/10/2026,282 - 1,Normal,03/11/2026,433,Orden de Compra,03/25/2026,1 - 402,Registrado,03/25/2026,INVEN - 1304,Normal,05/13/2026
,,,,,,,,,,,,,,,,,
,,,,,,,,,,,,,,,INVEN - 2124,Normal,07/24/2026
,,,,,,,,,,,,,,,,,
,,,,,,,,,,,,,,,,,
,,,,,,,,,,,,,,,,,
,,,,,,,,,,,,,,,,,
356,Sol. de Gastos,03/03/2026,1 - 609,Confirmado,03/04/2026,260 - 1,Normal,03/05/2026,287,Orden de Compra,03/09/2026,1 - 257,Registrado,03/09/2026,INVEN - 732,Normal,03/18/2026
,,,,,,,,,,,,,,,,,
,,,,,,,,,,,,,,,,,
,,,,,,,,,,,,,,,,,
,,,,,,,,,,,,,,,,,
357,Sol. de Gastos,03/03/2026,1 - 656,Confirmado,03/09/2026,276 - 1,Normal,03/11/2026,332,Orden de Compra,03/12/2026,1 - 316,Registrado,03/12/2026,INVEN - 1386,Normal,05/19/2026
,,,,,,,,,,,,,,,,,
,,,,,,,,,,,,,,,,,
,,,,,,,,,,,,,,,,,
,,,,,,,,,,,,,,,,,
358,Ped. Suministros,03/03/2026,,,,,,,,,,,,,,,
,,,,,,,,,,,,,,,,,
,,,,,,,,,,,,,,,,,
359,Sol. de Gastos,03/03/2026,1 - 846,Confirmado,03/20/2026,346 - 1,Normal,03/26/2026,,,,,,,,,
,,,,,,,,,,,,,,,,,
,,,,,,346 - 2,Normal,04/01/2026,557,Orden de Compra,04/10/2026,1 - 524,Registrado,04/10/2026,INVEN - 1784,Normal,06/19/2026
,,,,,,,,,,,,,,,,,
,,,,,,,,,,,,,,,,,
,,,,,,,,,,,,,,,,,
,,,,,,,,,559,Orden de Compra,04/10/2026,1 - 528,Registrado,04/13/2026,INVEN - 1406,Normal,05/19/2026
,,,,,,,,,,,,,,,,,
,,,,,,,,,,,,1 - 525,Anulado,04/10/2026,,,
,,,,,,,,,,,,,,,,,
,,,,,,,,,,,,,,,,,
,,,,,,,,,,,,,,,,,
,,,,,,,,,,,,,,,,,
360,Ped. Suministros,03/03/2026,,,,,,,,,,,,,,,
,,,,,,,,,,,,,,,,,
,,,,,,,,,,,,,,,,,
361,Sol. de Gastos,03/04/2026,1 - 854,Confirmado,03/25/2026,332 - 1,Normal,03/25/2026,527,Orden de Compra,04/07/2026,1 - 483,Registrado,04/07/2026,INVEN - 1514,Normal,05/27/2026
,,,,,,,,,,,,,,,,,
,,,,,,,,,,,,,,,,,
,,,,,,,,,,,,,,,,,
,,,,,,,,,,,,,,,,,
362,Sol. de Gastos,03/04/2026,1 - 831,Confirmado,03/20/2026,333 - 1,Normal,03/25/2026,526,Orden de Compra,04/07/2026,1 - 482,Registrado,04/07/2026,INVEN - 1172,Normal,05/04/2026
,,,,,,,,,,,,,,,,,
,,,,,,,,,,,,,,,,,
,,,,,,,,,,,,,,,,,
,,,,,,,,,,,,,,,,,
363,Sol. de Gastos,03/04/2026,1 - 643,Confirmado,03/05/2026,275 - 1,Normal,03/09/2026,324,Orden de Compra,03/12/2026,1 - 306,Registrado,03/12/2026,INVEN - 838,Normal,03/30/2026
,,,,,,,,,,,,,,,,,
,,,,,,,,,,,,,,,,,
,,,,,,,,,,,,,,,,,
,,,,,,,,,,,,,,,,,
364,Sol. de Gastos,03/04/2026,1 - 832,Confirmado,03/20/2026,353 - 1,Normal,03/26/2026,529,Orden de Compra,04/07/2026,1 - 485,Registrado,04/07/2026,INVEN - 1320,Normal,05/14/2026
,,,,,,,,,,,,,,,,,
,,,,,,,,,,,,,,,,,
,,,,,,,,,,,,,,,,,
,,,,,,,,,530,Orden de Compra,04/07/2026,1 - 486,Registrado,04/07/2026,INVEN - 1173,Normal,05/04/2026
,,,,,,,,,,,,,,,,,
,,,,,,,,,,,,,,,,,
,,,,,,,,,,,,,,,,,
,,,,,,,,,,,,,,,,,
365,Sol. de Gastos,03/04/2026,1 - 633,Confirmado,03/05/2026,267 - 1,Normal,03/06/2026,300,Orden de Compra,03/10/2026,1 - 275,Registrado,03/10/2026,INVEN - 960,Normal,04/13/2026
,,,,,,,,,,,,,,,,,
,,,,,,,,,,,,,,,,,
,,,,,,,,,,,,,,,,,
,,,,,,,,,,,,,,,,,
366,Sol. de Gastos,03/04/2026,1 - 770,Confirmado,03/16/2026,324 - 1,Normal,03/20/2026,562,Orden de Compra,04/13/2026,1 - 526,Registrado,04/13/2026,INVEN - 1349,Normal,05/15/2026
,,,,,,,,,,,,,,,,,
,,,,,,,,,,,,,,,INVEN - 1862,Normal,06/29/2026
,,,,,,,,,,,,,,,,,
,,,,,,,,,,,,,,,INVEN - 2099,Normal,07/23/2026
,,,,,,,,,,,,,,,,,
,,,,,,,,,,,,,,,INVEN - 2347,Normal,08/14/2026
,,,,,,,,,,,,,,,,,
,,,,,,,,,,,,,,,INVEN - 2348,Normal,08/14/2026
,,,,,,,,,,,,,,,,,
,,,,,,,,,,,,,,,,,
,,,,,,,,,,,,,,,,,
,,,,,,,,,,,,,,,,,
367,Sol. de Gastos,03/04/2026,1 - 675,Confirmado,03/11/2026,285 - 1,Normal,03/12/2026,607,Orden de Compra,04/16/2026,1 - 572,Registrado,04/16/2026,INVEN - 1082,Normal,04/23/2026
,,,,,,,,,,,,,,,,,
,,,,,,,,,,,,,,,,,
,,,,,,,,,,,,,,,,,
,,,,,,,,,,,,,,,,,
368,Ped. Suministros,03/04/2026,1 - 843,Anulado,03/20/2026,349 - 1,Anulado,03/26/2026,,,,,,,,,
,,,,,,,,,,,,,,,,,
,,,,,,,,,,,,,,,,,
369,Sol. de Gastos,03/05/2026,1 - 717,Confirmado,03/16/2026,310 - 1,Normal,03/17/2026,1238,Orden de Compra,07/21/2026,1 - 1189,Registrado,07/21/2026,INVEN - 2322,Normal,08/12/2026
,,,,,,,,,,,,,,,,,
,,,,,,,,,,,,,,,,,
,,,,,,,,,,,,,,,,,
,,,,,,,,,,,,,,,,,
370,Sol. de Gastos,03/05/2026,1 - 720,Confirmado,03/16/2026,297 - 1,Normal,03/16/2026,,,,,,,,,
,,,,,,,,,,,,,,,,,
,,,,,,,,,,,,,,,,,
371,Sol. de Gastos,03/05/2026,1 - 719,Confirmado,03/16/2026,300 - 1,Normal,03/16/2026,377,Orden de Compra,03/19/2026,1 - 359,Registrado,03/19/2026,INVEN - 842,Normal,03/30/2026
,,,,,,,,,,,,,,,,,
,,,,,,,,,,,,,,,,,
,,,,,,,,,,,,,,,,,
,,,,,,,,,,,,,,,,,
372,Sol. de Gastos,03/05/2026,1 - 662,Confirmado,03/09/2026,287 - 1,Normal,03/12/2026,444,Orden de Compra,03/26/2026,1 - 421,Registrado,03/26/2026,INVEN - 1083,Normal,04/23/2026
,,,,,,,,,,,,,,,,,
,,,,,,,,,,,,,,,,,
,,,,,,,,,,,,,,,,,
,,,,,,,,,,,,,,,,,
373,Sol. de Gastos,03/05/2026,1 - 710,Confirmado,03/16/2026,313 - 1,Normal,03/17/2026,580,Orden de Compra,04/14/2026,1 - 574,Registrado,04/16/2026,INVEN - 1636,Normal,06/05/2026
,,,,,,,,,,,,,,,,,
,,,,,,,,,,,,1 - 549,Anulado,04/14/2026,,,
,,,,,,,,,,,,,,,,,
,,,,,,,,,,,,,,,,,
,,,,,,,,,,,,,,,,,
,,,,,,,,,581,Orden de Compra,04/14/2026,1 - 550,Registrado,04/14/2026,INVEN - 1094,Normal,04/23/2026
,,,,,,,,,,,,,,,,,
,,,,,,,,,,,,,,,,,
,,,,,,,,,,,,,,,,,
,,,,,,,,,582,Orden de Compra,04/14/2026,1 - 551,Registrado,04/14/2026,INVEN - 1284,Normal,05/12/2026
,,,,,,,,,,,,,,,,,
,,,,,,,,,,,,,,,,,
,,,,,,,,,,,,,,,,,
,,,,,,,,,,,,,,,,,
374,Sol. de Gastos,03/05/2026,1 - 1000,Confirmado,04/06/2026,392 - 1,Normal,04/07/2026,673,Anulado,04/27/2026,1 - 630,Anulado,04/27/2026,,,
,,,,,,,,,,,,,,,,,
,,,,,,,,,,,,,,,,,
,,,,,,,,,,,,,,,,,
,,,,,,,,,678,Orden de Compra,04/27/2026,1 - 633,Registrado,04/27/2026,,,
,,,,,,,,,,,,,,,,,
,,,,,,,,,,,,,,,,,
,,,,,,,,,,,,,,,,,
,,,,,,,,,,,,,,,,,
375,Sol. de Gastos,03/05/2026,1 - 663,Confirmado,03/09/2026,280 - 1,Normal,03/11/2026,365,Orden de Compra,03/17/2026,1 - 345,Registrado,03/17/2026,INVEN - 1487,Anulada,05/26/2026
,,,,,,,,,,,,,,,,,
,,,,,,,,,,,,,,,INVEN - 1950,Normal,07/08/2026
,,,,,,,,,,,,,,,,,
,,,,,,,,,,,,,,,INVEN - 2186,Normal,08/03/2026
,,,,,,,,,,,,,,,,,
,,,,,,,,,,,,,,,INVEN - 2187,Normal,08/03/2026
,,,,,,,,,,,,,,,,,
,,,,,,,,,,,,,,,,,
,,,,,,,,,,,,,,,,,
,,,,,,,,,,,,,,,,,
376,Ped. Suministros,03/05/2026,,,,,,,,,,,,,,,
,,,,,,,,,,,,,,,,,
,,,,,,,,,,,,,,,,,
377,Sol. de Gastos,03/05/2026,1 - 1093,Confirmado,04/14/2026,421 - 1,Normal,04/14/2026,764,Orden de Compra,05/07/2026,1 - 719,Registrado,05/07/2026,INVEN - 1435,Normal,05/20/2026
,,,,,,,,,,,,,,,,,
,,,,,,,,,,,,,,,,,
,,,,,,,,,,,,,,,,,
,,,,,,,,,,,,,,,,,
378,Ped. Suministros,03/05/2026,,,,,,,,,,,,,,,
,,,,,,,,,,,,,,,,,
,,,,,,,,,,,,,,,,,
379,Ped. Suministros,03/05/2026,1 - 999,Anulado,04/06/2026,390 - 1,Anulado,04/06/2026,,,,,,,,,
,,,,,,,,,,,,,,,,,
,,,,,,,,,,,,,,,,,
380,Ped. Suministros,03/06/2026,,,,,,,,,,,,,,,
,,,,,,,,,,,,,,,,,
,,,,,,,,,,,,,,,,,
381,Sol. de Gastos,03/06/2026,1 - 677,Confirmado,03/11/2026,286 - 1,Normal,03/12/2026,375,Orden de Compra,03/18/2026,1 - 355,Registrado,03/18/2026,INVEN - 874,Normal,04/06/2026
,,,,,,,,,,,,,,,,,
,,,,,,,,,,,,,,,,,
,,,,,,,,,,,,,,,,,
,,,,,,,,,,,,,,,,,
382,Sol. de Gastos,03/06/2026,1 - 778,Confirmado,03/16/2026,316 - 1,Normal,03/17/2026,455,Anulado,03/30/2026,1 - 431,Anulado,03/30/2026,,,
,,,,,,,,,,,,,,,,,
,,,,,,,,,,,,,,,,,
,,,,,,,,,,,,,,,,,
,,,,,,,,,456,Anulado,03/30/2026,1 - 432,Anulado,03/30/2026,,,
,,,,,,,,,,,,,,,,,
,,,,,,,,,,,,,,,,,
,,,,,,,,,,,,,,,,,
,,,,,,,,,457,Anulado,03/30/2026,1 - 433,Anulado,03/30/2026,,,
,,,,,,,,,,,,,,,,,
,,,,,,,,,,,,,,,,,
,,,,,,,,,,,,,,,,,
,,,,,,,,,458,Anulado,03/30/2026,1 - 434,Anulado,03/30/2026,,,
,,,,,,,,,,,,,,,,,
,,,,,,,,,,,,,,,,,
,,,,,,,,,,,,,,,,,
,,,,,,,,,516,Anulado,04/06/2026,1 - 471,Anulado,04/06/2026,,,
,,,,,,,,,,,,,,,,,
,,,,,,,,,,,,,,,,,
,,,,,,,,,,,,,,,,,
,,,,,,,,,517,Orden de Compra,04/06/2026,1 - 472,Registrado,04/06/2026,INVEN - 1185,Normal,05/04/2026
,,,,,,,,,,,,,,,,,
,,,,,,,,,,,,,,,INVEN - 1720,Normal,06/11/2026
,,,,,,,,,,,,,,,,,
,,,,,,,,,,,,,,,,,
,,,,,,,,,,,,,,,,,
,,,,,,,,,518,Anulado,04/06/2026,1 - 473,Anulado,04/06/2026,,,
,,,,,,,,,,,,,,,,,
,,,,,,,,,,,,,,,,,
,,,,,,,,,,,,,,,,,
,,,,,,,,,519,Orden de Compra,04/06/2026,1 - 474,Registrado,04/06/2026,INVEN - 1285,Normal,05/12/2026
,,,,,,,,,,,,,,,,,
,,,,,,,,,,,,,,,,,
,,,,,,,,,,,,,,,,,
,,,,,,,,,523,Orden de Compra,04/06/2026,1 - 479,Registrado,04/06/2026,INVEN - 1131,Normal,04/28/2026
,,,,,,,,,,,,,,,,,
,,,,,,,,,,,,,,,INVEN - 1395,Normal,05/19/2026
,,,,,,,,,,,,,,,,,
,,,,,,,,,,,,,,,INVEN - 1471,Normal,05/22/2026
,,,,,,,,,,,,,,,,,
,,,,,,,,,,,,,,,INVEN - 1473,Normal,05/22/2026
,,,,,,,,,,,,,,,,,
,,,,,,,,,,,,,,,INVEN - 1476,Normal,05/22/2026
,,,,,,,,,,,,,,,,,
,,,,,,,,,,,,,,,INVEN - 1841,Normal,06/26/2026
,,,,,,,,,,,,,,,,,
,,,,,,,,,,,,,,,INVEN - 2071,Normal,07/22/2026
,,,,,,,,,,,,,,,,,
,,,,,,,,,,,,,,,INVEN - 2145,Normal,07/28/2026
,,,,,,,,,,,,,,,,,
,,,,,,,,,,,,,,,,,
,,,,,,,,,,,,,,,,,
,,,,,,,,,524,Orden de Compra,04/06/2026,1 - 480,Registrado,04/06/2026,INVEN - 1086,Normal,04/23/2026
,,,,,,,,,,,,,,,,,
,,,,,,,,,,,,,,,,,
,,,,,,,,,,,,,,,,,
,,,,,,,,,,,,,,,,,
383,Sol. de Gastos,03/06/2026,1 - 774,Confirmado,03/16/2026,312 - 1,Normal,03/17/2026,525,Orden de Compra,04/06/2026,1 - 481,Registrado,04/06/2026,INVEN - 1236,Normal,05/07/2026
,,,,,,,,,,,,,,,,,
,,,,,,,,,,,,,,,,,
,,,,,,,,,,,,,,,,,
,,,,,,,,,,,,,,,,,
384,Sol. de Gastos,03/06/2026,1 - 837,Confirmado,03/20/2026,342 - 1,Normal,03/26/2026,589,Orden de Compra,04/14/2026,1 - 557,Registrado,04/14/2026,INVEN - 1241,Normal,05/07/2026
,,,,,,,,,,,,,,,,,
,,,,,,,,,,,,,,,,,
,,,,,,,,,,,,,,,,,
,,,,,,,,,590,Orden de Compra,04/14/2026,1 - 558,Registrado,04/14/2026,INVEN - 1147,Normal,04/29/2026
,,,,,,,,,,,,,,,,,
,,,,,,,,,,,,,,,,,
,,,,,,,,,,,,,,,,,
,,,,,,,,,,,,,,,,,
385,Sol. de Gastos,03/06/2026,1 - 676,Confirmado,03/11/2026,279 - 1,Normal,03/11/2026,367,Orden de Compra,03/17/2026,1 - 347,Registrado,03/17/2026,INVEN - 1485,Normal,05/26/2026
,,,,,,,,,,,,,,,,,
,,,,,,,,,,,,,,,,,
,,,,,,,,,,,,,,,,,
,,,,,,,,,,,,,,,,,
386,Sol. de Gastos,03/06/2026,1 - 680,Confirmado,03/11/2026,289 - 1,Normal,03/12/2026,501,Orden de Compra,04/01/2026,1 - 455,Registrado,04/01/2026,INVEN - 1254,Normal,05/08/2026
,,,,,,,,,,,,,,,,,
,,,,,,,,,,,,,,,,,
,,,,,,,,,,,,,,,,,
,,,,,,,,,,,,,,,,,
387,Sol. de Gastos,03/06/2026,1 - 844,Confirmado,03/20/2026,335 - 1,Normal,03/25/2026,460,Orden de Compra,03/30/2026,1 - 436,Registrado,03/30/2026,INVEN - 1231,Normal,05/07/2026
,,,,,,,,,,,,,,,,,
,,,,,,,,,,,,,,,,,
,,,,,,,,,,,,,,,,,
,,,,,,,,,,,,,,,,,
388,Sol. de Gastos,03/06/2026,1 - 1183,Confirmado,04/21/2026,492 - 1,Normal,04/21/2026,823,Orden de Compra,05/15/2026,1 - 774,Registrado,05/15/2026,INVEN - 2177,Normal,07/31/2026
,,,,,,,,,,,,,,,,,
,,,,,,,,,,,,,,,,,
,,,,,,,,,,,,,,,,,
,,,,,,,,,,,,,,,,,
389,Sol. de Gastos,03/09/2026,1 - 709,Confirmado,03/16/2026,304 - 1,Normal,03/17/2026,380,Orden de Compra,03/19/2026,1 - 362,Registrado,03/19/2026,INVEN - 1766,Normal,06/16/2026
,,,,,,,,,,,,,,,,,
,,,,,,,,,,,,,,,INVEN - 2001,Normal,07/14/2026
,,,,,,,,,,,,,,,,,
,,,,,,,,,,,,,,,INVEN - 2223,Normal,08/06/2026
,,,,,,,,,,,,,,,,,
,,,,,,,,,,,,,,,INVEN - 2317,Normal,08/12/2026
,,,,,,,,,,,,,,,,,
,,,,,,,,,,,,,,,,,
,,,,,,,,,,,,,,,,,
,,,,,,,,,,,,,,,,,
390,Sol. de Gastos,03/09/2026,1 - 1084,Confirmado,04/14/2026,438 - 1,Normal,04/14/2026,604,Anulado,04/16/2026,1 - 570,Anulado,04/16/2026,,,
,,,,,,,,,,,,,,,,,
,,,,,,,,,,,,,,,,,
,,,,,,,,,,,,,,,,,
,,,,,,,,,606,Anulado,04/16/2026,,,,,,
,,,,,,,,,,,,,,,,,
,,,,,,,,,608,Orden de Compra,04/16/2026,1 - 573,Registrado,04/16/2026,,,
,,,,,,,,,,,,,,,,,
,,,,,,,,,,,,,,,,,
,,,,,,,,,,,,,,,,,
,,,,,,,,,,,,,,,,,
391,Sol. de Gastos,03/09/2026,1 - 694,Confirmado,03/12/2026,291 - 1,Normal,03/12/2026,333,Orden de Compra,03/13/2026,1 - 478,Registrado,04/06/2026,INVEN - 1235,Normal,05/07/2026
,,,,,,,,,,,,,,,,,
,,,,,,,,,,,,,,,INVEN - 1742,Normal,06/11/2026
,,,,,,,,,,,,,,,,,
,,,,,,,,,,,,,,,INVEN - 2349,Normal,08/14/2026
,,,,,,,,,,,,,,,,,
,,,,,,,,,,,,,,,,,
,,,,,,,,,,,,,,,,,
,,,1 - 659,Anulado,03/09/2026,277 - 1,Anulado,03/11/2026,,,,,,,,,
,,,,,,,,,,,,,,,,,
,,,,,,,,,,,,,,,,,
392,Sol. de Gastos,03/10/2026,1 - 795,Confirmado,03/18/2026,318 - 1,Normal,03/19/2026,491,Orden de Compra,03/31/2026,1 - 448,Registrado,03/31/2026,INVEN - 1336,Normal,05/14/2026
,,,,,,,,,,,,,,,,,
,,,,,,,,,,,,,,,,,
,,,,,,,,,,,,,,,,,
,,,,,,,,,,,,,,,,,
393,Sol. de Gastos,03/10/2026,1 - 715,Confirmado,03/16/2026,308 - 1,Normal,03/17/2026,528,Orden de Compra,04/07/2026,1 - 484,Registrado,04/07/2026,INVEN - 1138,Normal,04/29/2026
,,,,,,,,,,,,,,,,,
,,,,,,,,,,,,,,,,,
,,,,,,,,,,,,,,,,,
,,,,,,,,,,,,,,,,,
394,Ped. Suministros,03/11/2026,,,,,,,,,,,,,,,
,,,,,,,,,,,,,,,,,
,,,,,,,,,,,,,,,,,
395,Sol. de Gastos,03/11/2026,1 - 868,Confirmado,03/26/2026,360 - 1,Normal,03/27/2026,451,Orden de Compra,03/27/2026,1 - 427,Registrado,03/27/2026,INVEN - 1475,Normal,05/22/2026
,,,,,,,,,,,,,,,,,
,,,,,,,,,,,,,,,INVEN - 2261,Normal,08/07/2026
,,,,,,,,,,,,,,,,,
,,,,,,,,,,,,,,,,,
,,,,,,,,,,,,,,,,,
,,,,,,,,,,,,,,,,,
396,Sol. de Gastos,03/11/2026,1 - 775,Confirmado,03/16/2026,302 - 1,Normal,03/16/2026,409,Orden de Compra,03/20/2026,1 - 512,Registrado,04/09/2026,INVEN - 1076,Normal,04/23/2026
,,,,,,,,,,,,,,,,,
,,,,,,,,,,,,,,,INVEN - 1140,Normal,04/29/2026
,,,,,,,,,,,,,,,,,
,,,,,,,,,,,,,,,INVEN - 1634,Normal,06/05/2026
,,,,,,,,,,,,,,,,,
,,,,,,,,,,,,,,,,,
,,,,,,,,,,,,,,,,,
,,,,,,,,,,,,,,,,,
397,Sol. de Gastos,03/11/2026,1 - 1448,Confirmado,05/13/2026,617 - 1,Normal,05/14/2026,,,,,,,,,
,,,,,,,,,,,,,,,,,
,,,,,,,,,,,,,,,,,
398,Sol. de Gastos,03/11/2026,1 - 849,Confirmado,03/20/2026,343 - 1,Normal,03/26/2026,474,Orden de Compra,03/31/2026,1 - 443,Registrado,03/31/2026,INVEN - 957,Normal,04/13/2026
,,,,,,,,,,,,,,,,,
,,,,,,,,,,,,,,,,,
,,,,,,,,,,,,,,,,,
,,,,,,,,,,,,,,,,,
399,Sol. de Gastos,03/11/2026,1 - 806,Confirmado,03/19/2026,323 - 1,Normal,03/19/2026,408,Orden de Compra,03/20/2026,1 - 383,Registrado,03/20/2026,INVEN - 846,Normal,03/30/2026
,,,,,,,,,,,,,,,,,
,,,,,,,,,,,,,,,,,
,,,,,,,,,,,,,,,,,
,,,,,,,,,,,,,,,,,
400,Sol. de Gastos,03/11/2026,1 - 1074,Confirmado,04/13/2026,441 - 1,Normal,04/14/2026,711,Orden de Compra,04/29/2026,1 - 661,Registrado,04/29/2026,INVEN - 1778,Normal,06/18/2026
,,,,,,,,,,,,,,,,,
,,,,,,,,,,,,,,,INVEN - 1780,Normal,06/18/2026
,,,,,,,,,,,,,,,,,
,,,,,,,,,,,,,,,,,
,,,,,,,,,,,,,,,,,
,,,,,,,,,712,Orden de Compra,04/29/2026,1 - 662,Registrado,04/29/2026,INVEN - 1351,Normal,05/15/2026
,,,,,,,,,,,,,,,,,
,,,,,,,,,,,,,,,INVEN - 1527,Normal,05/28/2026
,,,,,,,,,,,,,,,,,
,,,,,,,,,,,,,,,,,
,,,,,,,,,,,,,,,,,
,,,,,,,,,,,,,,,,,
401,Sol. de Gastos,03/11/2026,1 - 901,Confirmado,03/30/2026,378 - 1,Normal,03/31/2026,555,Anulado,04/10/2026,,,,,,
,,,,,,,,,,,,,,,,,
,,,,,,,,,556,Anulado,04/10/2026,,,,,,
,,,,,,,,,,,,,,,,,
,,,,,,,,,558,Orden de Compra,04/10/2026,1 - 519,Registrado,04/10/2026,INVEN - 1174,Normal,05/04/2026
,,,,,,,,,,,,,,,,,
,,,,,,,,,,,,,,,INVEN - 1176,Normal,05/04/2026
,,,,,,,,,,,,,,,,,
,,,,,,,,,,,,,,,,,
,,,,,,,,,,,,,,,,,
,,,,,,,,,560,Orden de Compra,04/10/2026,1 - 520,Registrado,04/10/2026,INVEN - 1237,Normal,05/07/2026
,,,,,,,,,,,,,,,,,
,,,,,,,,,,,,,,,,,
,,,,,,,,,,,,,,,,,
,,,,,,,,,561,Orden de Compra,04/10/2026,1 - 523,Registrado,04/10/2026,INVEN - 1035,Normal,04/21/2026
,,,,,,,,,,,,,,,,,
,,,,,,,,,,,,1 - 521,Anulado,04/10/2026,,,
,,,,,,,,,,,,,,,,,
,,,,,,,,,,,,,,,,,
,,,,,,,,,,,,,,,,,
,,,,,,,,,,,,,,,,,
402,Ped. Suministros,03/12/2026,,,,,,,,,,,,,,,
,,,,,,,,,,,,,,,,,
,,,,,,,,,,,,,,,,,
403,Sol. de Gastos,03/12/2026,1 - 967,Confirmado,03/31/2026,377 - 1,Normal,03/31/2026,508,Orden de Compra,04/01/2026,1 - 463,Registrado,04/01/2026,INVEN - 1384,Normal,05/19/2026
,,,,,,,,,,,,,,,,,
,,,,,,,,,,,,,,,,,
,,,,,,,,,,,,,,,,,
,,,,,,,,,,,,,,,,,
404,Sol. de Gastos,03/12/2026,1 - 833,Confirmado,03/20/2026,334 - 1,Normal,03/25/2026,461,Orden de Compra,03/30/2026,1 - 438,Registrado,03/30/2026,INVEN - 1389,Normal,05/19/2026
,,,,,,,,,,,,,,,,,
,,,,,,,,,,,,,,,INVEN - 1620,Normal,06/04/2026
,,,,,,,,,,,,,,,,,
,,,,,,,,,,,,,,,INVEN - 1621,Normal,06/04/2026
,,,,,,,,,,,,,,,,,
,,,,,,,,,,,,,,,,,
,,,,,,,,,,,,,,,,,
,,,,,,,,,,,,,,,,,
405,Sol. de Gastos,03/12/2026,1 - 776,Confirmado,03/16/2026,315 - 1,Normal,03/17/2026,573,Orden de Compra,04/13/2026,1 - 539,Registrado,04/13/2026,INVEN - 1233,Normal,05/07/2026
,,,,,,,,,,,,,,,,,
,,,,,,,,,,,,,,,,,
,,,,,,,,,,,,,,,,,
,,,,,,,,,,,,,,,,,
406,Sol. de Gastos,03/12/2026,1 - 714,Confirmado,03/16/2026,309 - 1,Normal,03/17/2026,374,Orden de Compra,03/18/2026,1 - 354,Registrado,03/18/2026,INVEN - 821,Normal,03/27/2026
,,,,,,,,,,,,,,,,,
,,,,,,,,,,,,,,,,,
,,,,,,,,,,,,,,,,,
,,,,,,,,,,,,,,,,,
407,Sol. de Gastos,03/12/2026,1 - 692,Confirmado,03/12/2026,293 - 1,Normal,03/12/2026,335,Orden de Compra,03/13/2026,1 - 318,Registrado,03/13/2026,INVEN - 810,Normal,03/26/2026
,,,,,,,,,,,,,,,,,
,,,,,,,,,,,,,,,,,
,,,,,,,,,,,,,,,,,
,,,,,,,,,,,,,,,,,
408,Sol. de Gastos,03/12/2026,1 - 691,Confirmado,03/12/2026,292 - 1,Normal,03/12/2026,437,Orden de Compra,03/26/2026,1 - 406,Registrado,03/26/2026,INVEN - 2330,Normal,08/13/2026
,,,,,,,,,,,,,,,,,
,,,,,,,,,,,,,,,,,
,,,,,,,,,,,,,,,,,
,,,,,,,,,,,,,,,,,
409,Sol. de Gastos,03/12/2026,1 - 773,Confirmado,03/16/2026,305 - 1,Normal,03/17/2026,432,Orden de Compra,03/25/2026,1 - 401,Registrado,03/25/2026,INVEN - 856,Normal,04/01/2026
,,,,,,,,,,,,,,,,,
,,,,,,,,,,,,,,,,,
,,,,,,,,,,,,,,,,,
,,,,,,,,,,,,,,,,,
410,Sol. de Gastos,03/12/2026,1 - 698,Confirmado,03/13/2026,296 - 1,Normal,03/16/2026,358,Orden de Compra,03/17/2026,1 - 339,Registrado,03/17/2026,INVEN - 806,Normal,03/26/2026
,,,,,,,,,,,,,,,,,
,,,,,,,,,,,,,,,INVEN - 915,Normal,04/09/2026
,,,,,,,,,,,,,,,,,
,,,,,,,,,,,,,,,INVEN - 973,Normal,04/15/2026
,,,,,,,,,,,,,,,,,
,,,,,,,,,,,,,,,,,
,,,,,,,,,,,,,,,,,
,,,,,,,,,,,,,,,,,
411,Sol. de Gastos,03/12/2026,1 - 711,Confirmado,03/16/2026,328 - 1,Normal,03/20/2026,,,,,,,,,
,,,,,,,,,,,,,,,,,
,,,,,,328 - 2,Normal,03/25/2026,450,Orden de Compra,03/27/2026,1 - 522,Registrado,04/10/2026,INVEN - 1149,Normal,04/30/2026
,,,,,,,,,,,,,,,,,
,,,,,,,,,,,,,,,INVEN - 1369,Normal,05/18/2026
,,,,,,,,,,,,,,,,,
,,,,,,,,,,,,,,,INVEN - 1573,Normal,06/01/2026
,,,,,,,,,,,,,,,,,
,,,,,,,,,,,,,,,INVEN - 1757,Normal,06/16/2026
,,,,,,,,,,,,,,,,,
,,,,,,,,,,,,,,,INVEN - 1886,Normal,07/01/2026
,,,,,,,,,,,,,,,,,
,,,,,,,,,,,,,,,INVEN - 2014,Normal,07/15/2026
,,,,,,,,,,,,,,,,,
,,,,,,,,,,,,,,,INVEN - 2207,Normal,08/05/2026
,,,,,,,,,,,,,,,,,
,,,,,,,,,,,,,,,INVEN - 2380,Normal,08/20/2026
,,,,,,,,,,,,,,,,,
,,,,,,,,,,,,,,,INVEN - 2514,Normal,09/01/2026
,,,,,,,,,,,,,,,,,
,,,,,,,,,,,,,,,INVEN - 981,Normal,04/16/2026
,,,,,,,,,,,,,,,,,
,,,,,,,,,,,,,,,,,
,,,,,,,,,,,,,,,,,
,,,,,,,,,,,,,,,,,
412,Sol. de Gastos,03/12/2026,1 - 900,Confirmado,03/30/2026,394 - 1,Normal,04/07/2026,,,,,,,,,
,,,,,,,,,,,,,,,,,
,,,,,,394 - 2,Normal,04/14/2026,688,Orden de Compra,04/28/2026,1 - 644,Registrado,04/28/2026,INVEN - 1609,Normal,06/03/2026
,,,,,,,,,,,,,,,,,
,,,,,,,,,,,,,,,,,
,,,,,,,,,,,,,,,,,
,,,,,,,,,690,Orden de Compra,04/28/2026,1 - 645,Registrado,04/28/2026,INVEN - 1338,Normal,05/14/2026
,,,,,,,,,,,,,,,,,
,,,,,,,,,,,,,,,,,
,,,,,,,,,,,,,,,,,
,,,,,,,,,,,,,,,,,
413,Sol. de Gastos,03/12/2026,1 - 713,Confirmado,03/16/2026,307 - 1,Normal,03/17/2026,421,Orden de Compra,03/25/2026,1 - 391,Registrado,03/25/2026,,,
,,,,,,,,,,,,,,,,,
,,,,,,,,,,,,,,,,,
,,,,,,,,,,,,,,,,,
,,,,,,,,,,,,,,,,,
414,Sol. de Gastos,03/12/2026,1 - 986,Confirmado,04/01/2026,383 - 1,Normal,04/01/2026,594,Orden de Compra,04/15/2026,1 - 562,Registrado,04/15/2026,INVEN - 1703,Normal,06/10/2026
,,,,,,,,,,,,,,,,,
,,,,,,,,,,,,,,,,,
,,,,,,,,,,,,,,,,,
,,,,,,,,,595,Orden de Compra,04/15/2026,1 - 563,Registrado,04/15/2026,INVEN - 1601,Normal,06/03/2026
,,,,,,,,,,,,,,,,,
,,,,,,,,,,,,,,,,,
,,,,,,,,,,,,,,,,,
,,,,,,,,,,,,,,,,,
415,Sol. de Gastos,03/12/2026,1 - 716,Confirmado,03/16/2026,299 - 1,Normal,03/16/2026,373,Orden de Compra,03/18/2026,1 - 353,Registrado,03/18/2026,INVEN - 940,Normal,04/10/2026
,,,,,,,,,,,,,,,,,
,,,,,,,,,,,,,,,,,
,,,,,,,,,,,,,,,,,
,,,,,,,,,,,,,,,,,
416,Sol. de Gastos,03/12/2026,1 - 1100,Confirmado,04/14/2026,428 - 1,Normal,04/14/2026,732,Orden de Compra,05/04/2026,1 - 690,Registrado,05/04/2026,INVEN - 1391,Normal,05/19/2026
,,,,,,,,,,,,,,,,,
,,,,,,,,,,,,,,,INVEN - 1393,Normal,05/19/2026
,,,,,,,,,,,,,,,,,
,,,,,,,,,,,,,,,,,
,,,,,,,,,,,,,,,,,
,,,,,,,,,,,,,,,,,
417,Sol. de Gastos,03/12/2026,1 - 771,Confirmado,03/16/2026,317 - 1,Normal,03/17/2026,381,Orden de Compra,03/19/2026,1 - 363,Registrado,03/19/2026,INVEN - 863,Normal,04/01/2026
,,,,,,,,,,,,,,,,,
,,,,,,,,,,,,,,,,,
,,,,,,,,,,,,,,,,,
,,,,,,,,,,,,,,,,,
418,Sol. de Gastos,03/13/2026,1 - 869,Confirmado,03/26/2026,361 - 1,Normal,03/27/2026,459,Orden de Compra,03/30/2026,1 - 435,Registrado,03/30/2026,INVEN - 1015,Normal,04/20/2026
,,,,,,,,,,,,,,,,,
,,,,,,,,,,,,,,,INVEN - 1421,Normal,05/20/2026
,,,,,,,,,,,,,,,,,
,,,,,,,,,,,,,,,INVEN - 1428,Normal,05/20/2026
,,,,,,,,,,,,,,,,,
,,,,,,,,,,,,,,,INVEN - 1460,Normal,05/21/2026
,,,,,,,,,,,,,,,,,
,,,,,,,,,,,,,,,INVEN - 1461,Normal,05/21/2026
,,,,,,,,,,,,,,,,,
,,,,,,,,,,,,,,,INVEN - 2097,Normal,07/23/2026
,,,,,,,,,,,,,,,,,
,,,,,,,,,,,,,,,INVEN - 2275,Normal,08/10/2026
,,,,,,,,,,,,,,,,,
,,,,,,,,,,,,,,,INVEN - 989,Normal,04/17/2026
,,,,,,,,,,,,,,,,,
,,,,,,,,,,,,,,,,,
,,,,,,,,,,,,,,,,,
,,,,,,,,,,,,,,,,,
419,Sol. de Gastos,03/13/2026,1 - 863,Confirmado,03/26/2026,359 - 1,Normal,03/27/2026,569,Orden de Compra,04/13/2026,1 - 534,Registrado,04/13/2026,INVEN - 1484,Normal,05/26/2026
,,,,,,,,,,,,,,,,,
,,,,,,,,,,,,,,,,,
,,,,,,,,,,,,,,,,,
,,,,,,,,,,,,,,,,,
420,Sol. de Gastos,03/13/2026,1 - 984,Confirmado,04/01/2026,388 - 1,Normal,04/06/2026,810,Orden de Compra,05/14/2026,1 - 759,Registrado,05/14/2026,INVEN - 1508,Normal,05/26/2026
,,,,,,,,,,,,,,,,,
,,,,,,,,,,,,,,,INVEN - 1613,Normal,06/04/2026
,,,,,,,,,,,,,,,,,
,,,,,,,,,,,,,,,,,
,,,,,,,,,,,,,,,,,
,,,,,,,,,811,Orden de Compra,05/14/2026,1 - 760,Registrado,05/14/2026,INVEN - 1510,Normal,05/26/2026
,,,,,,,,,,,,,,,,,
,,,,,,,,,,,,,,,,,
,,,,,,,,,,,,,,,,,
,,,,,,,,,,,,,,,,,
421,Sol. de Gastos,03/13/2026,1 - 1382,Confirmado,05/07/2026,554 - 1,Normal,05/08/2026,792,Orden de Compra,05/13/2026,1 - 744,Registrado,05/13/2026,INVEN - 1812,Normal,06/24/2026
,,,,,,,,,,,,,,,,,
,,,,,,,,,,,,,,,,,
,,,,,,,,,,,,,,,,,
,,,,,,,,,,,,,,,,,
422,Sol. de Gastos,03/13/2026,1 - 772,Confirmado,03/16/2026,306 - 1,Normal,03/17/2026,372,Orden de Compra,03/18/2026,1 - 352,Registrado,03/18/2026,INVEN - 888,Normal,04/07/2026
,,,,,,,,,,,,,,,,,
,,,,,,,,,,,,,,,,,
,,,,,,,,,,,,,,,,,
,,,,,,,,,,,,,,,,,
423,Ped. Suministros,03/13/2026,,,,,,,,,,,,,,,
,,,,,,,,,,,,,,,,,
,,,,,,,,,,,,,,,,,
424,Sol. de Gastos,03/16/2026,1 - 830,Confirmado,03/20/2026,330 - 1,Normal,03/25/2026,435,Orden de Compra,03/26/2026,1 - 404,Registrado,03/26/2026,INVEN - 1183,Normal,05/04/2026
,,,,,,,,,,,,,,,,,
,,,,,,,,,,,,,,,,,
,,,,,,,,,,,,,,,,,
,,,,,,,,,,,,,,,,,
425,Sol. de Gastos,03/16/2026,1 - 835,Confirmado,03/20/2026,331 - 1,Normal,03/25/2026,443,Orden de Compra,03/26/2026,1 - 420,Registrado,03/26/2026,INVEN - 933,Normal,04/09/2026
,,,,,,,,,,,,,,,,,
,,,,,,,,,,,,,,,,,
,,,,,,,,,,,,,,,,,
,,,,,,,,,,,,,,,,,
426,Ped. Suministros,03/16/2026,,,,,,,,,,,,,,,
,,,,,,,,,,,,,,,,,
,,,,,,,,,,,,,,,,,
427,Sol. de Gastos,03/16/2026,1 - 1032,Confirmado,04/08/2026,407 - 1,Normal,04/08/2026,615,Orden de Compra,04/17/2026,1 - 580,Registrado,04/17/2026,INVEN - 1517,Normal,05/27/2026
,,,,,,,,,,,,,,,,,
,,,,,,,,,,,,,,,INVEN - 1528,Normal,05/28/2026
,,,,,,,,,,,,,,,,,
,,,,,,,,,,,,,,,INVEN - 2373,Normal,08/20/2026
,,,,,,,,,,,,,,,,,
,,,,,,,,,,,,,,,INVEN - 2374,Normal,08/20/2026
,,,,,,,,,,,,,,,,,
,,,,,,,,,,,,,,,,,
,,,,,,,,,,,,,,,,,
,,,,,,,,,616,Orden de Compra,04/17/2026,1 - 581,Registrado,04/17/2026,INVEN - 1286,Normal,05/12/2026
,,,,,,,,,,,,,,,,,
,,,,,,,,,,,,,,,,,
,,,,,,,,,,,,,,,,,
,,,,,,,,,,,,,,,,,
428,Sol. de Gastos,03/16/2026,1 - 825,Confirmado,03/20/2026,327 - 1,Normal,03/20/2026,420,Orden de Compra,03/25/2026,1 - 390,Registrado,03/25/2026,INVEN - 964,Normal,04/13/2026
,,,,,,,,,,,,,,,,,
,,,,,,,,,,,,,,,,,
,,,,,,,,,,,,,,,,,
,,,,,,,,,,,,,,,,,
429,Sol. de Gastos,03/16/2026,1 - 769,Confirmado,03/16/2026,301 - 1,Normal,03/16/2026,397,Orden de Compra,03/19/2026,1 - 372,Registrado,03/19/2026,,,
,,,,,,,,,,,,,,,,,
,,,,,,,,,,,,,,,,,
,,,,,,,,,,,,,,,,,
,,,,,,,,,,,,,,,,,
431,Sol. de Gastos,03/16/2026,1 - 782,Confirmado,03/16/2026,314 - 1,Normal,03/17/2026,470,Orden de Compra,03/31/2026,1 - 440,Registrado,03/31/2026,INVEN - 970,Normal,04/15/2026
,,,,,,,,,,,,,,,,,
,,,,,,,,,,,,,,,,,
,,,,,,,,,,,,,,,,,
,,,,,,,,,471,Orden de Compra,03/31/2026,1 - 441,Registrado,03/31/2026,,,
,,,,,,,,,,,,,,,,,
,,,,,,,,,,,,,,,,,
,,,,,,,,,,,,,,,,,
,,,,,,,,,472,Orden de Compra,03/31/2026,1 - 442,Registrado,03/31/2026,INVEN - 1137,Normal,04/29/2026
,,,,,,,,,,,,,,,,,
,,,,,,,,,,,,,,,,,
,,,,,,,,,,,,,,,,,
,,,,,,,,,,,,,,,,,
433,Sol. de Gastos,03/16/2026,1 - 1094,Confirmado,04/14/2026,429 - 1,Normal,04/14/2026,613,Orden de Compra,04/17/2026,1 - 578,Registrado,04/17/2026,INVEN - 1070,Normal,04/23/2026
,,,,,,,,,,,,,,,,,
,,,,,,,,,,,,,,,,,
,,,,,,,,,,,,,,,,,
,,,,,,,,,,,,,,,,,
434,Sol. de Gastos,03/17/2026,1 - 801,Confirmado,03/18/2026,319 - 1,Normal,03/19/2026,438,Orden de Compra,03/26/2026,1 - 407,Registrado,03/26/2026,INVEN - 1494,Normal,05/26/2026
,,,,,,,,,,,,,,,,,
,,,,,,,,,,,,,,,,,
,,,,,,,,,,,,,,,,,
,,,,,,,,,,,,,,,,,
435,Sol. de Gastos,03/17/2026,1 - 899,Confirmado,03/30/2026,374 - 1,Normal,03/30/2026,498,Orden de Compra,04/01/2026,1 - 454,Registrado,04/01/2026,INVEN - 1244,Normal,05/08/2026
,,,,,,,,,,,,,,,,,
,,,,,,,,,,,,,,,,,
,,,,,,,,,,,,,,,,,
,,,,,,,,,,,,,,,,,
436,Sol. de Gastos,03/17/2026,1 - 1116,Confirmado,04/14/2026,427 - 1,Normal,04/14/2026,1090,Orden de Compra,06/30/2026,1 - 1049,Registrado,06/30/2026,INVEN - 2352,Normal,08/14/2026
,,,,,,,,,,,,,,,,,
,,,,,,,,,,,,,,,,,
,,,,,,,,,,,,,,,,,
,,,,,,,,,,,,,,,,,
437,Sol. de Gastos,03/17/2026,1 - 897,Confirmado,03/30/2026,371 - 1,Normal,03/30/2026,522,Anulado,04/06/2026,,,,,,
,,,,,,,,,,,,,,,,,
,,,,,,,,,585,Anulado,04/14/2026,1 - 554,Anulado,04/14/2026,,,
,,,,,,,,,,,,,,,,,
,,,,,,,,,,,,,,,,,
,,,,,,,,,,,,,,,,,
,,,,,,,,,586,Anulado,04/14/2026,1 - 555,Anulado,04/14/2026,,,
,,,,,,,,,,,,,,,,,
,,,,,,,,,,,,,,,,,
,,,,,,,,,,,,,,,,,
,,,,,,,,,629,Anulado,04/21/2026,1 - 594,Anulado,04/21/2026,,,
,,,,,,,,,,,,,,,,,
,,,,,,,,,,,,,,,,,
,,,,,,,,,,,,,,,,,
,,,,,,,,,630,Anulado,04/21/2026,1 - 595,Anulado,04/21/2026,,,
,,,,,,,,,,,,,,,,,
,,,,,,,,,,,,,,,,,
,,,,,,,,,,,,,,,,,
,,,,,,,,,632,Orden de Compra,04/21/2026,1 - 596,Registrado,04/21/2026,INVEN - 1327,Normal,05/14/2026
,,,,,,,,,,,,,,,,,
,,,,,,,,,,,,,,,INVEN - 1328,Normal,05/14/2026
,,,,,,,,,,,,,,,,,
,,,,,,,,,,,,,,,,,
,,,,,,,,,,,,,,,,,
,,,,,,,,,633,Orden de Compra,04/21/2026,1 - 602,Registrado,04/21/2026,INVEN - 1258,Normal,05/11/2026
,,,,,,,,,,,,,,,,,
,,,,,,,,,,,,1 - 597,Anulado,04/21/2026,,,
,,,,,,,,,,,,,,,,,
,,,,,,,,,,,,,,,,,
,,,,,,,,,,,,,,,,,
,,,,,,,,,,,,,,,,,
438,Sol. de Gastos,03/17/2026,1 - 1114,Confirmado,04/14/2026,453 - 1,Normal,04/15/2026,793,Orden de Compra,05/13/2026,1 - 745,Registrado,05/13/2026,INVEN - 2229,Normal,08/06/2026
,,,,,,,,,,,,,,,,,
,,,,,,,,,,,,,,,,,
,,,,,,,,,,,,,,,,,
,,,,,,,,,,,,,,,,,
439,Sol. de Gastos,03/17/2026,1 - 800,Confirmado,03/18/2026,320 - 1,Normal,03/19/2026,439,Orden de Compra,03/26/2026,1 - 408,Registrado,03/26/2026,INVEN - 908,Normal,04/09/2026
,,,,,,,,,,,,,,,,,
,,,,,,,,,,,,,,,,,
,,,,,,,,,,,,,,,,,
,,,,,,,,,440,Orden de Compra,03/26/2026,1 - 409,Registrado,03/26/2026,INVEN - 1104,Normal,04/24/2026
,,,,,,,,,,,,,,,,,
,,,,,,,,,,,,,,,,,
,,,,,,,,,,,,,,,,,
,,,,,,,,,,,,,,,,,
440,Sol. de Gastos,03/17/2026,1 - 892,Confirmado,03/30/2026,367 - 1,Normal,03/30/2026,548,Orden de Compra,04/09/2026,1 - 510,Registrado,04/09/2026,INVEN - 1020,Normal,04/20/2026
,,,,,,,,,,,,,,,,,
,,,,,,,,,,,,,,,,,
,,,,,,,,,,,,,,,,,
,,,,,,,,,,,,,,,,,
441,Sol. de Gastos,03/17/2026,1 - 898,Confirmado,03/30/2026,372 - 1,Normal,03/30/2026,535,Orden de Compra,04/08/2026,1 - 491,Registrado,04/08/2026,INVEN - 1023,Normal,04/20/2026
,,,,,,,,,,,,,,,,,
,,,,,,,,,,,,,,,,,
,,,,,,,,,,,,,,,,,
,,,,,,,,,536,Orden de Compra,04/08/2026,1 - 492,Registrado,04/08/2026,INVEN - 1024,Normal,04/20/2026
,,,,,,,,,,,,,,,,,
,,,,,,,,,,,,,,,,,
,,,,,,,,,,,,,,,,,
,,,,,,,,,,,,,,,,,
442,Sol. de Gastos,03/17/2026,1 - 1165,Confirmado,04/17/2026,480 - 1,Normal,04/20/2026,625,Orden de Compra,04/20/2026,1 - 590,Registrado,04/20/2026,INVEN - 1214,Normal,05/06/2026
,,,,,,,,,,,,,,,,,
,,,,,,,,,,,,,,,,,
,,,,,,,,,,,,,,,,,
,,,,,,,,,,,,,,,,,
443,Sol. de Gastos,03/18/2026,1 - 1091,Confirmado,04/14/2026,423 - 1,Normal,04/14/2026,777,Orden de Compra,05/07/2026,1 - 724,Registrado,05/07/2026,INVEN - 1606,Normal,06/03/2026
,,,,,,,,,,,,,,,,,
,,,,,,,,,,,,,,,,,
,,,,,,,,,,,,,,,,,
,,,,,,,,,,,,,,,,,
444,Sol. de Gastos,03/18/2026,1 - 896,Confirmado,03/30/2026,379 - 1,Normal,03/31/2026,584,Orden de Compra,04/14/2026,1 - 553,Registrado,04/14/2026,INVEN - 1119,Normal,04/28/2026
,,,,,,,,,,,,,,,,,
,,,,,,,,,,,,,,,,,
,,,,,,,,,,,,,,,,,
,,,,,,,,,,,,,,,,,
445,Sol. de Gastos,03/18/2026,1 - 858,Confirmado,03/25/2026,339 - 1,Normal,03/26/2026,469,Orden de Compra,03/31/2026,1 - 439,Registrado,03/31/2026,INVEN - 997,Normal,04/17/2026
,,,,,,,,,,,,,,,,,
,,,,,,,,,,,,,,,,,
,,,,,,,,,,,,,,,,,
,,,,,,,,,,,,,,,,,
446,Sol. de Gastos,03/18/2026,1 - 1089,Confirmado,04/14/2026,454 - 1,Normal,04/15/2026,807,Orden de Compra,05/14/2026,1 - 756,Registrado,05/14/2026,INVEN - 1637,Normal,06/05/2026
,,,,,,,,,,,,,,,,,
,,,,,,,,,,,,,,,INVEN - 1638,Normal,06/05/2026
,,,,,,,,,,,,,,,,,
,,,,,,,,,,,,,,,,,
,,,,,,,,,,,,,,,,,
,,,,,,,,,,,,,,,,,
447,Sol. de Gastos,03/18/2026,1 - 1090,Confirmado,04/14/2026,459 - 1,Normal,04/15/2026,681,Orden de Compra,04/27/2026,1 - 639,Registrado,04/27/2026,INVEN - 1696,Normal,06/10/2026
,,,,,,,,,,,,,,,,,
,,,,,,,,,,,,,,,,,
,,,,,,,,,,,,,,,,,
,,,,,,,,,682,Orden de Compra,04/27/2026,1 - 640,Registrado,04/27/2026,INVEN - 1577,Normal,06/01/2026
,,,,,,,,,,,,,,,,,
,,,,,,,,,,,,,,,INVEN - 1863,Normal,06/29/2026
,,,,,,,,,,,,,,,,,
,,,,,,,,,,,,,,,,,
,,,,,,,,,,,,,,,,,
,,,,,,,,,,,,,,,,,
448,Sol. de Gastos,03/18/2026,1 - 826,Confirmado,03/20/2026,329 - 1,Normal,03/20/2026,502,Orden de Compra,04/01/2026,1 - 456,Registrado,04/01/2026,INVEN - 958,Normal,04/13/2026
,,,,,,,,,,,,,,,,,
,,,,,,,,,,,,,,,,,
,,,,,,,,,,,,,,,,,
,,,,,,,,,,,,,,,,,
449,Sol. de Gastos,03/18/2026,1 - 859,Confirmado,03/26/2026,355 - 1,Normal,03/26/2026,445,Orden de Compra,03/27/2026,1 - 422,Registrado,03/27/2026,INVEN - 1345,Normal,05/15/2026
,,,,,,,,,,,,,,,,,
,,,,,,,,,,,,,,,INVEN - 883,Normal,04/07/2026
,,,,,,,,,,,,,,,,,
,,,,,,,,,,,,,,,,,
,,,,,,,,,,,,,,,,,
,,,,,,,,,,,,,,,,,
450,Sol. de Gastos,03/18/2026,1 - 860,Confirmado,03/26/2026,354 - 1,Normal,03/26/2026,448,Orden de Compra,03/27/2026,1 - 425,Registrado,03/27/2026,INVEN - 1301,Normal,05/13/2026
,,,,,,,,,,,,,,,,,
,,,,,,,,,,,,,,,INVEN - 1860,Normal,06/29/2026
,,,,,,,,,,,,,,,,,
,,,,,,,,,,,,,,,INVEN - 2242,Normal,08/07/2026
,,,,,,,,,,,,,,,,,
,,,,,,,,,,,,,,,,,
,,,,,,,,,,,,,,,,,
,,,,,,,,,,,,,,,,,
451,Sol. de Gastos,03/18/2026,1 - 1095,Confirmado,04/14/2026,446 - 1,Normal,04/14/2026,717,Orden de Compra,04/29/2026,1 - 667,Registrado,04/29/2026,INVEN - 1218,Normal,05/06/2026
,,,,,,,,,,,,,,,,,
,,,,,,,,,,,,,,,INVEN - 1728,Normal,06/11/2026
,,,,,,,,,,,,,,,,,
,,,,,,,,,,,,,,,INVEN - 2011,Normal,07/15/2026
,,,,,,,,,,,,,,,,,
,,,,,,,,,,,,,,,,,
,,,,,,,,,,,,,,,,,
,,,,,,,,,,,,,,,,,
452,Sol. de Gastos,03/18/2026,1 - 822,Confirmado,03/20/2026,325 - 1,Normal,03/20/2026,779,Orden de Compra,05/11/2026,1 - 729,Registrado,05/11/2026,INVEN - 1385,Normal,05/19/2026
,,,,,,,,,,,,,,,,,
,,,,,,,,,,,,,,,,,
,,,,,,,,,,,,,,,,,
,,,,,,,,,,,,,,,,,
453,Sol. de Gastos,03/18/2026,1 - 975,Confirmado,03/31/2026,380 - 1,Normal,04/01/2026,507,Orden de Compra,04/01/2026,1 - 462,Registrado,04/01/2026,INVEN - 1772,Normal,06/16/2026
,,,,,,,,,,,,,,,,,
,,,,,,,,,,,,,,,INVEN - 2439,Normal,08/26/2026
,,,,,,,,,,,,,,,,,
,,,,,,,,,,,,,,,,,
,,,,,,,,,,,,,,,,,
,,,,,,,,,,,,,,,,,
454,Sol. de Gastos,03/18/2026,1 - 1027,Confirmado,04/08/2026,403 - 1,Normal,04/08/2026,553,Orden de Compra,04/10/2026,1 - 517,Registrado,04/10/2026,INVEN - 1021,Normal,04/20/2026
,,,,,,,,,,,,,,,,,
,,,,,,,,,,,,,,,,,
,,,,,,,,,,,,,,,,,
,,,,,,,,,,,,,,,,,
455,Sol. de Gastos,03/19/2026,1 - 1111,Confirmado,04/14/2026,447 - 1,Normal,04/14/2026,891,Anulado,05/26/2026,1 - 837,Anulado,05/26/2026,,,
,,,,,,,,,,,,,,,,,
,,,,,,,,,,,,,,,,,
,,,,,,,,,,,,,,,,,
,,,,,,,,,911,Orden de Compra,05/27/2026,1 - 857,Registrado,05/27/2026,INVEN - 1786,Normal,06/19/2026
,,,,,,,,,,,,,,,,,
,,,,,,,,,,,,,,,INVEN - 1995,Normal,07/13/2026
,,,,,,,,,,,,,,,,,
,,,,,,,,,,,,1 - 856,Anulado,05/27/2026,,,
,,,,,,,,,,,,,,,,,
,,,,,,,,,,,,,,,,,
,,,,,,,,,,,,,,,,,
,,,,,,,,,,,,,,,,,
456,Sol. de Gastos,03/19/2026,1 - 865,Confirmado,03/26/2026,356 - 1,Normal,03/27/2026,549,Orden de Compra,04/09/2026,1 - 513,Registrado,04/09/2026,INVEN - 1852,Normal,06/29/2026
,,,,,,,,,,,,,,,,,
,,,,,,,,,,,,,,,INVEN - 2081,Normal,07/22/2026
,,,,,,,,,,,,,,,,,
,,,,,,,,,,,,,,,INVEN - 2291,Normal,08/11/2026
,,,,,,,,,,,,,,,,,
,,,,,,,,,,,,,,,,,
,,,,,,,,,,,,,,,,,
,,,,,,,,,,,,,,,,,
457,Sol. de Gastos,03/19/2026,1 - 1088,Confirmado,04/14/2026,434 - 1,Normal,04/14/2026,716,Orden de Compra,04/29/2026,1 - 666,Registrado,04/29/2026,INVEN - 1216,Normal,05/06/2026
,,,,,,,,,,,,,,,,,
,,,,,,,,,,,,,,,INVEN - 1729,Normal,06/11/2026
,,,,,,,,,,,,,,,,,
,,,,,,,,,,,,,,,INVEN - 2010,Normal,07/15/2026
,,,,,,,,,,,,,,,,,
,,,,,,,,,,,,,,,,,
,,,,,,,,,,,,,,,,,
,,,,,,,,,,,,,,,,,
458,Sol. de Gastos,03/19/2026,1 - 1098,Confirmado,04/14/2026,426 - 1,Normal,04/14/2026,602,Orden de Compra,04/16/2026,1 - 582,Registrado,04/17/2026,INVEN - 1367,Normal,05/18/2026
,,,,,,,,,,,,,,,,,
,,,,,,,,,,,,,,,,,
,,,,,,,,,,,,,,,,,
,,,,,,,,,,,,,,,,,
459,Sol. de Gastos,03/19/2026,1 - 1195,Confirmado,04/22/2026,500 - 1,Normal,04/23/2026,751,Orden de Compra,05/06/2026,1 - 705,Registrado,05/06/2026,INVEN - 1816,Normal,06/24/2026
,,,,,,,,,,,,,,,,,
,,,,,,,,,,,,,,,INVEN - 1940,Normal,07/07/2026
,,,,,,,,,,,,,,,,,
,,,,,,,,,,,,,,,INVEN - 1941,Normal,07/07/2026
,,,,,,,,,,,,,,,,,
,,,,,,,,,,,,,,,,,
,,,,,,,,,,,,,,,,,
,,,,,,,,,752,Orden de Compra,05/06/2026,1 - 706,Registrado,05/06/2026,INVEN - 1511,Normal,05/26/2026
,,,,,,,,,,,,,,,,,
,,,,,,,,,,,,,,,,,
,,,,,,,,,,,,,,,,,
,,,,,,,,,,,,,,,,,
462,Sol. de Gastos,03/20/2026,1 - 903,Confirmado,03/30/2026,369 - 1,Normal,03/30/2026,572,Orden de Compra,04/13/2026,1 - 538,Registrado,04/13/2026,INVEN - 1230,Normal,05/07/2026
,,,,,,,,,,,,,,,,,
,,,,,,,,,,,,,,,,,
,,,,,,,,,,,,,,,,,
,,,,,,,,,,,,,,,,,
463,Sol. de Gastos,03/20/2026,1 - 1092,Confirmado,04/14/2026,448 - 1,Normal,04/14/2026,656,Orden de Compra,04/23/2026,1 - 620,Registrado,04/23/2026,INVEN - 2013,Normal,07/15/2026
,,,,,,,,,,,,,,,,,
,,,,,,,,,,,,,,,,,
,,,,,,,,,,,,,,,,,
,,,,,,,,,,,,,,,,,
464,Sol. de Gastos,03/20/2026,1 - 866,Confirmado,03/26/2026,358 - 1,Normal,03/27/2026,567,Orden de Compra,04/13/2026,1 - 532,Registrado,04/13/2026,INVEN - 1215,Normal,05/06/2026
,,,,,,,,,,,,,,,,,
,,,,,,,,,,,,,,,INVEN - 1727,Normal,06/11/2026
,,,,,,,,,,,,,,,,,
,,,,,,,,,,,,,,,INVEN - 2033,Normal,07/16/2026
,,,,,,,,,,,,,,,,,
,,,,,,,,,,,,,,,,,
,,,,,,,,,,,,,,,,,
,,,,,,,,,,,,,,,,,
465,Ped. Suministros,03/20/2026,,,,,,,,,,,,,,,
,,,,,,,,,,,,,,,,,
,,,,,,,,,,,,,,,,,
466,Sol. de Gastos,03/20/2026,1 - 893,Confirmado,03/30/2026,376 - 1,Normal,03/31/2026,541,Orden de Compra,04/08/2026,1 - 506,Registrado,04/08/2026,INVEN - 1154,Normal,04/30/2026
,,,,,,,,,,,,,,,,,
,,,,,,,,,,,,,,,,,
,,,,,,,,,,,,,,,,,
,,,,,,,,,,,,,,,,,
467,Sol. de Gastos,03/20/2026,1 - 1109,Confirmado,04/14/2026,449 - 1,Normal,04/14/2026,,,,,,,,,
,,,,,,,,,,,,,,,,,
,,,,,,449 - 2,Normal,04/22/2026,759,Anulado,05/06/2026,,,,,,
,,,,,,,,,,,,,,,,,
,,,,,,,,,760,Orden de Compra,05/06/2026,1 - 715,Registrado,05/06/2026,INVEN - 1580,Normal,06/01/2026
,,,,,,,,,,,,,,,,,
,,,,,,,,,,,,,,,,,
,,,,,,,,,,,,,,,,,
,,,,,,,,,761,Orden de Compra,05/06/2026,1 - 727,Registrado,05/08/2026,INVEN - 1531,Normal,05/28/2026
,,,,,,,,,,,,,,,,,
,,,,,,,,,,,,1 - 716,Anulado,05/06/2026,,,
,,,,,,,,,,,,,,,,,
,,,,,,,,,,,,,,,,,
,,,,,,,,,,,,,,,,,
,,,,,,,,,,,,,,,,,
468,Ped. Suministros,03/20/2026,,,,,,,,,,,,,,,
,,,,,,,,,,,,,,,,,
,,,,,,,,,,,,,,,,,
469,Sol. de Gastos,03/20/2026,1 - 988,Confirmado,04/01/2026,387 - 1,Normal,04/06/2026,551,Anulado,04/10/2026,1 - 515,Anulado,04/10/2026,,,
,,,,,,,,,,,,,,,,,
,,,,,,,,,,,,,,,,,
,,,,,,,,,,,,,,,,,
,,,,,,,,,611,Orden de Compra,04/17/2026,1 - 577,Registrado,04/17/2026,INVEN - 1608,Normal,06/03/2026
,,,,,,,,,,,,,,,,,
,,,,,,,,,,,,,,,,,
,,,,,,,,,,,,,,,,,
,,,,,,,,,,,,,,,,,
470,Sol. de Gastos,03/20/2026,1 - 989,Confirmado,04/01/2026,389 - 1,Normal,04/06/2026,538,Orden de Compra,04/08/2026,1 - 493,Registrado,04/08/2026,INVEN - 1122,Normal,04/28/2026
,,,,,,,,,,,,,,,,,
,,,,,,,,,,,,,,,,,
,,,,,,,,,,,,,,,,,
,,,,,,,,,,,,,,,,,
471,Sol. de Gastos,03/25/2026,1 - 895,Confirmado,03/30/2026,395 - 1,Normal,04/07/2026,713,Orden de Compra,04/29/2026,1 - 663,Registrado,04/29/2026,INVEN - 1626,Normal,06/04/2026
,,,,,,,,,,,,,,,,,
,,,,,,,,,,,,,,,,,
,,,,,,,,,,,,,,,,,
,,,,,,,,,,,,,,,,,
472,Sol. de Gastos,03/25/2026,1 - 880,Confirmado,03/30/2026,364 - 1,Normal,03/30/2026,583,Orden de Compra,04/14/2026,1 - 552,Registrado,04/14/2026,,,
,,,,,,,,,,,,,,,,,
,,,,,,,,,,,,,,,,,
,,,,,,,,,,,,,,,,,
,,,,,,,,,,,,,,,,,
473,Sol. de Gastos,03/25/2026,1 - 981,Confirmado,04/01/2026,381 - 1,Normal,04/01/2026,598,Anulado,04/15/2026,,,,,,
,,,,,,,,,,,,,,,,,
,,,,,,,,,599,Orden de Compra,04/15/2026,1 - 566,Registrado,04/15/2026,INVEN - 1371,Normal,05/19/2026
,,,,,,,,,,,,,,,,,
,,,,,,,,,,,,,,,INVEN - 1515,Normal,05/27/2026
,,,,,,,,,,,,,,,,,
,,,,,,,,,,,,,,,INVEN - 1647,Normal,06/05/2026
,,,,,,,,,,,,,,,,,
,,,,,,,,,,,,,,,,,
,,,,,,,,,,,,,,,,,
,,,,,,,,,600,Orden de Compra,04/15/2026,1 - 567,Registrado,04/15/2026,INVEN - 1419,Normal,05/20/2026
,,,,,,,,,,,,,,,,,
,,,,,,,,,,,,,,,INVEN - 1521,Normal,05/28/2026
,,,,,,,,,,,,,,,,,
,,,,,,,,,,,,,,,INVEN - 1666,Normal,06/08/2026
,,,,,,,,,,,,,,,,,
,,,,,,,,,,,,,,,INVEN - 1830,Normal,06/26/2026
,,,,,,,,,,,,,,,,,
,,,,,,,,,,,,,,,INVEN - 2115,Normal,07/24/2026
,,,,,,,,,,,,,,,,,
,,,,,,,,,,,,,,,,,
,,,,,,,,,,,,,,,,,
,,,,,,,,,,,,,,,,,
474,Sol. de Gastos,03/25/2026,1 - 982,Confirmado,04/01/2026,384 - 1,Normal,04/01/2026,552,Anulado,04/10/2026,1 - 516,Anulado,04/10/2026,,,
,,,,,,,,,,,,,,,,,
,,,,,,,,,,,,,,,,,
,,,,,,,,,,,,,,,,,
,,,,,,,,,554,Orden de Compra,04/10/2026,1 - 518,Registrado,04/10/2026,INVEN - 1478,Normal,05/22/2026
,,,,,,,,,,,,,,,,,
,,,,,,,,,,,,,,,,,
,,,,,,,,,,,,,,,,,
,,,,,,,,,,,,,,,,,
476,Sol. de Gastos,03/26/2026,1 - 1470,Confirmado,05/14/2026,602 - 1,Normal,05/14/2026,1135,Orden de Compra,07/06/2026,1 - 1091,Registrado,07/06/2026,,,
,,,,,,,,,,,,,,,,,
,,,,,,,,,,,,,,,,,
,,,,,,,,,,,,,,,,,
,,,,,,,,,1136,Orden de Compra,07/06/2026,1 - 1092,Registrado,07/06/2026,INVEN - 2118,Normal,07/24/2026
,,,,,,,,,,,,,,,,,
,,,,,,,,,,,,,,,,,
,,,,,,,,,,,,,,,,,
,,,,,,,,,,,,,,,,,
477,Sol. de Gastos,03/26/2026,1 - 995,Confirmado,04/01/2026,382 - 1,Normal,04/01/2026,512,Orden de Compra,04/01/2026,1 - 467,Registrado,04/01/2026,INVEN - 1908,Normal,07/03/2026
,,,,,,,,,,,,,,,,,
,,,,,,,,,,,,,,,,,
,,,,,,,,,,,,,,,,,
,,,1 - 891,Anulado,03/30/2026,368 - 1,Anulado,03/30/2026,506,Anulado,04/01/2026,1 - 460,Anulado,04/01/2026,,,
,,,,,,,,,,,,,,,,,
,,,,,,,,,,,,,,,,,
,,,,,,,,,,,,,,,,,
,,,,,,,,,,,,,,,,,
478,Sol. de Gastos,03/26/2026,1 - 1004,Confirmado,04/06/2026,391 - 1,Normal,04/07/2026,539,Orden de Compra,04/08/2026,1 - 494,Registrado,04/08/2026,INVEN - 1014,Normal,04/20/2026
,,,,,,,,,,,,,,,,,
,,,,,,,,,,,,,,,,,
,,,,,,,,,,,,,,,,,
,,,,,,,,,,,,,,,,,
479,Sol. de Gastos,03/26/2026,1 - 1087,Confirmado,04/14/2026,444 - 1,Normal,04/14/2026,730,Orden de Compra,05/04/2026,1 - 688,Registrado,05/04/2026,INVEN - 1848,Normal,06/29/2026
,,,,,,,,,,,,,,,,,
,,,,,,,,,,,,,,,,,
,,,,,,,,,,,,,,,,,
,,,,,,,,,731,Orden de Compra,05/04/2026,1 - 689,Registrado,05/04/2026,,,
,,,,,,,,,,,,,,,,,
,,,,,,,,,,,,,,,,,
,,,,,,,,,,,,,,,,,
,,,,,,,,,,,,,,,,,
480,Sol. de Gastos,03/26/2026,1 - 867,Confirmado,03/26/2026,357 - 1,Normal,03/27/2026,493,Anulado,03/31/2026,1 - 450,Anulado,03/31/2026,,,
,,,,,,,,,,,,,,,,,
,,,,,,,,,,,,,,,,,
,,,,,,,,,,,,,,,,,
,,,,,,,,,494,Anulado,03/31/2026,,,,,,
,,,,,,,,,,,,,,,,,
,,,,,,,,,495,Orden de Compra,03/31/2026,1 - 451,Registrado,03/31/2026,,,
,,,,,,,,,,,,,,,,,
,,,,,,,,,,,,,,,,,
,,,,,,,,,,,,,,,,,
,,,,,,,,,,,,,,,,,
481,Sol. de Gastos,03/26/2026,1 - 1097,Confirmado,04/14/2026,440 - 1,Normal,04/14/2026,890,Orden de Compra,05/26/2026,1 - 836,Registrado,05/26/2026,INVEN - 1776,Normal,06/18/2026
,,,,,,,,,,,,,,,,,
,,,,,,,,,,,,,,,,,
,,,,,,,,,,,,,,,,,
,,,,,,,,,,,,,,,,,
482,Ped. Suministros,03/26/2026,,,,,,,,,,,,,,,
,,,,,,,,,,,,,,,,,
,,,,,,,,,,,,,,,,,
483,Sol. de Gastos,03/26/2026,1 - 1028,Confirmado,04/08/2026,409 - 1,Normal,04/09/2026,668,Orden de Compra,04/24/2026,1 - 625,Registrado,04/24/2026,INVEN - 2164,Normal,07/30/2026
,,,,,,,,,,,,,,,,,
,,,,,,,,,,,,,,,,,
,,,,,,,,,,,,,,,,,
,,,,,,,,,669,Orden de Compra,04/24/2026,1 - 626,Registrado,04/24/2026,INVEN - 1684,Normal,06/10/2026
,,,,,,,,,,,,,,,,,
,,,,,,,,,,,,,,,,,
,,,,,,,,,,,,,,,,,
,,,,,,,,,,,,,,,,,
484,Ped. Suministros,03/26/2026,,,,,,,,,,,,,,,
,,,,,,,,,,,,,,,,,
,,,,,,,,,,,,,,,,,
485,Sol. de Gastos,03/26/2026,1 - 1029,Confirmado,04/08/2026,408 - 1,Normal,04/08/2026,,,,,,,,,
,,,,,,,,,,,,,,,,,
,,,,,,408 - 2,Normal,04/13/2026,623,Orden de Compra,04/20/2026,1 - 638,Registrado,04/27/2026,INVEN - 2238,Normal,08/07/2026
,,,,,,,,,,,,,,,,,
,,,,,,,,,,,,,,,,,
,,,,,,,,,,,,,,,,,
,,,,,,,,,,,,,,,,,
486,Sol. de Gastos,03/26/2026,1 - 1096,Confirmado,04/14/2026,437 - 1,Normal,04/14/2026,724,Orden de Compra,04/30/2026,1 - 682,Registrado,04/30/2026,INVEN - 1348,Normal,05/15/2026
,,,,,,,,,,,,,,,,,
,,,,,,,,,,,,,,,,,
,,,,,,,,,,,,,,,,,
,,,,,,,,,725,Orden de Compra,04/30/2026,1 - 683,Registrado,04/30/2026,INVEN - 1530,Normal,05/28/2026
,,,,,,,,,,,,,,,,,
,,,,,,,,,,,,,,,,,
,,,,,,,,,,,,,,,,,
,,,,,,,,,,,,,,,,,
487,Sol. de Gastos,03/26/2026,1 - 1169,Confirmado,04/17/2026,481 - 1,Normal,04/20/2026,680,Orden de Compra,04/27/2026,1 - 637,Registrado,04/27/2026,INVEN - 1238,Normal,05/07/2026
,,,,,,,,,,,,,,,,,
,,,,,,,,,,,,,,,,,
,,,,,,,,,,,,,,,,,
,,,,,,,,,,,,,,,,,
488,Sol. de Gastos,03/26/2026,1 - 1030,Confirmado,04/08/2026,399 - 1,Normal,04/08/2026,703,Orden de Compra,04/28/2026,1 - 653,Registrado,04/28/2026,,,
,,,,,,,,,,,,,,,,,
,,,,,,,,,,,,,,,,,
,,,,,,,,,,,,,,,,,
,,,,,,,,,,,,,,,,,
489,Sol. de Gastos,03/26/2026,1 - 881,Confirmado,03/30/2026,363 - 1,Normal,03/30/2026,521,Orden de Compra,04/06/2026,1 - 476,Registrado,04/06/2026,INVEN - 1210,Normal,05/06/2026
,,,,,,,,,,,,,,,,,
,,,,,,,,,,,,,,,INVEN - 1704,Normal,06/10/2026
,,,,,,,,,,,,,,,,,
,,,,,,,,,,,,,,,INVEN - 975,Anulada,04/15/2026
,,,,,,,,,,,,,,,,,
,,,,,,,,,,,,,,,INVEN - 982,Normal,04/16/2026
,,,,,,,,,,,,,,,,,
,,,,,,,,,,,,,,,,,
,,,,,,,,,,,,,,,,,
,,,,,,,,,,,,,,,,,
490,Sol. de Gastos,03/26/2026,1 - 1001,Confirmado,04/06/2026,393 - 1,Normal,04/07/2026,534,Orden de Compra,04/08/2026,1 - 490,Registrado,04/08/2026,INVEN - 1690,Normal,06/10/2026
,,,,,,,,,,,,,,,,,
,,,,,,,,,,,,,,,,,
,,,,,,,,,,,,,,,,,
,,,,,,,,,,,,,,,,,
491,Sol. de Gastos,03/26/2026,1 - 1099,Confirmado,04/14/2026,418 - 1,Normal,04/14/2026,621,Orden de Compra,04/20/2026,1 - 587,Registrado,04/20/2026,INVEN - 1150,Normal,04/30/2026
,,,,,,,,,,,,,,,,,
,,,,,,,,,,,,,,,INVEN - 1151,Normal,04/30/2026
,,,,,,,,,,,,,,,,,
,,,,,,,,,,,,,,,,,
,,,,,,,,,,,,,,,,,
,,,,,,,,,,,,,,,,,
492,Sol. de Gastos,03/27/2026,1 - 983,Confirmado,04/01/2026,385 - 1,Normal,04/01/2026,672,Orden de Compra,04/27/2026,1 - 629,Registrado,04/27/2026,,,
,,,,,,,,,,,,,,,,,
,,,,,,,,,,,,,,,,,
,,,,,,,,,,,,,,,,,
,,,,,,,,,,,,,,,,,
493,Sol. de Gastos,03/27/2026,1 - 1145,Confirmado,04/16/2026,466 - 1,Normal,04/16/2026,612,Orden de Compra,04/17/2026,1 - 671,Registrado,04/29/2026,INVEN - 1853,Normal,06/29/2026
,,,,,,,,,,,,,,,,,
,,,,,,,,,,,,,,,INVEN - 1937,Normal,07/06/2026
,,,,,,,,,,,,,,,,,
,,,,,,,,,,,,,,,,,
,,,,,,,,,,,,,,,,,
,,,,,,,,,,,,,,,,,
494,Ped. Suministros,03/27/2026,,,,,,,,,,,,,,,
,,,,,,,,,,,,,,,,,
,,,,,,,,,,,,,,,,,
495,Ped. Suministros,03/27/2026,1 - 973,Anulado,03/31/2026,411 - 1,Anulado,04/10/2026,,,,,,,,,
,,,,,,,,,,,,,,,,,
,,,,,,,,,,,,,,,,,
496,Sol. de Gastos,03/27/2026,1 - 1110,Confirmado,04/14/2026,450 - 1,Normal,04/14/2026,,,,,,,,,
,,,,,,,,,,,,,,,,,
,,,,,,450 - 2,Normal,05/14/2026,935,Orden de Compra,06/01/2026,1 - 883,Registrado,06/01/2026,INVEN - 1779,Anulada,06/18/2026
,,,,,,,,,,,,,,,,,
,,,,,,,,,,,,,,,INVEN - 1846,Normal,06/29/2026
,,,,,,,,,,,,,,,,,
,,,,,,,,,,,,,,,,,
,,,,,,,,,,,,,,,,,
,,,,,,,,,937,Orden de Compra,06/01/2026,1 - 884,Registrado,06/01/2026,INVEN - 1798,Normal,06/23/2026
,,,,,,,,,,,,,,,,,
,,,,,,,,,,,,,,,,,
,,,,,,,,,,,,,,,,,
,,,,,,,,,,,,,,,,,
497,Sol. de Gastos,03/27/2026,1 - 1020,Confirmado,04/07/2026,405 - 1,Normal,04/08/2026,627,Anulado,04/21/2026,1 - 592,Anulado,04/21/2026,,,
,,,,,,,,,,,,,,,,,
,,,,,,,,,,,,,,,,,
,,,,,,,,,,,,,,,,,
,,,,,,,,,636,Orden de Compra,04/21/2026,1 - 601,Registrado,04/21/2026,INVEN - 1405,Normal,05/19/2026
,,,,,,,,,,,,,,,,,
,,,,,,,,,,,,,,,,,
,,,,,,,,,,,,,,,,,
,,,,,,,,,,,,,,,,,
498,Sol. de Gastos,03/27/2026,1 - 1019,Confirmado,04/07/2026,397 - 1,Normal,04/08/2026,575,Orden de Compra,04/14/2026,1 - 541,Registrado,04/14/2026,INVEN - 1402,Normal,05/19/2026
,,,,,,,,,,,,,,,,,
,,,,,,,,,,,,,,,,,
,,,,,,,,,,,,,,,,,
,,,,,,,,,,,,,,,,,
499,Sol. de Gastos,03/27/2026,1 - 1062,Confirmado,04/13/2026,413 - 1,Normal,04/13/2026,729,Orden de Compra,05/04/2026,1 - 687,Registrado,05/04/2026,INVEN - 1401,Normal,05/19/2026
,,,,,,,,,,,,,,,,,
,,,,,,,,,,,,,,,,,
,,,,,,,,,,,,,,,,,
,,,1 - 1023,Anulado,04/07/2026,402 - 1,Anulado,04/08/2026,,,,,,,,,
,,,,,,,,,,,,,,,,,
,,,,,,,,,,,,,,,,,
503,Sol. de Gastos,03/27/2026,1 - 1018,Confirmado,04/07/2026,401 - 1,Normal,04/08/2026,587,Orden de Compra,04/14/2026,1 - 556,Registrado,04/14/2026,INVEN - 1330,Normal,05/14/2026
,,,,,,,,,,,,,,,,,
,,,,,,,,,,,,,,,,,
,,,,,,,,,,,,,,,,,
,,,,,,,,,,,,,,,,,
504,Ped. Suministros,03/27/2026,,,,,,,,,,,,,,,
,,,,,,,,,,,,,,,,,
,,,,,,,,,,,,,,,,,
505,Ped. Suministros,03/27/2026,,,,,,,,,,,,,,,
,,,,,,,,,,,,,,,,,
,,,,,,,,,,,,,,,,,
506,Sol. de Gastos,03/27/2026,1 - 882,Confirmado,03/30/2026,365 - 1,Normal,03/30/2026,505,Orden de Compra,04/01/2026,1 - 458,Registrado,04/01/2026,INVEN - 1409,Normal,05/19/2026
,,,,,,,,,,,,,,,,,
,,,,,,,,,,,,,,,,,
,,,,,,,,,,,,,,,,,
,,,,,,,,,,,,,,,,,
507,Sol. de Gastos,03/27/2026,1 - 883,Confirmado,03/30/2026,366 - 1,Normal,03/30/2026,492,Orden de Compra,03/31/2026,1 - 449,Registrado,03/31/2026,INVEN - 1462,Normal,05/21/2026
,,,,,,,,,,,,,,,,,
,,,,,,,,,,,,,,,,,
,,,,,,,,,,,,,,,,,
,,,,,,,,,,,,,,,,,
508,Sol. de Gastos,03/30/2026,1 - 1017,Confirmado,04/07/2026,396 - 1,Normal,04/08/2026,576,Orden de Compra,04/14/2026,1 - 542,Registrado,04/14/2026,INVEN - 1403,Normal,05/19/2026
,,,,,,,,,,,,,,,,,
,,,,,,,,,,,,,,,,,
,,,,,,,,,,,,,,,,,
,,,,,,,,,,,,,,,,,
509,Ped. Suministros,03/30/2026,,,,,,,,,,,,,,,
,,,,,,,,,,,,,,,,,
,,,,,,,,,,,,,,,,,
510,Sol. de Gastos,03/30/2026,1 - 905,Confirmado,03/30/2026,373 - 1,Normal,03/30/2026,726,Orden de Compra,04/30/2026,1 - 684,Registrado,04/30/2026,,,
,,,,,,,,,,,,,,,,,
,,,,,,,,,,,,,,,,,
,,,,,,,,,,,,,,,,,
,,,,,,,,,,,,,,,,,
512,Sol. de Gastos,03/30/2026,1 - 1179,Confirmado,04/20/2026,490 - 1,Normal,04/21/2026,707,Orden de Compra,04/29/2026,1 - 657,Registrado,04/29/2026,INVEN - 1363,Normal,05/18/2026
,,,,,,,,,,,,,,,,,
,,,,,,,,,,,,,,,,,
,,,,,,,,,,,,,,,,,
,,,,,,,,,,,,,,,,,
513,Sol. de Gastos,03/30/2026,1 - 1115,Confirmado,04/14/2026,419 - 1,Normal,04/14/2026,714,Orden de Compra,04/29/2026,1 - 664,Registrado,04/29/2026,INVEN - 1377,Normal,05/19/2026
,,,,,,,,,,,,,,,,,
,,,,,,,,,,,,,,,INVEN - 1382,Normal,05/19/2026
,,,,,,,,,,,,,,,,,
,,,,,,,,,,,,,,,,,
,,,,,,,,,,,,,,,,,
,,,,,,,,,,,,,,,,,
514,Sol. de Gastos,03/30/2026,1 - 1045,Confirmado,04/09/2026,410 - 1,Normal,04/09/2026,550,Orden de Compra,04/10/2026,1 - 514,Registrado,04/10/2026,INVEN - 1178,Normal,05/04/2026
,,,,,,,,,,,,,,,,,
,,,,,,,,,,,,,,,,,
,,,,,,,,,,,,,,,,,
,,,,,,,,,,,,,,,,,
515,Sol. de Gastos,03/30/2026,1 - 1151,Confirmado,04/16/2026,468 - 1,Normal,04/16/2026,614,Orden de Compra,04/17/2026,1 - 672,Registrado,04/29/2026,,,
,,,,,,,,,,,,,,,,,
,,,,,,,,,,,,1 - 579,Anulado,04/17/2026,,,
,,,,,,,,,,,,,,,,,
,,,,,,,,,,,,,,,,,
,,,,,,,,,,,,,,,,,
,,,,,,,,,,,,,,,,,
517,Sol. de Gastos,03/30/2026,1 - 1728,Confirmado,06/02/2026,728 - 1,Normal,06/03/2026,,,,,,,,,
,,,,,,,,,,,,,,,,,
,,,,,,728 - 2,Normal,06/12/2026,,,,,,,,,
,,,,,,,,,,,,,,,,,
,,,,,,728 - 3,Normal,06/18/2026,1063,Orden de Compra,06/23/2026,1 - 1019,Registrado,06/23/2026,,,
,,,,,,,,,,,,,,,,,
,,,,,,,,,,,,,,,,,
,,,,,,,,,,,,,,,,,
,,,,,,,,,,,,,,,,,
518,Sol. de Gastos,03/31/2026,1 - 1082,Confirmado,04/14/2026,460 - 1,Normal,04/15/2026,768,Anulado,05/07/2026,,,,,,
,,,,,,,,,,,,,,,,,
,,,,,,,,,769,Anulado,05/07/2026,,,,,,
,,,,,,,,,,,,,,,,,
,,,,,,,,,770,Anulado,05/07/2026,,,,,,
,,,,,,,,,,,,,,,,,
,,,,,,,,,773,Anulado,05/07/2026,,,,,,
,,,,,,,,,,,,,,,,,
,,,,,,,,,774,Anulado,05/07/2026,,,,,,
,,,,,,,,,,,,,,,,,
,,,,,,,,,775,Anulado,05/07/2026,,,,,,
,,,,,,,,,,,,,,,,,
,,,,,,,,,776,Anulado,05/07/2026,,,,,,
,,,,,,,,,,,,,,,,,
,,,,,,,,,795,Orden de Compra,05/13/2026,1 - 818,Registrado,05/21/2026,INVEN - 1954,Normal,07/08/2026
,,,,,,,,,,,,,,,,,
,,,,,,,,,,,,,,,INVEN - 2067,Normal,07/21/2026
,,,,,,,,,,,,,,,,,
,,,,,,,,,,,,,,,,,
,,,,,,,,,,,,,,,,,
,,,,,,,,,796,Orden de Compra,05/13/2026,1 - 819,Registrado,05/21/2026,INVEN - 1762,Normal,06/16/2026
,,,,,,,,,,,,,,,,,
,,,,,,,,,,,,,,,,,
,,,,,,,,,,,,,,,,,
,,,,,,,,,797,Orden de Compra,05/13/2026,1 - 820,Registrado,05/21/2026,,,
,,,,,,,,,,,,,,,,,
,,,,,,,,,,,,,,,,,
,,,,,,,,,,,,,,,,,
,,,,,,,,,,,,,,,,,
519,Ped. Suministros,03/31/2026,,,,,,,,,,,,,,,
,,,,,,,,,,,,,,,,,
,,,,,,,,,,,,,,,,,
520,Sol. de Gastos,03/31/2026,1 - 1016,Confirmado,04/07/2026,398 - 1,Normal,04/08/2026,617,Orden de Compra,04/17/2026,1 - 583,Registrado,04/17/2026,INVEN - 1365,Normal,05/18/2026
,,,,,,,,,,,,,,,,,
,,,,,,,,,,,,,,,,,
,,,,,,,,,,,,,,,,,
,,,,,,,,,,,,,,,,,
521,Sol. de Gastos,03/31/2026,1 - 1021,Confirmado,04/07/2026,404 - 1,Normal,04/08/2026,631,Orden de Compra,04/21/2026,1 - 598,Registrado,04/21/2026,INVEN - 1404,Normal,05/19/2026
,,,,,,,,,,,,,,,,,
,,,,,,,,,,,,,,,,,
,,,,,,,,,,,,,,,,,
,,,,,,,,,,,,,,,,,
522,Ped. Suministros,03/31/2026,,,,,,,,,,,,,,,
,,,,,,,,,,,,,,,,,
,,,,,,,,,,,,,,,,,
523,Sol. de Gastos,03/31/2026,1 - 1458,Confirmado,05/13/2026,607 - 1,Normal,05/14/2026,919,Orden de Compra,05/28/2026,1 - 864,Registrado,05/28/2026,INVEN - 1707,Normal,06/10/2026
,,,,,,,,,,,,,,,,,
,,,,,,,,,,,,,,,,,
,,,,,,,,,,,,,,,,,
,,,,,,,,,,,,,,,,,
524,Sol. de Gastos,03/31/2026,1 - 1081,Confirmado,04/14/2026,456 - 1,Normal,04/15/2026,659,Orden de Compra,04/23/2026,1 - 681,Registrado,04/30/2026,,,
,,,,,,,,,,,,,,,,,
,,,,,,,,,,,,1 - 623,Anulado,04/23/2026,,,
,,,,,,,,,,,,,,,,,
,,,,,,,,,,,,,,,,,
,,,,,,,,,,,,,,,,,
,,,,,,,,,,,,,,,,,
525,Sol. de Gastos,03/31/2026,1 - 1243,Confirmado,04/28/2026,520 - 1,Normal,04/29/2026,855,Orden de Compra,05/20/2026,1 - 804,Registrado,05/20/2026,INVEN - 1705,Normal,06/10/2026
,,,,,,,,,,,,,,,,,
,,,,,,,,,,,,,,,,,
,,,,,,,,,,,,,,,,,
,,,,,,,,,,,,,,,,,
527,Ped. Suministros,03/31/2026,,,,,,,,,,,,,,,
,,,,,,,,,,,,,,,,,
,,,,,,,,,,,,,,,,,
528,Ped. Suministros,03/31/2026,1 - 1086,Anulado,04/14/2026,443 - 1,Anulado,04/14/2026,,,,,,,,,
,,,,,,,,,,,,,,,,,
,,,,,,,,,,,,,,,,,
529,Sol. de Gastos,04/01/2026,1 - 1106,Confirmado,04/14/2026,422 - 1,Normal,04/14/2026,603,Orden de Compra,04/16/2026,1 - 569,Registrado,04/16/2026,INVEN - 1482,Anulada,05/26/2026
,,,,,,,,,,,,,,,,,
,,,,,,,,,,,,,,,INVEN - 1901,Normal,07/02/2026
,,,,,,,,,,,,,,,,,
,,,,,,,,,,,,,,,,,
,,,,,,,,,,,,,,,,,
,,,,,,,,,,,,,,,,,
530,Sol. de Gastos,04/01/2026,1 - 1155,Confirmado,04/16/2026,469 - 1,Normal,04/16/2026,733,Orden de Compra,05/04/2026,1 - 692,Registrado,05/04/2026,INVEN - 1400,Normal,05/19/2026
,,,,,,,,,,,,,,,,,
,,,,,,,,,,,,,,,,,
,,,,,,,,,,,,,,,,,
,,,1 - 1022,Anulado,04/07/2026,400 - 1,Anulado,04/08/2026,,,,,,,,,
,,,,,,,,,,,,,,,,,
,,,,,,,,,,,,,,,,,
531,Ped. Suministros,04/01/2026,,,,,,,,,,,,,,,
,,,,,,,,,,,,,,,,,
,,,,,,,,,,,,,,,,,
533,Sol. de Gastos,04/01/2026,1 - 1140,Confirmado,04/15/2026,462 - 1,Normal,04/15/2026,618,Orden de Compra,04/17/2026,1 - 584,Registrado,04/17/2026,INVEN - 1801,Normal,06/23/2026
,,,,,,,,,,,,,,,,,
,,,,,,,,,,,,,,,INVEN - 1802,Normal,06/23/2026
,,,,,,,,,,,,,,,,,
,,,,,,,,,,,,,,,,,
,,,,,,,,,,,,,,,,,
,,,,,,,,,,,,,,,,,
534,Sol. de Gastos,04/01/2026,1 - 1031,Confirmado,04/08/2026,406 - 1,Normal,04/08/2026,619,Orden de Compra,04/17/2026,1 - 585,Registrado,04/17/2026,INVEN - 1152,Normal,04/30/2026
,,,,,,,,,,,,,,,,,
,,,,,,,,,,,,,,,,,
,,,,,,,,,,,,,,,,,
,,,,,,,,,620,Orden de Compra,04/17/2026,1 - 586,Registrado,04/17/2026,INVEN - 1229,Normal,05/07/2026
,,,,,,,,,,,,,,,,,
,,,,,,,,,,,,,,,,,
,,,,,,,,,,,,,,,,,
,,,,,,,,,,,,,,,,,
537,Sol. de Gastos,04/01/2026,1 - 1156,Confirmado,04/16/2026,471 - 1,Normal,04/17/2026,624,Orden de Compra,04/20/2026,1 - 589,Registrado,04/20/2026,INVEN - 1364,Normal,05/18/2026
,,,,,,,,,,,,,,,,,
,,,,,,,,,,,,,,,,,
,,,,,,,,,,,,,,,,,
,,,,,,,,,,,,,,,,,
538,Sol. de Gastos,04/01/2026,1 - 1104,Confirmado,04/14/2026,436 - 1,Normal,04/14/2026,641,Anulado,04/22/2026,1 - 606,Anulado,04/22/2026,,,
,,,,,,,,,,,,,,,,,
,,,,,,,,,,,,,,,,,
,,,,,,,,,,,,,,,,,
,,,,,,,,,645,Orden de Compra,04/22/2026,1 - 610,Registrado,04/22/2026,INVEN - 1240,Normal,05/07/2026
,,,,,,,,,,,,,,,,,
,,,,,,,,,,,,,,,,,
,,,,,,,,,,,,,,,,,
,,,,,,,,,,,,,,,,,
539,Sol. de Gastos,04/01/2026,1 - 1107,Confirmado,04/14/2026,430 - 1,Normal,04/14/2026,675,Orden de Compra,04/27/2026,1 - 632,Registrado,04/27/2026,INVEN - 1247,Normal,05/08/2026
,,,,,,,,,,,,,,,,,
,,,,,,,,,,,,,,,,,
,,,,,,,,,,,,,,,,,
,,,,,,,,,676,Orden de Compra,04/27/2026,1 - 634,Registrado,04/27/2026,INVEN - 1448,Normal,05/21/2026
,,,,,,,,,,,,,,,,,
,,,,,,,,,,,,,,,,,
,,,,,,,,,,,,,,,,,
,,,,,,,,,677,Orden de Compra,04/27/2026,1 - 635,Registrado,04/27/2026,INVEN - 1309,Normal,05/14/2026
,,,,,,,,,,,,,,,,,
,,,,,,,,,,,,,,,,,
,,,,,,,,,,,,,,,,,
,,,,,,,,,,,,,,,,,
540,Sol. de Gastos,04/06/2026,1 - 1083,Confirmado,04/14/2026,433 - 1,Normal,04/14/2026,1291,Orden de Compra,07/27/2026,1 - 1242,Registrado,07/27/2026,,,
,,,,,,,,,,,,,,,,,
,,,,,,,,,,,,,,,,,
,,,,,,,,,,,,,,,,,
,,,,,,,,,,,,,,,,,
541,Sol. de Gastos,04/06/2026,1 - 1656,Confirmado,05/28/2026,687 - 1,Normal,05/28/2026,1233,Anulado,07/20/2026,1 - 1184,Anulado,07/20/2026,,,
,,,,,,,,,,,,,,,,,
,,,,,,,,,,,,,,,,,
,,,,,,,,,,,,,,,,,
,,,,,,,,,1242,Orden de Compra,07/21/2026,1 - 1192,Registrado,07/21/2026,INVEN - 2358,Normal,08/19/2026
,,,,,,,,,,,,,,,,,
,,,,,,,,,,,,,,,,,
,,,,,,,,,,,,,,,,,
,,,,,,,,,,,,,,,,,
542,Ped. Suministros,04/06/2026,,,,,,,,,,,,,,,
,,,,,,,,,,,,,,,,,
,,,,,,,,,,,,,,,,,
543,Sol. de Gastos,04/06/2026,1 - 1105,Confirmado,04/14/2026,420 - 1,Normal,04/14/2026,718,Orden de Compra,04/29/2026,1 - 668,Registrado,04/29/2026,INVEN - 1220,Normal,05/06/2026
,,,,,,,,,,,,,,,,,
,,,,,,,,,,,,,,,INVEN - 1730,Normal,06/11/2026
,,,,,,,,,,,,,,,,,
,,,,,,,,,,,,,,,INVEN - 2032,Normal,07/16/2026
,,,,,,,,,,,,,,,,,
,,,,,,,,,,,,,,,,,
,,,,,,,,,,,,,,,,,
,,,,,,,,,,,,,,,,,
544,Sol. de Gastos,04/06/2026,1 - 1127,Confirmado,04/14/2026,442 - 1,Normal,04/14/2026,591,Orden de Compra,04/14/2026,1 - 735,Registrado,05/12/2026,,,
,,,,,,,,,,,,,,,,,
,,,,,,,,,,,,,,,,,
,,,,,,,,,,,,,,,,,
,,,,,,,,,,,,,,,,,
545,Sol. de Gastos,04/06/2026,1 - 1076,Confirmado,04/14/2026,458 - 1,Normal,04/15/2026,649,Orden de Compra,04/23/2026,1 - 676,Registrado,04/30/2026,INVEN - 1311,Normal,05/14/2026
,,,,,,,,,,,,,,,,,
,,,,,,,,,,,,,,,INVEN - 1312,Normal,05/14/2026
,,,,,,,,,,,,,,,,,
,,,,,,,,,,,,,,,INVEN - 1408,Normal,05/19/2026
,,,,,,,,,,,,,,,,,
,,,,,,,,,,,,,,,INVEN - 1534,Normal,05/28/2026
,,,,,,,,,,,,,,,,,
,,,,,,,,,,,,,,,INVEN - 1535,Normal,05/28/2026
,,,,,,,,,,,,,,,,,
,,,,,,,,,,,,1 - 614,Anulado,04/23/2026,,,
,,,,,,,,,,,,,,,,,
,,,,,,,,,,,,,,,,,
,,,,,,,,,,,,,,,,,
,,,,,,,,,651,Orden de Compra,04/23/2026,1 - 677,Registrado,04/30/2026,INVEN - 1806,Normal,06/23/2026
,,,,,,,,,,,,,,,,,
,,,,,,,,,,,,1 - 615,Anulado,04/23/2026,,,
,,,,,,,,,,,,,,,,,
,,,,,,,,,,,,,,,,,
,,,,,,,,,,,,,,,,,
,,,,,,,,,652,Orden de Compra,04/23/2026,1 - 678,Registrado,04/30/2026,INVEN - 2167,Normal,07/31/2026
,,,,,,,,,,,,,,,,,
,,,,,,,,,,,,,,,INVEN - 2168,Normal,07/31/2026
,,,,,,,,,,,,,,,,,
,,,,,,,,,,,,1 - 616,Anulado,04/23/2026,,,
,,,,,,,,,,,,,,,,,
,,,,,,,,,,,,,,,,,
,,,,,,,,,,,,,,,,,
,,,,,,,,,653,Orden de Compra,04/23/2026,1 - 679,Registrado,04/30/2026,INVEN - 1572,Normal,05/29/2026
,,,,,,,,,,,,,,,,,
,,,,,,,,,,,,,,,INVEN - 1587,Normal,06/02/2026
,,,,,,,,,,,,,,,,,
,,,,,,,,,,,,,,,INVEN - 1589,Normal,06/02/2026
,,,,,,,,,,,,,,,,,
,,,,,,,,,,,,,,,INVEN - 1731,Normal,06/11/2026
,,,,,,,,,,,,,,,,,
,,,,,,,,,,,,1 - 617,Anulado,04/23/2026,,,
,,,,,,,,,,,,,,,,,
,,,,,,,,,,,,,,,,,
,,,,,,,,,,,,,,,,,
,,,,,,,,,654,Orden de Compra,04/23/2026,1 - 680,Registrado,04/30/2026,,,
,,,,,,,,,,,,,,,,,
,,,,,,,,,,,,1 - 618,Anulado,04/23/2026,,,
,,,,,,,,,,,,,,,,,
,,,,,,,,,,,,,,,,,
,,,,,,,,,,,,,,,,,
,,,,,,,,,,,,,,,,,
546,Sol. de Gastos,04/06/2026,1 - 1113,Confirmado,04/14/2026,451 - 1,Normal,04/15/2026,674,Orden de Compra,04/27/2026,1 - 631,Registrado,04/27/2026,INVEN - 1179,Normal,05/04/2026
,,,,,,,,,,,,,,,,,
,,,,,,,,,,,,,,,,,
,,,,,,,,,,,,,,,,,
,,,,,,,,,,,,,,,,,
547,Ped. Suministros,04/06/2026,,,,,,,,,,,,,,,
,,,,,,,,,,,,,,,,,
,,,,,,,,,,,,,,,,,
548,Sol. de Gastos,04/06/2026,1 - 1112,Confirmado,04/14/2026,445 - 1,Normal,04/14/2026,671,Orden de Compra,04/27/2026,1 - 628,Registrado,04/27/2026,INVEN - 1910,Normal,07/03/2026
,,,,,,,,,,,,,,,,,
,,,,,,,,,,,,,,,,,
,,,,,,,,,,,,,,,,,
,,,,,,,,,,,,,,,,,
549,Sol. de Gastos,04/06/2026,1 - 1364,Confirmado,05/06/2026,549 - 1,Normal,05/07/2026,857,Orden de Compra,05/20/2026,1 - 806,Registrado,05/20/2026,INVEN - 1667,Normal,06/08/2026
,,,,,,,,,,,,,,,,,
,,,,,,,,,,,,,,,,,
,,,,,,,,,,,,,,,,,
,,,,,,,,,,,,,,,,,
550,Sol. de Gastos,04/06/2026,1 - 1079,Confirmado,04/14/2026,452 - 1,Normal,04/15/2026,683,Orden de Compra,04/27/2026,1 - 707,Registrado,05/06/2026,INVEN - 2377,Normal,08/20/2026
,,,,,,,,,,,,,,,,,
,,,,,,,,,,,,,,,INVEN - 2378,Normal,08/20/2026
,,,,,,,,,,,,,,,,,
,,,,,,,,,,,,,,,INVEN - 2379,Normal,08/20/2026
,,,,,,,,,,,,,,,,,
,,,,,,,,,,,,,,,INVEN - 2398,Normal,08/20/2026
,,,,,,,,,,,,,,,,,
,,,,,,,,,,,,,,,,,
,,,,,,,,,,,,,,,,,
,,,,,,,,,684,Orden de Compra,04/27/2026,1 - 709,Registrado,05/06/2026,,,
,,,,,,,,,,,,,,,,,
,,,,,,,,,,,,,,,,,
,,,,,,,,,,,,,,,,,
,,,,,,,,,685,Orden de Compra,04/27/2026,1 - 710,Registrado,05/06/2026,INVEN - 1818,Normal,06/24/2026
,,,,,,,,,,,,,,,,,
,,,,,,,,,,,,,,,INVEN - 2093,Normal,07/23/2026
,,,,,,,,,,,,,,,,,
,,,,,,,,,,,,,,,INVEN - 2447,Normal,08/27/2026
,,,,,,,,,,,,,,,,,
,,,,,,,,,,,,,,,,,
,,,,,,,,,,,,,,,,,
,,,,,,,,,,,,,,,,,
551,Sol. de Gastos,04/06/2026,1 - 1168,Confirmado,04/17/2026,479 - 1,Normal,04/20/2026,691,Orden de Compra,04/28/2026,1 - 646,Registrado,04/28/2026,INVEN - 1257,Normal,05/11/2026
,,,,,,,,,,,,,,,,,
,,,,,,,,,,,,,,,,,
,,,,,,,,,,,,,,,,,
,,,,,,,,,692,Orden de Compra,04/28/2026,1 - 647,Registrado,04/28/2026,INVEN - 1221,Normal,05/06/2026
,,,,,,,,,,,,,,,,,
,,,,,,,,,,,,,,,INVEN - 1545,Normal,05/29/2026
,,,,,,,,,,,,,,,,,
,,,,,,,,,,,,,,,,,
,,,,,,,,,,,,,,,,,
,,,,,,,,,693,Orden de Compra,04/28/2026,1 - 648,Registrado,04/28/2026,INVEN - 1352,Normal,05/15/2026
,,,,,,,,,,,,,,,,,
,,,,,,,,,,,,,,,,,
,,,,,,,,,,,,,,,,,
,,,,,,,,,,,,,,,,,
552,Sol. de Gastos,04/06/2026,1 - 1078,Confirmado,04/14/2026,455 - 1,Normal,04/15/2026,679,Orden de Compra,04/27/2026,1 - 636,Registrado,04/27/2026,INVEN - 1929,Normal,07/06/2026
,,,,,,,,,,,,,,,,,
,,,,,,,,,,,,,,,INVEN - 2440,Normal,08/26/2026
,,,,,,,,,,,,,,,,,
,,,,,,,,,,,,,,,INVEN - 2493,Normal,08/28/2026
,,,,,,,,,,,,,,,,,
,,,,,,,,,,,,,,,,,
,,,,,,,,,,,,,,,,,
,,,,,,,,,,,,,,,,,
553,Sol. de Gastos,04/07/2026,1 - 1166,Confirmado,04/17/2026,477 - 1,Normal,04/20/2026,635,Orden de Compra,04/21/2026,1 - 600,Registrado,04/21/2026,INVEN - 1542,Normal,05/28/2026
,,,,,,,,,,,,,,,,,
,,,,,,,,,,,,,,,,,
,,,,,,,,,,,,,,,,,
,,,,,,,,,,,,,,,,,
554,Sol. de Gastos,04/07/2026,1 - 1101,Confirmado,04/14/2026,425 - 1,Normal,04/14/2026,610,Orden de Compra,04/16/2026,1 - 576,Registrado,04/16/2026,INVEN - 1329,Normal,05/14/2026
,,,,,,,,,,,,,,,,,
,,,,,,,,,,,,,,,,,
,,,,,,,,,,,,,,,,,
,,,,,,,,,,,,,,,,,
555,Sol. de Gastos,04/07/2026,1 - 1887,Confirmado,06/17/2026,785 - 1,Normal,06/18/2026,1263,Orden de Compra,07/22/2026,1 - 1214,Registrado,07/22/2026,,,
,,,,,,,,,,,,,,,,,
,,,,,,,,,,,,,,,,,
,,,,,,,,,,,,,,,,,
,,,,,,,,,,,,,,,,,
556,Sol. de Gastos,04/07/2026,1 - 1820,Confirmado,06/11/2026,747 - 1,Normal,06/12/2026,1155,Orden de Compra,07/08/2026,1 - 1113,Registrado,07/08/2026,,,
,,,,,,,,,,,,,,,,,
,,,,,,,,,,,,,,,,,
,,,,,,,,,,,,,,,,,
,,,,,,,,,,,,,,,,,
557,Sol. de Gastos,04/07/2026,1 - 1102,Confirmado,04/14/2026,504 - 1,Normal,04/27/2026,1396,Orden de Compra,08/07/2026,1 - 1338,Registrado,08/07/2026,INVEN - 2460,Normal,08/27/2026
,,,,,,,,,,,,,,,,,
,,,,,,,,,,,,,,,,,
,,,,,,,,,,,,,,,,,
,,,,,,,,,,,,,,,,,
558,Sol. de Gastos,04/07/2026,1 - 1085,Confirmado,04/14/2026,464 - 1,Normal,04/15/2026,,,,,,,,,
,,,,,,,,,,,,,,,,,
,,,,,,464 - 2,Normal,04/21/2026,694,Orden de Compra,04/28/2026,1 - 801,Registrado,05/19/2026,,,
,,,,,,,,,,,,,,,,,
,,,,,,,,,,,,1 - 649,Anulado,04/28/2026,,,
,,,,,,,,,,,,,,,,,
,,,,,,,,,,,,,,,,,
,,,,,,,,,,,,,,,,,
,,,,,,,,,,,,,,,,,
559,Sol. de Gastos,04/07/2026,1 - 1457,Confirmado,05/13/2026,616 - 1,Normal,05/14/2026,821,Orden de Compra,05/15/2026,1 - 772,Registrado,05/15/2026,INVEN - 1829,Normal,06/25/2026
,,,,,,,,,,,,,,,,,
,,,,,,,,,,,,,,,,,
,,,,,,,,,,,,,,,,,
,,,,,,,,,,,,,,,,,
560,Sol. de Gastos,04/07/2026,1 - 1103,Confirmado,04/14/2026,439 - 1,Normal,04/14/2026,856,Orden de Compra,05/20/2026,1 - 805,Registrado,05/20/2026,INVEN - 1532,Normal,05/28/2026
,,,,,,,,,,,,,,,,,
,,,,,,,,,,,,,,,,,
,,,,,,,,,,,,,,,,,
,,,,,,,,,,,,,,,,,
561,Ped. Suministros,04/08/2026,,,,,,,,,,,,,,,
,,,,,,,,,,,,,,,,,
,,,,,,,,,,,,,,,,,
562,Ped. Suministros,04/08/2026,,,,,,,,,,,,,,,
,,,,,,,,,,,,,,,,,
,,,,,,,,,,,,,,,,,
563,Sol. de Gastos,04/08/2026,1 - 1108,Confirmado,04/14/2026,432 - 1,Normal,04/14/2026,601,Orden de Compra,04/16/2026,1 - 568,Registrado,04/16/2026,INVEN - 1089,Normal,04/23/2026
,,,,,,,,,,,,,,,,,
,,,,,,,,,,,,,,,,,
,,,,,,,,,,,,,,,,,
,,,,,,,,,,,,,,,,,
564,Sol. de Gastos,04/09/2026,1 - 1449,Confirmado,05/13/2026,613 - 1,Normal,05/14/2026,846,Orden de Compra,05/19/2026,1 - 794,Registrado,05/19/2026,INVEN - 1585,Normal,06/02/2026
,,,,,,,,,,,,,,,,,
,,,,,,,,,,,,,,,INVEN - 2031,Normal,07/16/2026
,,,,,,,,,,,,,,,,,
,,,,,,,,,,,,,,,MPREV - 5,Normal,08/05/2026
,,,,,,,,,,,,,,,,,
,,,,,,,,,,,,,,,,,
,,,,,,,,,,,,,,,,,
,,,,,,,,,,,,,,,,,
565,Sol. de Gastos,04/09/2026,1 - 1148,Confirmado,04/16/2026,472 - 1,Normal,04/17/2026,762,Orden de Compra,05/06/2026,1 - 717,Registrado,05/06/2026,INVEN - 1708,Normal,06/10/2026
,,,,,,,,,,,,,,,,,
,,,,,,,,,,,,,,,INVEN - 2008,Normal,07/15/2026
,,,,,,,,,,,,,,,,,
,,,,,,,,,,,,,,,,,
,,,,,,,,,,,,,,,,,
,,,,,,,,,,,,,,,,,
566,Sol. de Gastos,04/09/2026,1 - 1149,Confirmado,04/16/2026,473 - 1,Normal,04/17/2026,622,Orden de Compra,04/20/2026,1 - 588,Registrado,04/20/2026,INVEN - 1859,Normal,06/29/2026
,,,,,,,,,,,,,,,,,
,,,,,,,,,,,,,,,INVEN - 2082,Normal,07/22/2026
,,,,,,,,,,,,,,,,,
,,,,,,,,,,,,,,,INVEN - 2300,Normal,08/12/2026
,,,,,,,,,,,,,,,,,
,,,,,,,,,,,,,,,,,
,,,,,,,,,,,,,,,,,
,,,,,,,,,,,,,,,,,
567,Ped. Suministros,04/09/2026,,,,,,,,,,,,,,,
,,,,,,,,,,,,,,,,,
,,,,,,,,,,,,,,,,,
568,Ped. Suministros,04/09/2026,,,,,,,,,,,,,,,
,,,,,,,,,,,,,,,,,
,,,,,,,,,,,,,,,,,
569,Sol. de Gastos,04/09/2026,1 - 1150,Confirmado,04/16/2026,470 - 1,Normal,04/17/2026,816,Orden de Compra,05/15/2026,1 - 768,Registrado,05/15/2026,INVEN - 1679,Normal,06/09/2026
,,,,,,,,,,,,,,,,,
,,,,,,,,,,,,,,,,,
,,,,,,,,,,,,,,,,,
,,,,,,,,,817,Orden de Compra,05/15/2026,1 - 769,Registrado,05/15/2026,INVEN - 1942,Normal,07/07/2026
,,,,,,,,,,,,,,,,,
,,,,,,,,,,,,,,,INVEN - 1943,Normal,07/07/2026
,,,,,,,,,,,,,,,,,
,,,,,,,,,,,,,,,INVEN - 1944,Normal,07/07/2026
,,,,,,,,,,,,,,,,,
,,,,,,,,,,,,,,,INVEN - 1945,Normal,07/07/2026
,,,,,,,,,,,,,,,,,
,,,,,,,,,,,,,,,,,
,,,,,,,,,,,,,,,,,
,,,,,,,,,,,,,,,,,
571,Ped. Suministros,04/10/2026,,,,,,,,,,,,,,,
,,,,,,,,,,,,,,,,,
,,,,,,,,,,,,,,,,,
572,Ped. Suministros,04/10/2026,,,,,,,,,,,,,,,
,,,,,,,,,,,,,,,,,
,,,,,,,,,,,,,,,,,
573,Ped. Suministros,04/10/2026,,,,,,,,,,,,,,,
,,,,,,,,,,,,,,,,,
,,,,,,,,,,,,,,,,,
574,Sol. de Gastos,04/10/2026,1 - 1137,Confirmado,04/15/2026,461 - 1,Normal,04/15/2026,609,Orden de Compra,04/16/2026,1 - 575,Registrado,04/16/2026,INVEN - 1741,Normal,06/11/2026
,,,,,,,,,,,,,,,,,
,,,,,,,,,,,,,,,INVEN - 1743,Normal,06/11/2026
,,,,,,,,,,,,,,,,,
,,,,,,,,,,,,,,,INVEN - 2285,Normal,08/10/2026
,,,,,,,,,,,,,,,,,
,,,,,,,,,,,,,,,INVEN - 2406,Normal,08/21/2026
,,,,,,,,,,,,,,,,,
,,,,,,,,,,,,,,,,,
,,,,,,,,,,,,,,,,,
,,,,,,,,,,,,,,,,,
575,Ped. Suministros,04/10/2026,,,,,,,,,,,,,,,
,,,,,,,,,,,,,,,,,
,,,,,,,,,,,,,,,,,
576,Sol. de Gastos,04/10/2026,1 - 1053,Confirmado,04/10/2026,412 - 1,Normal,04/13/2026,,,,,,,,,
,,,,,,,,,,,,,,,,,
,,,,,,412 - 2,Normal,04/16/2026,666,Orden de Compra,04/23/2026,1 - 960,Registrado,06/12/2026,INVEN - 1826,Normal,06/25/2026
,,,,,,,,,,,,,,,,,
,,,,,,,,,,,,,,,INVEN - 1827,Normal,06/25/2026
,,,,,,,,,,,,,,,,,
,,,,,,,,,,,,,,,INVEN - 2086,Normal,07/22/2026
,,,,,,,,,,,,,,,,,
,,,,,,,,,,,,,,,INVEN - 2087,Normal,07/22/2026
,,,,,,,,,,,,,,,,,
,,,,,,,,,,,,,,,INVEN - 2498,Normal,08/31/2026
,,,,,,,,,,,,,,,,,
,,,,,,,,,,,,,,,,,
,,,,,,,,,,,,,,,,,
,,,,,,,,,,,,,,,,,
577,Sol. de Gastos,04/10/2026,1 - 1138,Confirmado,04/15/2026,467 - 1,Normal,04/16/2026,657,Orden de Compra,04/23/2026,1 - 621,Registrado,04/23/2026,INVEN - 1809,Normal,06/23/2026
,,,,,,,,,,,,,,,,,
,,,,,,,,,,,,,,,,,
,,,,,,,,,,,,,,,,,
,,,,,,,,,658,Orden de Compra,04/23/2026,1 - 622,Registrado,04/23/2026,INVEN - 2421,Normal,08/24/2026
,,,,,,,,,,,,,,,,,
,,,,,,,,,,,,,,,INVEN - 2422,Normal,08/24/2026
,,,,,,,,,,,,,,,,,
,,,,,,,,,,,,,,,,,
,,,,,,,,,,,,,,,,,
,,,,,,,,,,,,,,,,,
578,Sol. de Gastos,04/10/2026,1 - 1674,Confirmado,06/01/2026,694 - 1,Normal,06/01/2026,952,Orden de Compra,06/02/2026,1 - 897,Registrado,06/02/2026,INVEN - 1928,Normal,07/06/2026
,,,,,,,,,,,,,,,,,
,,,,,,,,,,,,,,,,,
,,,,,,,,,,,,,,,,,
,,,,,,,,,,,,,,,,,
579,Ped. Suministros,04/10/2026,,,,,,,,,,,,,,,
,,,,,,,,,,,,,,,,,
,,,,,,,,,,,,,,,,,
580,Sol. de Gastos,04/10/2026,1 - 1139,Confirmado,04/15/2026,465 - 1,Normal,04/16/2026,660,Anulado,04/23/2026,,,,,,
,,,,,,,,,,,,,,,,,
,,,,,,,,,661,Anulado,04/23/2026,,,,,,
,,,,,,,,,,,,,,,,,
,,,,,,,,,662,Anulado,04/23/2026,,,,,,
,,,,,,,,,,,,,,,,,
,,,,,,,,,663,Anulado,04/23/2026,,,,,,
,,,,,,,,,,,,,,,,,
,,,,,,,,,664,Anulado,04/23/2026,,,,,,
,,,,,,,,,,,,,,,,,
,,,,,,,,,665,Anulado,04/23/2026,,,,,,
,,,,,,,,,,,,,,,,,
,,,,,,,,,697,Anulado,04/28/2026,,,,,,
,,,,,,,,,,,,,,,,,
,,,,,,,,,698,Orden de Compra,04/28/2026,1 - 730,Registrado,05/11/2026,INVEN - 1868,Normal,06/29/2026
,,,,,,,,,,,,,,,,,
,,,,,,,,,,,,,,,,,
,,,,,,,,,,,,,,,,,
,,,,,,,,,699,Orden de Compra,04/28/2026,1 - 731,Registrado,05/11/2026,INVEN - 1394,Normal,05/19/2026
,,,,,,,,,,,,,,,,,
,,,,,,,,,,,,,,,,,
,,,,,,,,,,,,,,,,,
,,,,,,,,,700,Orden de Compra,04/28/2026,1 - 732,Registrado,05/11/2026,,,
,,,,,,,,,,,,,,,,,
,,,,,,,,,,,,,,,,,
,,,,,,,,,,,,,,,,,
,,,,,,,,,701,Orden de Compra,04/28/2026,1 - 733,Registrado,05/11/2026,INVEN - 1578,Normal,06/01/2026
,,,,,,,,,,,,,,,,,
,,,,,,,,,,,,,,,,,
,,,,,,,,,,,,,,,,,
,,,,,,,,,,,,,,,,,
581,Sol. de Gastos,04/10/2026,1 - 1754,Confirmado,06/03/2026,730 - 1,Normal,06/04/2026,1049,Orden de Compra,06/19/2026,1 - 1002,Registrado,06/19/2026,INVEN - 1924,Normal,07/06/2026
,,,,,,,,,,,,,,,,,
,,,,,,,,,,,,,,,,,
,,,,,,,,,,,,,,,,,
,,,,,,,,,,,,,,,,,
582,Sol. de Gastos,04/10/2026,1 - 1268,Confirmado,05/04/2026,529 - 1,Normal,05/04/2026,778,Orden de Compra,05/08/2026,1 - 728,Registrado,05/08/2026,INVEN - 1694,Normal,06/10/2026
,,,,,,,,,,,,,,,,,
,,,,,,,,,,,,,,,,,
,,,,,,,,,,,,,,,,,
,,,,,,,,,,,,,,,,,
583,Sol. de Gastos,04/10/2026,1 - 1167,Confirmado,04/17/2026,478 - 1,Normal,04/20/2026,,,,,,,,,
,,,,,,,,,,,,,,,,,
,,,,,,478 - 2,Normal,05/08/2026,878,Anulado,05/22/2026,,,,,,
,,,,,,,,,,,,,,,,,
,,,,,,,,,879,Anulado,05/22/2026,,,,,,
,,,,,,,,,,,,,,,,,
,,,,,,,,,897,Orden de Compra,05/27/2026,1 - 846,Registrado,05/27/2026,INVEN - 1680,Normal,06/09/2026
,,,,,,,,,,,,,,,,,
,,,,,,,,,,,,,,,,,
,,,,,,,,,,,,,,,,,
,,,,,,,,,899,Orden de Compra,05/27/2026,1 - 847,Registrado,05/27/2026,INVEN - 1584,Normal,06/02/2026
,,,,,,,,,,,,,,,,,
,,,,,,,,,,,,,,,,,
,,,,,,,,,,,,,,,,,
,,,,,,,,,,,,,,,,,
584,Ped. Suministros,04/10/2026,,,,,,,,,,,,,,,
,,,,,,,,,,,,,,,,,
,,,,,,,,,,,,,,,,,
585,Sol. de Gastos,04/10/2026,1 - 1063,Confirmado,04/13/2026,424 - 1,Normal,04/14/2026,646,Orden de Compra,04/22/2026,1 - 611,Registrado,04/22/2026,INVEN - 2129,Normal,07/24/2026
,,,,,,,,,,,,,,,,,
,,,,,,,,,,,,,,,,,
,,,,,,,,,,,,,,,,,
,,,,,,,,,647,Orden de Compra,04/22/2026,1 - 612,Registrado,04/22/2026,INVEN - 1836,Normal,06/26/2026
,,,,,,,,,,,,,,,,,
,,,,,,,,,,,,,,,,,
,,,,,,,,,,,,,,,,,
,,,,,,,,,,,,,,,,,
586,Sol. de Gastos,04/13/2026,1 - 1071,Confirmado,04/13/2026,417 - 1,Normal,04/13/2026,593,Orden de Compra,04/15/2026,1 - 561,Registrado,04/15/2026,INVEN - 1109,Normal,04/27/2026
,,,,,,,,,,,,,,,,,
,,,,,,,,,,,,,,,,,
,,,,,,,,,,,,,,,,,
,,,,,,,,,,,,,,,,,
587,Sol. de Gastos,04/13/2026,1 - 1170,Confirmado,04/17/2026,476 - 1,Normal,04/20/2026,639,Orden de Compra,04/21/2026,1 - 604,Registrado,04/21/2026,INVEN - 1359,Normal,05/15/2026
,,,,,,,,,,,,,,,,,
,,,,,,,,,,,,,,,INVEN - 1495,Normal,05/26/2026
,,,,,,,,,,,,,,,,,
,,,,,,,,,,,,,,,,,
,,,,,,,,,,,,,,,,,
,,,,,,,,,,,,,,,,,
588,Ped. Suministros,04/13/2026,,,,,,,,,,,,,,,
,,,,,,,,,,,,,,,,,
,,,,,,,,,,,,,,,,,
589,Sol. de Gastos,04/13/2026,1 - 1070,Confirmado,04/13/2026,416 - 1,Normal,04/13/2026,577,Orden de Compra,04/14/2026,1 - 543,Registrado,04/14/2026,INVEN - 1756,Normal,06/12/2026
,,,,,,,,,,,,,,,,,
,,,,,,,,,,,,,,,,,
,,,,,,,,,,,,,,,,,
,,,,,,,,,,,,,,,,,
590,Sol. de Gastos,04/13/2026,1 - 1069,Confirmado,04/13/2026,415 - 1,Normal,04/13/2026,574,Orden de Compra,04/14/2026,1 - 540,Registrado,04/14/2026,INVEN - 1107,Normal,04/27/2026
,,,,,,,,,,,,,,,,,
,,,,,,,,,,,,,,,,,
,,,,,,,,,,,,,,,,,
,,,,,,,,,,,,,,,,,
591,Sol. de Gastos,04/13/2026,1 - 1068,Confirmado,04/13/2026,414 - 1,Normal,04/13/2026,579,Orden de Compra,04/14/2026,1 - 548,Registrado,04/14/2026,INVEN - 1108,Normal,04/27/2026
,,,,,,,,,,,,,,,,,
,,,,,,,,,,,,,,,,,
,,,,,,,,,,,,,,,,,
,,,,,,,,,,,,,,,,,
592,Sol. de Gastos,04/13/2026,1 - 1124,Confirmado,04/14/2026,431 - 1,Normal,04/14/2026,592,Orden de Compra,04/14/2026,1 - 560,Registrado,04/14/2026,INVEN - 1105,Normal,04/27/2026
,,,,,,,,,,,,,,,,,
,,,,,,,,,,,,,,,,,
,,,,,,,,,,,,,,,,,
,,,,,,,,,,,,,,,,,
593,Ped. Suministros,04/13/2026,1 - 1152,Anulado,04/16/2026,,,,,,,,,,,,
,,,,,,,,,,,,,,,,,
,,,,,,,,,,,,,,,,,
594,Sol. de Gastos,04/13/2026,1 - 1134,Confirmado,04/15/2026,457 - 1,Normal,04/15/2026,650,Orden de Compra,04/23/2026,1 - 613,Registrado,04/23/2026,,,
,,,,,,,,,,,,,,,,,
,,,,,,,,,,,,,,,,,
,,,,,,,,,,,,,,,,,
,,,,,,,,,,,,,,,,,
595,Sol. de Gastos,04/13/2026,1 - 1200,Confirmado,04/22/2026,502 - 1,Normal,04/23/2026,715,Orden de Compra,04/29/2026,1 - 665,Registrado,04/29/2026,INVEN - 2066,Normal,07/21/2026
,,,,,,,,,,,,,,,,,
,,,,,,,,,,,,,,,,,
,,,,,,,,,,,,,,,,,
,,,,,,,,,,,,,,,,,
596,Ped. Suministros,04/13/2026,,,,,,,,,,,,,,,
,,,,,,,,,,,,,,,,,
,,,,,,,,,,,,,,,,,
597,Sol. de Gastos,04/14/2026,1 - 1181,Confirmado,04/21/2026,491 - 1,Normal,04/21/2026,757,Orden de Compra,05/06/2026,1 - 713,Registrado,05/06/2026,INVEN - 1790,Normal,06/19/2026
,,,,,,,,,,,,,,,,,
,,,,,,,,,,,,,,,,,
,,,,,,,,,,,,,,,,,
,,,,,,,,,,,,,,,,,
598,Sol. de Gastos,04/14/2026,1 - 1178,Confirmado,04/20/2026,483 - 1,Normal,04/20/2026,643,Orden de Compra,04/22/2026,1 - 608,Registrado,04/22/2026,INVEN - 1934,Normal,07/06/2026
,,,,,,,,,,,,,,,,,
,,,,,,,,,,,,,,,INVEN - 2497,Normal,08/31/2026
,,,,,,,,,,,,,,,,,
,,,,,,,,,,,,,,,,,
,,,,,,,,,,,,,,,,,
,,,,,,,,,,,,,,,,,
599,Sol. de Gastos,04/14/2026,1 - 1735,Confirmado,06/03/2026,10000088 - 1,Normal,08/12/2026,1454,Anulado,08/13/2026,1 - 1393,Anulado,08/13/2026,,,
,,,,,,,,,,,,,,,,,
,,,,,,,,,,,,,,,,,
,,,,,,,,,,,,,,,,,
,,,,,,,,,1462,Orden de Compra,08/14/2026,1 - 1403,Registrado,08/14/2026,MPREV - 6,Normal,08/24/2026
,,,,,,,,,,,,,,,,,
,,,,,,,,,,,,,,,,,
,,,,,,,,,,,,,,,,,
,,,,,,,,,,,,,,,,,
600,Sol. de Gastos,04/14/2026,1 - 1172,Confirmado,04/20/2026,482 - 1,Normal,04/20/2026,637,Anulado,04/21/2026,,,,,,
,,,,,,,,,,,,,,,,,
,,,,,,,,,638,Anulado,04/21/2026,1 - 603,Anulado,04/21/2026,,,
,,,,,,,,,,,,,,,,,
,,,,,,,,,,,,,,,,,
,,,,,,,,,,,,,,,,,
,,,,,,,,,642,Anulado,04/22/2026,1 - 607,Anulado,04/22/2026,,,
,,,,,,,,,,,,,,,,,
,,,,,,,,,,,,,,,,,
,,,,,,,,,,,,,,,,,
,,,,,,,,,644,Orden de Compra,04/22/2026,1 - 609,Registrado,04/22/2026,INVEN - 1595,Normal,06/03/2026
,,,,,,,,,,,,,,,,,
,,,,,,,,,,,,,,,,,
,,,,,,,,,,,,,,,,,
,,,,,,,,,,,,,,,,,
601,Sol. de Gastos,04/14/2026,1 - 1173,Confirmado,04/20/2026,488 - 1,Normal,04/20/2026,634,Orden de Compra,04/21/2026,1 - 599,Registrado,04/21/2026,INVEN - 1228,Normal,05/07/2026
,,,,,,,,,,,,,,,,,
,,,,,,,,,,,,,,,,,
,,,,,,,,,,,,,,,,,
,,,,,,,,,,,,,,,,,
602,Sol. de Gastos,04/14/2026,1 - 1141,Confirmado,04/15/2026,463 - 1,Normal,04/15/2026,605,Orden de Compra,04/16/2026,1 - 571,Registrado,04/16/2026,INVEN - 1556,Normal,05/29/2026
,,,,,,,,,,,,,,,,,
,,,,,,,,,,,,,,,,,
,,,,,,,,,,,,,,,,,
,,,,,,,,,,,,,,,,,
603,Ped. Suministros,04/14/2026,,,,,,,,,,,,,,,
,,,,,,,,,,,,,,,,,
,,,,,,,,,,,,,,,,,
604,Sol. de Gastos,04/14/2026,1 - 1267,Confirmado,05/04/2026,528 - 1,Normal,05/04/2026,738,Orden de Compra,05/05/2026,1 - 696,Registrado,05/05/2026,INVEN - 1300,Normal,05/13/2026
,,,,,,,,,,,,,,,,,
,,,,,,,,,,,,,,,,,
,,,,,,,,,,,,,,,,,
,,,,,,,,,,,,,,,,,
605,Sol. de Gastos,04/14/2026,1 - 1233,Confirmado,04/28/2026,510 - 1,Normal,04/28/2026,723,Orden de Compra,04/30/2026,1 - 675,Registrado,04/30/2026,INVEN - 1533,Normal,05/28/2026
,,,,,,,,,,,,,,,,,
,,,,,,,,,,,,,,,,,
,,,,,,,,,,,,,,,,,
,,,,,,,,,,,,,,,,,
606,Ped. Suministros,04/14/2026,,,,,,,,,,,,,,,
,,,,,,,,,,,,,,,,,
,,,,,,,,,,,,,,,,,
607,Sol. de Gastos,04/14/2026,1 - 1174,Confirmado,04/20/2026,487 - 1,Normal,04/20/2026,743,Anulado,05/05/2026,1 - 700,Anulado,05/05/2026,,,
,,,,,,,,,,,,,,,,,
,,,,,,,,,,,,,,,,,
,,,,,,,,,,,,,,,,,
,,,,,,,,,753,Orden de Compra,05/06/2026,1 - 708,Registrado,05/06/2026,INVEN - 1563,Normal,05/29/2026
,,,,,,,,,,,,,,,,,
,,,,,,,,,,,,,,,,,
,,,,,,,,,,,,,,,,,
,,,,,,,,,,,,,,,,,
608,Sol. de Gastos,04/15/2026,1 - 1175,Confirmado,04/20/2026,486 - 1,Normal,04/20/2026,640,Orden de Compra,04/22/2026,1 - 605,Registrado,04/22/2026,INVEN - 1373,Normal,05/19/2026
,,,,,,,,,,,,,,,,,
,,,,,,,,,,,,,,,,,
,,,,,,,,,,,,,,,,,
,,,,,,,,,,,,,,,,,
609,Sol. de Gastos,04/15/2026,1 - 1240,Confirmado,04/28/2026,518 - 1,Normal,04/29/2026,,,,,,,,,
,,,,,,,,,,,,,,,,,
,,,,,,,,,,,,,,,,,
610,Sol. de Gastos,04/15/2026,1 - 1176,Confirmado,04/20/2026,485 - 1,Normal,04/20/2026,628,Orden de Compra,04/21/2026,1 - 593,Registrado,04/21/2026,INVEN - 1576,Normal,06/01/2026
,,,,,,,,,,,,,,,,,
,,,,,,,,,,,,,,,,,
,,,,,,,,,,,,,,,,,
,,,,,,,,,,,,,,,,,
611,Sol. de Gastos,04/15/2026,1 - 1184,Confirmado,04/21/2026,494 - 1,Normal,04/22/2026,655,Orden de Compra,04/23/2026,1 - 619,Registrado,04/23/2026,INVEN - 1824,Normal,06/25/2026
,,,,,,,,,,,,,,,,,
,,,,,,,,,,,,,,,,,
,,,,,,,,,,,,,,,,,
,,,,,,,,,,,,,,,,,
612,Sol. de Gastos,04/15/2026,1 - 1185,Confirmado,04/21/2026,509 - 1,Normal,04/28/2026,708,Orden de Compra,04/29/2026,1 - 658,Registrado,04/29/2026,INVEN - 1211,Normal,05/06/2026
,,,,,,,,,,,,,,,,,
,,,,,,,,,,,,,,,,,
,,,,,,,,,,,,,,,,,
,,,,,,,,,,,,,,,,,
613,Sol. de Gastos,04/15/2026,1 - 1821,Confirmado,06/11/2026,746 - 1,Normal,06/12/2026,1104,Orden de Compra,07/01/2026,1 - 1063,Registrado,07/01/2026,INVEN - 2006,Normal,07/14/2026
,,,,,,,,,,,,,,,,,
,,,,,,,,,,,,,,,,,
,,,,,,,,,,,,,,,,,
,,,,,,,,,,,,,,,,,
614,Sol. de Gastos,04/15/2026,1 - 1443,Confirmado,05/13/2026,626 - 1,Normal,05/15/2026,832,Orden de Compra,05/18/2026,1 - 909,Registrado,06/03/2026,INVEN - 2004,Normal,07/14/2026
,,,,,,,,,,,,,,,,,
,,,,,,,,,,,,,,,INVEN - 2005,Normal,07/14/2026
,,,,,,,,,,,,,,,,,
,,,,,,,,,,,,,,,INVEN - 2154,Normal,07/29/2026
,,,,,,,,,,,,,,,,,
,,,,,,,,,,,,,,,,,
,,,,,,,,,,,,,,,,,
,,,,,,,,,,,,,,,,,
615,Sol. de Gastos,04/15/2026,1 - 1270,Confirmado,05/04/2026,532 - 1,Normal,05/04/2026,740,Orden de Compra,05/05/2026,1 - 698,Registrado,05/05/2026,INVEN - 1490,Normal,05/26/2026
,,,,,,,,,,,,,,,,,
,,,,,,,,,,,,,,,,,
,,,,,,,,,,,,,,,,,
,,,,,,,,,,,,,,,,,
616,Sol. de Gastos,04/15/2026,1 - 1163,Confirmado,04/17/2026,475 - 1,Normal,04/17/2026,670,Orden de Compra,04/24/2026,1 - 627,Registrado,04/24/2026,INVEN - 1177,Normal,05/04/2026
,,,,,,,,,,,,,,,,,
,,,,,,,,,,,,,,,,,
,,,,,,,,,,,,,,,,,
,,,,,,,,,,,,,,,,,
617,Sol. de Gastos,04/15/2026,1 - 1431,Confirmado,05/13/2026,586 - 1,Normal,05/13/2026,1157,Orden de Compra,07/13/2026,1 - 1116,Registrado,07/13/2026,INVEN - 2426,Normal,08/24/2026
,,,,,,,,,,,,,,,,,
,,,,,,,,,,,,,,,,,
,,,,,,,,,,,,,,,,,
,,,,,,,,,,,,,,,,,
618,Sol. de Gastos,04/15/2026,1 - 1456,Confirmado,05/13/2026,618 - 1,Normal,05/14/2026,847,Orden de Compra,05/19/2026,1 - 795,Registrado,05/19/2026,INVEN - 1600,Normal,06/03/2026
,,,,,,,,,,,,,,,,,
,,,,,,,,,,,,,,,,,
,,,,,,,,,,,,,,,,,
,,,,,,,,,,,,,,,,,
619,Sol. de Gastos,04/15/2026,1 - 1547,Confirmado,05/20/2026,646 - 1,Normal,05/20/2026,914,Orden de Compra,05/27/2026,1 - 860,Registrado,05/27/2026,INVEN - 1965,Normal,07/08/2026
,,,,,,,,,,,,,,,,,
,,,,,,,,,,,,,,,,,
,,,,,,,,,,,,,,,,,
,,,,,,,,,,,,,,,,,
620,Ped. Suministros,04/15/2026,1 - 1661,Anulado,05/28/2026,686 - 1,Anulado,05/28/2026,,,,,,,,,
,,,,,,,,,,,,,,,,,
,,,1 - 1650,Anulado,05/28/2026,,,,,,,,,,,,
,,,,,,,,,,,,,,,,,
,,,,,,,,,,,,,,,,,
621,Sol. de Gastos,04/16/2026,1 - 1199,Confirmado,04/22/2026,499 - 1,Normal,04/23/2026,667,Orden de Compra,04/24/2026,1 - 624,Registrado,04/24/2026,INVEN - 1321,Normal,05/14/2026
,,,,,,,,,,,,,,,,,
,,,,,,,,,,,,,,,,,
,,,,,,,,,,,,,,,,,
,,,,,,,,,,,,,,,,,
622,Ped. Suministros,04/16/2026,,,,,,,,,,,,,,,
,,,,,,,,,,,,,,,,,
,,,,,,,,,,,,,,,,,
623,Sol. de Gastos,04/16/2026,1 - 1162,Confirmado,04/17/2026,489 - 1,Normal,04/20/2026,648,Orden de Compra,04/22/2026,1 - 765,Registrado,05/15/2026,INVEN - 1470,Normal,05/21/2026
,,,,,,,,,,,,,,,,,
,,,,,,,,,,,,,,,,,
,,,,,,,,,,,,,,,,,
,,,,,,,,,,,,,,,,,
625,Sol. de Gastos,04/16/2026,1 - 1234,Confirmado,04/28/2026,515 - 1,Normal,04/28/2026,755,Orden de Compra,05/06/2026,1 - 712,Registrado,05/06/2026,INVEN - 1627,Normal,06/04/2026
,,,,,,,,,,,,,,,,,
,,,,,,,,,,,,,,,,,
,,,,,,,,,,,,,,,,,
,,,,,,,,,,,,,,,,,
626,Sol. de Gastos,04/16/2026,1 - 1193,Confirmado,04/21/2026,495 - 1,Normal,04/22/2026,,,,,,,,,
,,,,,,,,,,,,,,,,,
,,,,,,495 - 2,Normal,04/27/2026,720,Orden de Compra,04/29/2026,1 - 670,Registrado,04/29/2026,INVEN - 1588,Normal,06/02/2026
,,,,,,,,,,,,,,,,,
,,,,,,,,,,,,,,,,,
,,,,,,,,,,,,,,,,,
,,,,,,,,,,,,,,,,,
627,Sol. de Gastos,04/16/2026,1 - 2552,Confirmado,08/12/2026,10000138 - 1,Normal,08/21/2026,,,,,,,,,
,,,,,,,,,,,,,,,,,
,,,,,,,,,,,,,,,,,
628,Sol. de Gastos,04/16/2026,1 - 1215,Confirmado,04/27/2026,505 - 1,Normal,04/27/2026,686,Orden de Compra,04/28/2026,1 - 641,Registrado,04/28/2026,INVEN - 1518,Normal,05/28/2026
,,,,,,,,,,,,,,,,,
,,,,,,,,,,,,,,,,,
,,,,,,,,,,,,,,,,,
,,,,,,,,,,,,,,,,,
629,Sol. de Gastos,04/17/2026,1 - 1546,Confirmado,05/20/2026,645 - 1,Normal,05/20/2026,870,Orden de Compra,05/21/2026,1 - 822,Registrado,05/21/2026,INVEN - 1857,Normal,06/29/2026
,,,,,,,,,,,,,,,,,
,,,,,,,,,,,,,,,,,
,,,,,,,,,,,,,,,,,
,,,,,,,,,,,,,,,,,
630,Sol. de Gastos,04/17/2026,1 - 1219,Confirmado,04/27/2026,507 - 1,Normal,04/27/2026,702,Orden de Compra,04/28/2026,1 - 652,Registrado,04/28/2026,INVEN - 1310,Normal,05/14/2026
,,,,,,,,,,,,,,,,,
,,,,,,,,,,,,,,,,,
,,,,,,,,,,,,,,,,,
,,,,,,,,,,,,,,,,,
631,Sol. de Gastos,04/17/2026,1 - 1244,Confirmado,04/28/2026,525 - 1,Normal,04/29/2026,745,Orden de Compra,05/06/2026,1 - 702,Registrado,05/06/2026,INVEN - 1996,Normal,07/14/2026
,,,,,,,,,,,,,,,,,
,,,,,,,,,,,,,,,INVEN - 1997,Normal,07/14/2026
,,,,,,,,,,,,,,,,,
,,,,,,,,,,,,,,,,,
,,,,,,,,,,,,,,,,,
,,,,,,,,,,,,,,,,,
632,Sol. de Gastos,04/17/2026,1 - 1459,Confirmado,05/13/2026,612 - 1,Normal,05/14/2026,831,Anulado,05/18/2026,1 - 782,Anulado,05/18/2026,,,
,,,,,,,,,,,,,,,,,
,,,,,,,,,,,,,,,,,
,,,,,,,,,,,,,,,,,
,,,,,,,,,912,Orden de Compra,05/27/2026,1 - 858,Registrado,05/27/2026,,,
,,,,,,,,,,,,,,,,,
,,,,,,,,,,,,,,,,,
,,,,,,,,,,,,,,,,,
,,,,,,,,,,,,,,,,,
633,Sol. de Gastos,04/17/2026,1 - 1188,Confirmado,04/21/2026,493 - 1,Normal,04/22/2026,767,Orden de Compra,05/07/2026,1 - 721,Registrado,05/07/2026,INVEN - 1549,Normal,05/29/2026
,,,,,,,,,,,,,,,,,
,,,,,,,,,,,,,,,,,
,,,,,,,,,,,,,,,,,
,,,,,,,,,,,,,,,,,
634,Sol. de Gastos,04/17/2026,1 - 1432,Confirmado,05/13/2026,573 - 1,Normal,05/13/2026,804,Orden de Compra,05/14/2026,1 - 753,Registrado,05/14/2026,INVEN - 1794,Normal,06/19/2026
,,,,,,,,,,,,,,,,,
,,,,,,,,,,,,,,,,,
,,,,,,,,,,,,,,,,,
,,,,,,,,,,,,,,,,,
635,Sol. de Gastos,04/17/2026,1 - 1795,Confirmado,06/09/2026,741 - 1,Normal,06/10/2026,1015,Orden de Compra,06/16/2026,1 - 963,Registrado,06/16/2026,INVEN - 1799,Normal,06/23/2026
,,,,,,,,,,,,,,,,,
,,,,,,,,,,,,,,,,,
,,,,,,,,,,,,,,,,,
,,,,,,,,,,,,,,,,,
636,Sol. de Gastos,04/17/2026,1 - 1177,Confirmado,04/20/2026,484 - 1,Normal,04/20/2026,747,Anulado,05/06/2026,,,,,,
,,,,,,,,,,,,,,,,,
,,,,,,,,,748,Orden de Compra,05/06/2026,1 - 701,Registrado,05/06/2026,,,
,,,,,,,,,,,,,,,,,
,,,,,,,,,,,,,,,,,
,,,,,,,,,,,,,,,,,
,,,,,,,,,,,,,,,,,
637,Sol. de Gastos,04/17/2026,1 - 1473,Confirmado,05/14/2026,627 - 1,Normal,05/15/2026,871,Orden de Compra,05/21/2026,1 - 823,Registrado,05/21/2026,INVEN - 2159,Normal,07/30/2026
,,,,,,,,,,,,,,,,,
,,,,,,,,,,,,,,,,,
,,,,,,,,,,,,,,,,,
,,,,,,,,,,,,,,,,,
638,Sol. de Gastos,04/17/2026,1 - 2041,Confirmado,06/30/2026,853 - 1,Normal,07/01/2026,1151,Orden de Compra,07/08/2026,1 - 1109,Registrado,07/08/2026,INVEN - 2117,Normal,07/24/2026
,,,,,,,,,,,,,,,,,
,,,,,,,,,,,,,,,,,
,,,,,,,,,,,,,,,,,
,,,,,,,,,1152,Orden de Compra,07/08/2026,1 - 1110,Registrado,07/08/2026,INVEN - 2107,Normal,07/23/2026
,,,,,,,,,,,,,,,,,
,,,,,,,,,,,,,,,,,
,,,,,,,,,,,,,,,,,
,,,,,,,,,1153,Orden de Compra,07/08/2026,1 - 1111,Registrado,07/08/2026,INVEN - 2077,Normal,07/22/2026
,,,,,,,,,,,,,,,,,
,,,,,,,,,,,,,,,,,
,,,,,,,,,,,,,,,,,
,,,,,,,,,,,,,,,,,
639,Sol. de Gastos,04/17/2026,1 - 1408,Confirmado,05/12/2026,593 - 1,Normal,05/14/2026,1011,Anulado,06/12/2026,1 - 962,Anulado,06/12/2026,,,
,,,,,,,,,,,,,,,,,
,,,,,,,,,,,,,,,,,
,,,,,,,,,,,,,,,,,
,,,,,,,,,1034,Orden de Compra,06/18/2026,1 - 986,Registrado,06/18/2026,INVEN - 2490,Normal,08/28/2026
,,,,,,,,,,,,,,,,,
,,,,,,,,,,,,,,,,,
,,,,,,,,,,,,,,,,,
,,,,,,,,,,,,,,,,,
640,Sol. de Gastos,04/17/2026,1 - 1409,Confirmado,05/12/2026,579 - 1,Normal,05/13/2026,866,Orden de Compra,05/21/2026,1 - 814,Registrado,05/21/2026,INVEN - 1909,Normal,07/03/2026
,,,,,,,,,,,,,,,,,
,,,,,,,,,,,,,,,,,
,,,,,,,,,,,,,,,,,
,,,,,,,,,,,,,,,,,
641,Sol. de Gastos,04/20/2026,1 - 1450,Confirmado,05/13/2026,609 - 1,Normal,05/14/2026,842,Anulado,05/18/2026,,,,,,
,,,,,,,,,,,,,,,,,
,,,,,,,,,843,Orden de Compra,05/18/2026,1 - 908,Registrado,06/03/2026,INVEN - 1844,Normal,06/26/2026
,,,,,,,,,,,,,,,,,
,,,,,,,,,,,,,,,INVEN - 1845,Normal,06/26/2026
,,,,,,,,,,,,,,,,,
,,,,,,,,,,,,,,,INVEN - 2140,Normal,07/28/2026
,,,,,,,,,,,,,,,,,
,,,,,,,,,,,,,,,INVEN - 2449,Normal,08/27/2026
,,,,,,,,,,,,,,,,,
,,,,,,,,,,,,,,,,,
,,,,,,,,,,,,,,,,,
,,,,,,,,,,,,,,,,,
642,Sol. de Gastos,04/20/2026,1 - 1217,Confirmado,04/27/2026,506 - 1,Normal,04/27/2026,704,Orden de Compra,04/28/2026,1 - 654,Registrado,04/28/2026,INVEN - 1213,Normal,05/06/2026
,,,,,,,,,,,,,,,,,
,,,,,,,,,,,,,,,,,
,,,,,,,,,,,,,,,,,
,,,,,,,,,,,,,,,,,
643,Ped. Suministros,04/20/2026,,,,,,,,,,,,,,,
,,,,,,,,,,,,,,,,,
,,,,,,,,,,,,,,,,,
644,Sol. de Gastos,04/20/2026,1 - 1339,Confirmado,05/06/2026,540 - 1,Normal,05/06/2026,830,Orden de Compra,05/18/2026,1 - 781,Registrado,05/18/2026,INVEN - 1771,Normal,06/16/2026
,,,,,,,,,,,,,,,,,
,,,,,,,,,,,,,,,,,
,,,,,,,,,,,,,,,,,
,,,,,,,,,,,,,,,,,
645,Sol. de Gastos,04/20/2026,1 - 1433,Confirmado,05/13/2026,584 - 1,Normal,05/13/2026,805,Orden de Compra,05/14/2026,1 - 754,Registrado,05/14/2026,INVEN - 1605,Normal,06/03/2026
,,,,,,,,,,,,,,,,,
,,,,,,,,,,,,,,,,,
,,,,,,,,,,,,,,,,,
,,,,,,,,,,,,,,,,,
646,Sol. de Gastos,04/20/2026,1 - 1189,Confirmado,04/21/2026,496 - 1,Normal,04/22/2026,706,Orden de Compra,04/29/2026,1 - 656,Registrado,04/29/2026,INVEN - 1396,Normal,05/19/2026
,,,,,,,,,,,,,,,,,
,,,,,,,,,,,,,,,,,
,,,,,,,,,,,,,,,,,
,,,,,,,,,,,,,,,,,
647,Sol. de Gastos,04/20/2026,1 - 1218,Confirmado,04/27/2026,508 - 1,Normal,04/27/2026,742,Orden de Compra,05/05/2026,1 - 699,Registrado,05/05/2026,INVEN - 1313,Normal,05/14/2026
,,,,,,,,,,,,,,,,,
,,,,,,,,,,,,,,,,,
,,,,,,,,,,,,,,,,,
,,,,,,,,,,,,,,,,,
648,Sol. de Gastos,04/20/2026,1 - 1419,Confirmado,05/13/2026,568 - 1,Normal,05/13/2026,828,Orden de Compra,05/18/2026,1 - 778,Registrado,05/18/2026,INVEN - 1650,Normal,06/05/2026
,,,,,,,,,,,,,,,,,
,,,,,,,,,,,,,,,,,
,,,,,,,,,,,,,,,,,
,,,,,,,,,,,,,,,,,
649,Sol. de Gastos,04/20/2026,1 - 1434,Confirmado,05/13/2026,583 - 1,Normal,05/13/2026,973,Anulado,06/04/2026,1 - 922,Anulado,06/04/2026,,,
,,,,,,,,,,,,,,,,,
,,,,,,,,,,,,,,,,,
,,,,,,,,,,,,,,,,,
,,,,,,,,,974,Anulado,06/04/2026,1 - 923,Anulado,06/04/2026,,,
,,,,,,,,,,,,,,,,,
,,,,,,,,,,,,,,,,,
,,,,,,,,,,,,,,,,,
,,,,,,,,,999,Orden de Compra,06/09/2026,1 - 945,Registrado,06/09/2026,INVEN - 1810,Normal,06/23/2026
,,,,,,,,,,,,,,,,,
,,,,,,,,,,,,,,,,,
,,,,,,,,,,,,,,,,,
,,,,,,,,,1000,Orden de Compra,06/09/2026,1 - 946,Registrado,06/09/2026,INVEN - 1828,Normal,06/25/2026
,,,,,,,,,,,,,,,,,
,,,,,,,,,,,,,,,,,
,,,,,,,,,,,,,,,,,
,,,,,,,,,,,,,,,,,
650,Sol. de Gastos,04/20/2026,1 - 1430,Confirmado,05/13/2026,581 - 1,Normal,05/13/2026,867,Orden de Compra,05/21/2026,1 - 815,Registrado,05/21/2026,INVEN - 1660,Normal,06/08/2026
,,,,,,,,,,,,,,,,,
,,,,,,,,,,,,,,,,,
,,,,,,,,,,,,,,,,,
,,,,,,,,,,,,,,,,,
651,Sol. de Gastos,04/20/2026,1 - 1428,Confirmado,05/13/2026,576 - 1,Normal,05/13/2026,808,Orden de Compra,05/14/2026,1 - 757,Registrado,05/14/2026,INVEN - 1562,Normal,05/29/2026
,,,,,,,,,,,,,,,,,
,,,,,,,,,,,,,,,,,
,,,,,,,,,,,,,,,,,
,,,,,,,,,,,,,,,,,
652,Ped. Suministros,04/20/2026,,,,,,,,,,,,,,,
,,,,,,,,,,,,,,,,,
,,,,,,,,,,,,,,,,,
653,Sol. de Gastos,04/21/2026,1 - 1190,Confirmado,04/21/2026,503 - 1,Normal,04/23/2026,1012,Orden de Compra,06/12/2026,1 - 1011,Registrado,06/22/2026,INVEN - 1972,Normal,07/08/2026
,,,,,,,,,,,,,,,,,
,,,,,,,,,,,,,,,INVEN - 1973,Normal,07/08/2026
,,,,,,,,,,,,,,,,,
,,,,,,,,,,,,,,,INVEN - 1974,Normal,07/08/2026
,,,,,,,,,,,,,,,,,
,,,,,,,,,,,,,,,INVEN - 1981,Normal,07/13/2026
,,,,,,,,,,,,,,,,,
,,,,,,,,,,,,,,,,,
,,,,,,,,,,,,,,,,,
,,,,,,,,,1013,Orden de Compra,06/12/2026,1 - 1012,Registrado,06/22/2026,INVEN - 2290,Normal,08/10/2026
,,,,,,,,,,,,,,,,,
,,,,,,,,,,,,,,,INVEN - 2491,Normal,08/28/2026
,,,,,,,,,,,,,,,,,
,,,,,,,,,,,,,,,,,
,,,,,,,,,,,,,,,,,
,,,,,,,,,1014,Orden de Compra,06/12/2026,1 - 1013,Registrado,06/22/2026,INVEN - 2158,Normal,07/30/2026
,,,,,,,,,,,,,,,,,
,,,,,,,,,,,,,,,,,
,,,,,,,,,,,,,,,,,
,,,,,,,,,,,,,,,,,
654,Sol. de Gastos,04/21/2026,1 - 1198,Confirmado,04/22/2026,498 - 1,Normal,04/23/2026,736,Orden de Compra,05/04/2026,1 - 694,Registrado,05/04/2026,INVEN - 1410,Anulada,05/20/2026
,,,,,,,,,,,,,,,,,
,,,,,,,,,,,,,,,INVEN - 1426,Normal,05/20/2026
,,,,,,,,,,,,,,,,,
,,,,,,,,,,,,,,,,,
,,,,,,,,,,,,,,,,,
,,,,,,,,,,,,,,,,,
655,Ped. Suministros,04/21/2026,,,,,,,,,,,,,,,
,,,,,,,,,,,,,,,,,
,,,,,,,,,,,,,,,,,
656,Ped. Suministros,04/21/2026,,,,,,,,,,,,,,,
,,,,,,,,,,,,,,,,,
,,,,,,,,,,,,,,,,,
657,Ped. Suministros,04/21/2026,,,,,,,,,,,,,,,
,,,,,,,,,,,,,,,,,
,,,,,,,,,,,,,,,,,
658,Sol. de Gastos,04/21/2026,1 - 1399,Confirmado,05/12/2026,566 - 1,Normal,05/12/2026,787,Orden de Compra,05/12/2026,1 - 740,Registrado,05/12/2026,INVEN - 1561,Normal,05/29/2026
,,,,,,,,,,,,,,,,,
,,,,,,,,,,,,,,,,,
,,,,,,,,,,,,,,,,,
,,,,,,,,,,,,,,,,,
659,Sol. de Gastos,04/21/2026,1 - 1427,Confirmado,05/13/2026,582 - 1,Normal,05/13/2026,801,Orden de Compra,05/13/2026,1 - 750,Registrado,05/13/2026,INVEN - 2412,Normal,08/21/2026
,,,,,,,,,,,,,,,,,
,,,,,,,,,,,,,,,,,
,,,,,,,,,,,,,,,,,
,,,,,,,,,,,,,,,,,
660,Sol. de Gastos,04/21/2026,1 - 1238,Confirmado,04/28/2026,511 - 1,Normal,04/28/2026,728,Orden de Compra,05/04/2026,1 - 686,Registrado,05/04/2026,INVEN - 1682,Normal,06/10/2026
,,,,,,,,,,,,,,,,,
,,,,,,,,,,,,,,,INVEN - 2035,Normal,07/16/2026
,,,,,,,,,,,,,,,,,
,,,,,,,,,,,,,,,,,
,,,,,,,,,,,,,,,,,
,,,,,,,,,,,,,,,,,
661,Sol. de Gastos,04/21/2026,1 - 1201,Confirmado,04/22/2026,501 - 1,Normal,04/23/2026,705,Orden de Compra,04/28/2026,1 - 655,Registrado,04/28/2026,INVEN - 1538,Normal,05/28/2026
,,,,,,,,,,,,,,,,,
,,,,,,,,,,,,,,,,,
,,,,,,,,,,,,,,,,,
,,,,,,,,,,,,,,,,,
662,Sol. de Gastos,04/21/2026,1 - 1296,Confirmado,05/05/2026,535 - 1,Normal,05/06/2026,1161,Anulado,07/13/2026,1 - 1119,Anulado,07/13/2026,,,
,,,,,,,,,,,,,,,,,
,,,,,,,,,,,,,,,,,
,,,,,,,,,,,,,,,,,
,,,,,,,,,1162,Anulado,07/13/2026,1 - 1120,Anulado,07/13/2026,,,
,,,,,,,,,,,,,,,,,
,,,,,,,,,,,,,,,,,
,,,,,,,,,,,,,,,,,
,,,,,,,,,1163,Anulado,07/13/2026,1 - 1121,Anulado,07/13/2026,,,
,,,,,,,,,,,,,,,,,
,,,,,,,,,,,,,,,,,
,,,,,,,,,,,,,,,,,
,,,,,,,,,1189,Orden de Compra,07/15/2026,1 - 1147,Registrado,07/15/2026,INVEN - 2135,Normal,07/27/2026
,,,,,,,,,,,,,,,,,
,,,,,,,,,,,,,,,,,
,,,,,,,,,,,,,,,,,
,,,,,,,,,1190,Orden de Compra,07/15/2026,1 - 1148,Registrado,07/15/2026,INVEN - 2078,Normal,07/22/2026
,,,,,,,,,,,,,,,,,
,,,,,,,,,,,,,,,,,
,,,,,,,,,,,,,,,,,
,,,,,,,,,1191,Orden de Compra,07/15/2026,1 - 1149,Registrado,07/15/2026,INVEN - 2106,Normal,07/23/2026
,,,,,,,,,,,,,,,,,
,,,,,,,,,,,,,,,,,
,,,,,,,,,,,,,,,,,
,,,,,,,,,,,,,,,,,
663,Sol. de Gastos,04/21/2026,1 - 1480,Confirmado,05/15/2026,624 - 1,Normal,05/15/2026,827,Orden de Compra,05/18/2026,1 - 777,Registrado,05/18/2026,INVEN - 2199,Normal,08/04/2026
,,,,,,,,,,,,,,,,,
,,,,,,,,,,,,,,,,,
,,,,,,,,,,,,,,,,,
,,,,,,,,,,,,,,,,,
664,Sol. de Gastos,04/21/2026,1 - 1197,Confirmado,04/22/2026,497 - 1,Normal,04/23/2026,860,Orden de Compra,05/20/2026,1 - 809,Registrado,05/20/2026,,,
,,,,,,,,,,,,,,,,,
,,,,,,,,,,,,,,,,,
,,,,,,,,,,,,,,,,,
,,,,,,,,,,,,,,,,,
665,Ped. Suministros,04/22/2026,,,,,,,,,,,,,,,
,,,,,,,,,,,,,,,,,
,,,,,,,,,,,,,,,,,
666,Sol. de Gastos,04/22/2026,1 - 2040,Confirmado,06/30/2026,843 - 1,Normal,06/30/2026,1145,Orden de Compra,07/07/2026,1 - 1104,Registrado,07/07/2026,,,
,,,,,,,,,,,,,,,,,
,,,,,,,,,,,,,,,,,
,,,,,,,,,,,,,,,,,
,,,,,,,,,1147,Orden de Compra,07/07/2026,1 - 1105,Registrado,07/07/2026,,,
,,,,,,,,,,,,,,,,,
,,,,,,,,,,,,,,,,,
,,,,,,,,,,,,,,,,,
,,,,,,,,,,,,,,,,,
667,Sol. de Gastos,04/22/2026,1 - 1241,Confirmado,04/28/2026,519 - 1,Normal,04/29/2026,737,Orden de Compra,05/04/2026,1 - 695,Registrado,05/04/2026,INVEN - 1537,Normal,05/28/2026
,,,,,,,,,,,,,,,,,
,,,,,,,,,,,,,,,,,
,,,,,,,,,,,,,,,,,
,,,,,,,,,,,,,,,,,
668,Sol. de Gastos,04/22/2026,1 - 1295,Confirmado,05/05/2026,536 - 1,Normal,05/06/2026,848,Orden de Compra,05/19/2026,1 - 796,Registrado,05/19/2026,,,
,,,,,,,,,,,,,,,,,
,,,,,,,,,,,,,,,,,
,,,,,,,,,,,,,,,,,
,,,,,,,,,849,Orden de Compra,05/19/2026,1 - 797,Registrado,05/19/2026,INVEN - 1665,Normal,06/08/2026
,,,,,,,,,,,,,,,,,
,,,,,,,,,,,,,,,,,
,,,,,,,,,,,,,,,,,
,,,,,,,,,,,,,,,,,
669,Sol. de Gastos,04/22/2026,1 - 1407,Confirmado,05/12/2026,590 - 1,Normal,05/14/2026,841,Orden de Compra,05/18/2026,1 - 791,Registrado,05/18/2026,INVEN - 1740,Normal,06/11/2026
,,,,,,,,,,,,,,,,,
,,,,,,,,,,,,,,,,,
,,,,,,,,,,,,,,,,,
,,,,,,,,,,,,,,,,,
670,Sol. de Gastos,04/22/2026,1 - 1447,Confirmado,05/13/2026,619 - 1,Normal,05/14/2026,929,Orden de Compra,05/29/2026,1 - 876,Registrado,05/29/2026,INVEN - 1769,Normal,06/16/2026
,,,,,,,,,,,,,,,,,
,,,,,,,,,,,,,,,,,
,,,,,,,,,,,,,,,,,
,,,,,,,,,,,,,,,,,
671,Sol. de Gastos,04/22/2026,1 - 1232,Confirmado,04/28/2026,512 - 1,Normal,04/28/2026,780,Orden de Compra,05/11/2026,1 - 734,Registrado,05/11/2026,,,
,,,,,,,,,,,,,,,,,
,,,,,,,,,,,,,,,,,
,,,,,,,,,,,,,,,,,
,,,,,,,,,,,,,,,,,
672,Sol. de Gastos,04/22/2026,1 - 1253,Confirmado,04/29/2026,524 - 1,Normal,04/29/2026,741,Anulado,05/05/2026,,,,,,
,,,,,,,,,,,,,,,,,
,,,,,,,,,756,Anulado,05/06/2026,,,,,,
,,,,,,,,,,,,,,,,,
,,,,,,,,,766,Orden de Compra,05/07/2026,1 - 800,Registrado,05/19/2026,INVEN - 1512,Normal,05/26/2026
,,,,,,,,,,,,,,,,,
,,,,,,,,,,,,,,,INVEN - 1658,Normal,06/05/2026
,,,,,,,,,,,,,,,,,
,,,,,,,,,,,,,,,INVEN - 2025,Normal,07/16/2026
,,,,,,,,,,,,,,,,,
,,,,,,,,,,,,,,,INVEN - 2026,Normal,07/16/2026
,,,,,,,,,,,,,,,,,
,,,,,,,,,,,,,,,INVEN - 2246,Normal,08/07/2026
,,,,,,,,,,,,,,,,,
,,,,,,,,,,,,,,,,,
,,,,,,,,,,,,,,,,,
,,,,,,,,,,,,,,,,,
673,Sol. de Gastos,04/22/2026,1 - 1237,Confirmado,04/28/2026,513 - 1,Normal,04/28/2026,802,Anulado,05/13/2026,1 - 751,Anulado,05/13/2026,,,
,,,,,,,,,,,,,,,,,
,,,,,,,,,,,,,,,,,
,,,,,,,,,,,,,,,,,
,,,,,,,,,803,Anulado,05/13/2026,1 - 752,Anulado,05/13/2026,,,
,,,,,,,,,,,,,,,,,
,,,,,,,,,,,,,,,,,
,,,,,,,,,,,,,,,,,
,,,,,,,,,813,Orden de Compra,05/14/2026,1 - 762,Registrado,05/14/2026,,,
,,,,,,,,,,,,,,,,,
,,,,,,,,,,,,,,,,,
,,,,,,,,,,,,,,,,,
,,,,,,,,,814,Orden de Compra,05/14/2026,1 - 763,Registrado,05/14/2026,INVEN - 1554,Normal,05/29/2026
,,,,,,,,,,,,,,,,,
,,,,,,,,,,,,,,,INVEN - 1555,Normal,05/29/2026
,,,,,,,,,,,,,,,,,
,,,,,,,,,,,,,,,,,
,,,,,,,,,,,,,,,,,
,,,,,,,,,,,,,,,,,
674,Sol. de Gastos,04/22/2026,1 - 1235,Confirmado,04/28/2026,514 - 1,Normal,04/28/2026,722,Orden de Compra,04/30/2026,1 - 674,Registrado,04/30/2026,INVEN - 1272,Normal,05/11/2026
,,,,,,,,,,,,,,,,,
,,,,,,,,,,,,,,,,,
,,,,,,,,,,,,,,,,,
,,,,,,,,,,,,,,,,,
675,Sol. de Gastos,04/22/2026,1 - 1426,Confirmado,05/13/2026,588 - 1,Normal,05/13/2026,872,Orden de Compra,05/22/2026,1 - 824,Registrado,05/22/2026,INVEN - 1783,Normal,06/18/2026
,,,,,,,,,,,,,,,,,
,,,,,,,,,,,,,,,INVEN - 1805,Normal,06/23/2026
,,,,,,,,,,,,,,,,,
,,,,,,,,,,,,,,,,,
,,,,,,,,,,,,,,,,,
,,,,,,,,,,,,,,,,,
676,Ped. Suministros,04/22/2026,,,,,,,,,,,,,,,
,,,,,,,,,,,,,,,,,
,,,,,,,,,,,,,,,,,
677,Sol. de Gastos,04/23/2026,1 - 1242,Confirmado,04/28/2026,521 - 1,Normal,04/29/2026,727,Orden de Compra,04/30/2026,1 - 685,Registrado,04/30/2026,INVEN - 1687,Normal,06/10/2026
,,,,,,,,,,,,,,,,,
,,,,,,,,,,,,,,,,,
,,,,,,,,,,,,,,,,,
,,,,,,,,,,,,,,,,,
678,Sol. de Gastos,04/23/2026,1 - 2039,Confirmado,06/30/2026,840 - 1,Normal,06/30/2026,1113,Orden de Compra,07/02/2026,1 - 1072,Registrado,07/02/2026,INVEN - 2393,Normal,08/20/2026
,,,,,,,,,,,,,,,,,
,,,,,,,,,,,,,,,,,
,,,,,,,,,,,,,,,,,
,,,,,,,,,,,,,,,,,
679,Sol. de Gastos,04/23/2026,1 - 1657,Confirmado,05/28/2026,684 - 1,Normal,05/28/2026,1010,Orden de Compra,06/12/2026,1 - 961,Registrado,06/12/2026,INVEN - 1987,Normal,07/13/2026
,,,,,,,,,,,,,,,,,
,,,,,,,,,,,,,,,INVEN - 2488,Normal,08/27/2026
,,,,,,,,,,,,,,,,,
,,,,,,,,,,,,,,,,,
,,,,,,,,,,,,,,,,,
,,,,,,,,,,,,,,,,,
680,Ped. Suministros,04/23/2026,,,,,,,,,,,,,,,
,,,,,,,,,,,,,,,,,
,,,,,,,,,,,,,,,,,
681,Sol. de Gastos,04/23/2026,1 - 1252,Confirmado,04/29/2026,517 - 1,Normal,04/29/2026,785,Orden de Compra,05/12/2026,1 - 842,Registrado,05/27/2026,,,
,,,,,,,,,,,,,,,,,
,,,,,,,,,,,,,,,,,
,,,,,,,,,,,,,,,,,
,,,,,,,,,,,,,,,,,
682,Sol. de Gastos,04/23/2026,1 - 1541,Confirmado,05/20/2026,658 - 1,Normal,05/22/2026,965,Orden de Compra,06/04/2026,1 - 914,Registrado,06/04/2026,INVEN - 2119,Normal,07/24/2026
,,,,,,,,,,,,,,,,,
,,,,,,,,,,,,,,,,,
,,,,,,,,,,,,,,,,,
,,,,,,,,,,,,,,,,,
683,Ped. Suministros,04/23/2026,1 - 1440,Anulado,05/13/2026,594 - 1,Anulado,05/14/2026,844,Anulado,05/18/2026,1 - 792,Anulado,05/18/2026,,,
,,,,,,,,,,,,,,,,,
,,,,,,,,,,,,,,,,,
,,,,,,,,,,,,,,,,,
,,,,,,,,,,,,,,,,,
684,Sol. de Gastos,04/23/2026,1 - 1451,Confirmado,05/13/2026,615 - 1,Normal,05/14/2026,953,Orden de Compra,06/02/2026,1 - 898,Registrado,06/02/2026,INVEN - 2044,Normal,07/17/2026
,,,,,,,,,,,,,,,,,
,,,,,,,,,,,,,,,,,
,,,,,,,,,,,,,,,,,
,,,,,,,,,954,Orden de Compra,06/02/2026,1 - 899,Registrado,06/02/2026,INVEN - 2173,Normal,07/31/2026
,,,,,,,,,,,,,,,,,
,,,,,,,,,,,,,,,,,
,,,,,,,,,,,,,,,,,
,,,,,,,,,,,,,,,,,
685,Sol. de Gastos,04/23/2026,1 - 1460,Confirmado,05/13/2026,611 - 1,Normal,05/14/2026,,,,,,,,,
,,,,,,,,,,,,,,,,,
,,,,,,,,,,,,,,,,,
687,Sol. de Gastos,04/23/2026,1 - 1452,Confirmado,05/13/2026,623 - 1,Normal,05/15/2026,941,Orden de Compra,06/02/2026,1 - 892,Registrado,06/02/2026,INVEN - 2079,Normal,07/22/2026
,,,,,,,,,,,,,,,,,
,,,,,,,,,,,,,,,,,
,,,,,,,,,,,,,,,,,
,,,,,,,,,943,Orden de Compra,06/02/2026,1 - 893,Registrado,06/02/2026,INVEN - 2258,Normal,08/07/2026
,,,,,,,,,,,,,,,,,
,,,,,,,,,,,,,,,,,
,,,,,,,,,,,,,,,,,
,,,,,,,,,944,Orden de Compra,06/02/2026,1 - 894,Registrado,06/02/2026,INVEN - 1874,Normal,06/30/2026
,,,,,,,,,,,,,,,,,
,,,,,,,,,,,,,,,INVEN - 2101,Normal,07/23/2026
,,,,,,,,,,,,,,,,,
,,,,,,,,,,,,,,,INVEN - 2456,Normal,08/27/2026
,,,,,,,,,,,,,,,,,
,,,,,,,,,,,,,,,,,
,,,,,,,,,,,,,,,,,
,,,,,,,,,945,Orden de Compra,06/02/2026,1 - 895,Registrado,06/02/2026,INVEN - 1894,Normal,07/01/2026
,,,,,,,,,,,,,,,,,
,,,,,,,,,,,,,,,,,
,,,,,,,,,,,,,,,,,
,,,,,,,,,,,,,,,,,
688,Sol. de Gastos,04/23/2026,1 - 1425,Confirmado,05/13/2026,585 - 1,Normal,05/13/2026,809,Orden de Compra,05/14/2026,1 - 758,Registrado,05/14/2026,INVEN - 1560,Normal,05/29/2026
,,,,,,,,,,,,,,,,,
,,,,,,,,,,,,,,,,,
,,,,,,,,,,,,,,,,,
,,,,,,,,,,,,,,,,,
689,Ped. Suministros,04/23/2026,,,,,,,,,,,,,,,
,,,,,,,,,,,,,,,,,
,,,,,,,,,,,,,,,,,
690,Sol. de Gastos,04/23/2026,1 - 1367,Confirmado,05/06/2026,546 - 1,Normal,05/07/2026,800,Orden de Compra,05/13/2026,1 - 749,Registrado,05/13/2026,INVEN - 1676,Normal,06/09/2026
,,,,,,,,,,,,,,,,,
,,,,,,,,,,,,,,,,,
,,,,,,,,,,,,,,,,,
,,,,,,,,,,,,,,,,,
691,Sol. de Gastos,04/23/2026,1 - 1429,Confirmado,05/13/2026,577 - 1,Normal,05/13/2026,862,Orden de Compra,05/21/2026,1 - 811,Registrado,05/21/2026,INVEN - 1672,Normal,06/09/2026
,,,,,,,,,,,,,,,,,
,,,,,,,,,,,,,,,,,
,,,,,,,,,,,,,,,,,
,,,,,,,,,,,,,,,,,
692,Sol. de Gastos,04/23/2026,1 - 1297,Confirmado,05/05/2026,537 - 1,Normal,05/06/2026,782,Orden de Compra,05/12/2026,1 - 737,Registrado,05/12/2026,INVEN - 1541,Normal,05/28/2026
,,,,,,,,,,,,,,,,,
,,,,,,,,,,,,,,,,,
,,,,,,,,,,,,,,,,,
,,,,,,,,,,,,,,,,,
693,Sol. de Gastos,04/23/2026,1 - 1272,Confirmado,05/04/2026,533 - 1,Normal,05/04/2026,754,Orden de Compra,05/06/2026,1 - 711,Registrado,05/06/2026,INVEN - 1398,Normal,05/19/2026
,,,,,,,,,,,,,,,,,
,,,,,,,,,,,,,,,,,
,,,,,,,,,,,,,,,,,
,,,,,,,,,,,,,,,,,
694,Sol. de Gastos,04/23/2026,1 - 1271,Confirmado,05/04/2026,531 - 1,Normal,05/04/2026,835,Orden de Compra,05/18/2026,1 - 785,Registrado,05/18/2026,,,
,,,,,,,,,,,,,,,,,
,,,,,,,,,,,,,,,,,
,,,,,,,,,,,,,,,,,
,,,,,,,,,,,,,,,,,
695,Ped. Suministros,04/23/2026,,,,,,,,,,,,,,,
,,,,,,,,,,,,,,,,,
,,,,,,,,,,,,,,,,,
697,Sol. de Gastos,04/23/2026,1 - 1255,Confirmado,04/29/2026,523 - 1,Normal,04/29/2026,739,Orden de Compra,05/05/2026,1 - 697,Registrado,05/05/2026,INVEN - 1677,Normal,06/09/2026
,,,,,,,,,,,,,,,,,
,,,,,,,,,,,,,,,,,
,,,,,,,,,,,,,,,,,
,,,,,,,,,,,,,,,,,
698,Sol. de Gastos,04/24/2026,1 - 1733,Confirmado,06/03/2026,714 - 1,Normal,06/03/2026,969,Orden de Compra,06/04/2026,1 - 917,Registrado,06/04/2026,INVEN - 2143,Normal,07/28/2026
,,,,,,,,,,,,,,,,,
,,,,,,,,,,,,,,,INVEN - 2144,Normal,07/28/2026
,,,,,,,,,,,,,,,,,
,,,,,,,,,,,,,,,INVEN - 2146,Normal,07/28/2026
,,,,,,,,,,,,,,,,,
,,,,,,,,,,,,,,,,,
,,,,,,,,,,,,,,,,,
,,,,,,,,,,,,,,,,,
699,Sol. de Gastos,04/24/2026,1 - 1269,Confirmado,05/04/2026,530 - 1,Normal,05/04/2026,850,Orden de Compra,05/19/2026,1 - 798,Registrado,05/19/2026,INVEN - 1887,Normal,07/01/2026
,,,,,,,,,,,,,,,,,
,,,,,,,,,,,,,,,,,
,,,,,,,,,,,,,,,,,
,,,,,,,,,,,,,,,,,
700,Ped. Suministros,04/24/2026,,,,,,,,,,,,,,,
,,,,,,,,,,,,,,,,,
,,,,,,,,,,,,,,,,,
701,Sol. de Gastos,04/24/2026,1 - 1254,Confirmado,04/29/2026,522 - 1,Normal,04/29/2026,1252,Orden de Compra,07/21/2026,1 - 1200,Registrado,07/21/2026,INVEN - 2369,Normal,08/20/2026
,,,,,,,,,,,,,,,,,
,,,,,,,,,,,,,,,,,
,,,,,,,,,,,,,,,,,
,,,,,,,,,,,,,,,,,
702,Sol. de Gastos,04/27/2026,1 - 1461,Confirmado,05/14/2026,600 - 1,Normal,05/14/2026,,,,,,,,,
,,,,,,,,,,,,,,,,,
,,,,,,,,,,,,,,,,,
703,Sol. de Gastos,04/27/2026,1 - 1453,Confirmado,05/13/2026,608 - 1,Normal,05/14/2026,861,Orden de Compra,05/21/2026,1 - 810,Registrado,05/21/2026,,,
,,,,,,,,,,,,,,,,,
,,,,,,,,,,,,,,,,,
,,,,,,,,,,,,,,,,,
,,,,,,,,,,,,,,,,,
704,Ped. Suministros,04/27/2026,,,,,,,,,,,,,,,
,,,,,,,,,,,,,,,,,
,,,,,,,,,,,,,,,,,
705,Sol. de Gastos,04/27/2026,1 - 1736,Confirmado,06/03/2026,755 - 1,Normal,06/17/2026,1066,Orden de Compra,06/23/2026,1 - 1022,Registrado,06/23/2026,INVEN - 2068,Normal,07/22/2026
,,,,,,,,,,,,,,,,,
,,,,,,,,,,,,,,,INVEN - 2450,Normal,08/27/2026
,,,,,,,,,,,,,,,,,
,,,,,,,,,,,,,,,,,
,,,,,,,,,,,,,,,,,
,,,,,,,,,,,,,,,,,
706,Sol. de Gastos,04/27/2026,1 - 1410,Confirmado,05/12/2026,580 - 1,Normal,05/13/2026,876,Orden de Compra,05/22/2026,1 - 828,Registrado,05/22/2026,INVEN - 1791,Normal,06/19/2026
,,,,,,,,,,,,,,,,,
,,,,,,,,,,,,,,,,,
,,,,,,,,,,,,,,,,,
,,,,,,,,,,,,,,,,,
707,Sol. de Gastos,04/27/2026,1 - 1454,Confirmado,05/13/2026,604 - 1,Normal,05/14/2026,,,,,,,,,
,,,,,,,,,,,,,,,,,
,,,,,,604 - 2,Normal,05/21/2026,,,,,,,,,
,,,,,,,,,,,,,,,,,
,,,,,,604 - 3,Normal,05/29/2026,995,Orden de Compra,06/09/2026,1 - 941,Registrado,06/09/2026,INVEN - 2060,Normal,07/21/2026
,,,,,,,,,,,,,,,,,
,,,,,,,,,,,,,,,INVEN - 2326,Normal,08/12/2026
,,,,,,,,,,,,,,,,,
,,,,,,,,,,,,,,,,,
,,,,,,,,,,,,,,,,,
,,,,,,,,,,,,,,,,,
708,Sol. de Gastos,04/27/2026,1 - 1405,Confirmado,05/12/2026,587 - 1,Normal,05/13/2026,859,Orden de Compra,05/20/2026,1 - 808,Registrado,05/20/2026,INVEN - 1590,Normal,06/02/2026
,,,,,,,,,,,,,,,,,
,,,,,,,,,,,,,,,,,
,,,,,,,,,,,,,,,,,
,,,,,,,,,,,,,,,,,
709,Sol. de Gastos,04/27/2026,1 - 1363,Confirmado,05/06/2026,550 - 1,Normal,05/07/2026,799,Orden de Compra,05/13/2026,1 - 748,Registrado,05/13/2026,INVEN - 1543,Normal,05/28/2026
,,,,,,,,,,,,,,,,,
,,,,,,,,,,,,,,,,,
,,,,,,,,,,,,,,,,,
,,,,,,,,,,,,,,,,,
710,Sol. de Gastos,04/27/2026,1 - 1362,Confirmado,05/06/2026,552 - 1,Normal,05/07/2026,783,Orden de Compra,05/12/2026,1 - 738,Registrado,05/12/2026,INVEN - 1603,Normal,06/03/2026
,,,,,,,,,,,,,,,,,
,,,,,,,,,,,,,,,,,
,,,,,,,,,,,,,,,,,
,,,,,,,,,,,,,,,,,
711,Sol. de Gastos,04/27/2026,1 - 1899,Confirmado,06/18/2026,805 - 1,Normal,06/19/2026,,,,,,,,,
,,,,,,,,,,,,,,,,,
,,,,,,805 - 2,Normal,06/25/2026,1317,Orden de Compra,07/29/2026,1 - 1270,Registrado,07/29/2026,,,
,,,,,,,,,,,,,,,,,
,,,,,,,,,,,,,,,,,
,,,,,,,,,,,,,,,,,
,,,,,,,,,1318,Orden de Compra,07/29/2026,1 - 1271,Registrado,07/29/2026,,,
,,,,,,,,,,,,,,,,,
,,,,,,,,,,,,,,,,,
,,,,,,,,,,,,,,,,,
,,,,,,,,,1319,Orden de Compra,07/29/2026,1 - 1272,Registrado,07/29/2026,INVEN - 2487,Normal,08/27/2026
,,,,,,,,,,,,,,,,,
,,,,,,,,,,,,,,,,,
,,,,,,,,,,,,,,,,,
,,,,,,,,,,,,,,,,,
712,Sol. de Gastos,04/27/2026,1 - 1361,Confirmado,05/06/2026,551 - 1,Normal,05/07/2026,888,Orden de Compra,05/26/2026,1 - 834,Registrado,05/26/2026,INVEN - 1664,Normal,06/08/2026
,,,,,,,,,,,,,,,,,
,,,,,,,,,,,,,,,,,
,,,,,,,,,,,,,,,,,
,,,,,,,,,889,Orden de Compra,05/26/2026,1 - 835,Registrado,05/26/2026,INVEN - 1632,Normal,06/05/2026
,,,,,,,,,,,,,,,,,
,,,,,,,,,,,,,,,,,
,,,,,,,,,,,,,,,,,
,,,,,,,,,,,,,,,,,
713,Ped. Suministros,04/27/2026,1 - 1424,Anulado,05/13/2026,578 - 1,Anulado,05/13/2026,,,,,,,,,
,,,,,,,,,,,,,,,,,
,,,,,,,,,,,,,,,,,
714,Sol. de Gastos,04/27/2026,1 - 1411,Confirmado,05/12/2026,621 - 1,Normal,05/15/2026,881,Orden de Compra,05/26/2026,1 - 831,Registrado,05/26/2026,INVEN - 2367,Normal,08/20/2026
,,,,,,,,,,,,,,,,,
,,,,,,,,,,,,,,,,,
,,,,,,,,,,,,,,,,,
,,,,,,,,,,,,,,,,,
715,Sol. de Gastos,04/27/2026,1 - 1646,Confirmado,05/27/2026,679 - 1,Normal,05/27/2026,990,Anulado,06/08/2026,,,,,,
,,,,,,,,,,,,,,,,,
,,,,,,,,,991,Orden de Compra,06/08/2026,1 - 965,Registrado,06/17/2026,INVEN - 1854,Normal,06/29/2026
,,,,,,,,,,,,,,,,,
,,,,,,,,,,,,,,,INVEN - 1922,Normal,07/03/2026
,,,,,,,,,,,,,,,,,
,,,,,,,,,,,,,,,INVEN - 2147,Normal,07/28/2026
,,,,,,,,,,,,,,,,,
,,,,,,,,,,,,,,,,,
,,,,,,,,,,,,,,,,,
,,,,,,,,,,,,,,,,,
716,Ped. Suministros,04/27/2026,,,,,,,,,,,,,,,
,,,,,,,,,,,,,,,,,
,,,,,,,,,,,,,,,,,
717,Ped. Suministros,04/27/2026,,,,,,,,,,,,,,,
,,,,,,,,,,,,,,,,,
,,,,,,,,,,,,,,,,,
718,Ped. Suministros,04/27/2026,,,,,,,,,,,,,,,
,,,,,,,,,,,,,,,,,
,,,,,,,,,,,,,,,,,
719,Ped. Suministros,04/27/2026,,,,,,,,,,,,,,,
,,,,,,,,,,,,,,,,,
,,,,,,,,,,,,,,,,,
720,Sol. de Gastos,04/27/2026,1 - 1734,Confirmado,06/03/2026,907 - 1,Normal,07/13/2026,1229,Orden de Compra,07/20/2026,1 - 1180,Registrado,07/20/2026,,,
,,,,,,,,,,,,,,,,,
,,,,,,,,,,,,,,,,,
,,,,,,,,,,,,,,,,,
,,,,,,,,,,,,,,,,,
721,Sol. de Gastos,04/27/2026,1 - 1236,Confirmado,04/28/2026,516 - 1,Normal,04/28/2026,721,Orden de Compra,04/30/2026,1 - 673,Registrado,04/30/2026,INVEN - 1689,Normal,06/10/2026
,,,,,,,,,,,,,,,,,
,,,,,,,,,,,,,,,,,
,,,,,,,,,,,,,,,,,
,,,,,,,,,,,,,,,,,
722,Ped. Suministros,04/27/2026,,,,,,,,,,,,,,,
,,,,,,,,,,,,,,,,,
,,,,,,,,,,,,,,,,,
723,Sol. de Gastos,04/28/2026,1 - 1365,Confirmado,05/06/2026,548 - 1,Normal,05/07/2026,772,Orden de Compra,05/07/2026,1 - 723,Registrado,05/07/2026,INVEN - 1503,Normal,05/26/2026
,,,,,,,,,,,,,,,,,
,,,,,,,,,,,,,,,INVEN - 1837,Normal,06/26/2026
,,,,,,,,,,,,,,,,,
,,,,,,,,,,,,,,,INVEN - 2236,Normal,08/07/2026
,,,,,,,,,,,,,,,,,
,,,,,,,,,,,,,,,,,
,,,,,,,,,,,,,,,,,
,,,,,,,,,,,,,,,,,
724,Sol. de Gastos,04/28/2026,1 - 1442,Confirmado,05/13/2026,622 - 1,Normal,05/15/2026,913,Orden de Compra,05/27/2026,1 - 859,Registrado,05/27/2026,INVEN - 1739,Normal,06/11/2026
,,,,,,,,,,,,,,,,,
,,,,,,,,,,,,,,,,,
,,,,,,,,,,,,,,,,,
,,,,,,,,,,,,,,,,,
725,Ped. Suministros,04/28/2026,,,,,,,,,,,,,,,
,,,,,,,,,,,,,,,,,
,,,,,,,,,,,,,,,,,
726,Sol. de Gastos,04/28/2026,1 - 1444,Confirmado,05/13/2026,605 - 1,Normal,05/14/2026,829,Anulado,05/18/2026,1 - 780,Anulado,05/18/2026,,,
,,,,,,,,,,,,,,,,,
,,,,,,,,,,,,,,,,,
,,,,,,,,,,,,,,,,,
,,,,,,,,,851,Orden de Compra,05/19/2026,1 - 799,Registrado,05/19/2026,INVEN - 1472,Normal,05/22/2026
,,,,,,,,,,,,,,,,,
,,,,,,,,,,,,,,,,,
,,,,,,,,,,,,,,,,,
,,,,,,,,,,,,,,,,,
727,Ped. Suministros,04/28/2026,,,,,,,,,,,,,,,
,,,,,,,,,,,,,,,,,
,,,,,,,,,,,,,,,,,
728,Ped. Suministros,04/28/2026,,,,,,,,,,,,,,,
,,,,,,,,,,,,,,,,,
,,,,,,,,,,,,,,,,,
729,Ped. Suministros,04/28/2026,,,,,,,,,,,,,,,
,,,,,,,,,,,,,,,,,
,,,,,,,,,,,,,,,,,
730,Sol. de Gastos,04/28/2026,1 - 1337,Confirmado,05/06/2026,542 - 1,Normal,05/06/2026,819,Orden de Compra,05/15/2026,1 - 770,Registrado,05/15/2026,INVEN - 1489,Normal,05/26/2026
,,,,,,,,,,,,,,,,,
,,,,,,,,,,,,,,,,,
,,,,,,,,,,,,,,,,,
,,,,,,,,,,,,,,,,,
731,Sol. de Gastos,04/28/2026,1 - 1338,Confirmado,05/06/2026,541 - 1,Normal,05/06/2026,758,Orden de Compra,05/06/2026,1 - 714,Registrado,05/06/2026,INVEN - 1581,Normal,06/02/2026
,,,,,,,,,,,,,,,,,
,,,,,,,,,,,,,,,INVEN - 2028,Normal,07/16/2026
,,,,,,,,,,,,,,,,,
,,,,,,,,,,,,,,,,,
,,,,,,,,,,,,,,,,,
,,,,,,,,,,,,,,,,,
732,Sol. de Gastos,04/28/2026,1 - 1455,Confirmado,05/13/2026,620 - 1,Normal,05/15/2026,,,,,,,,,
,,,,,,,,,,,,,,,,,
,,,,,,,,,,,,,,,,,
733,Sol. de Gastos,04/28/2026,1 - 1659,Confirmado,05/28/2026,682 - 1,Normal,05/28/2026,928,Orden de Compra,05/29/2026,1 - 875,Registrado,05/29/2026,INVEN - 1962,Normal,07/08/2026
,,,,,,,,,,,,,,,,,
,,,,,,,,,,,,,,,,,
,,,,,,,,,,,,,,,,,
,,,,,,,,,,,,,,,,,
734,Ped. Suministros,04/28/2026,,,,,,,,,,,,,,,
,,,,,,,,,,,,,,,,,
,,,,,,,,,,,,,,,,,
735,Sol. de Gastos,04/29/2026,1 - 2616,Confirmado,08/21/2026,10000145 - 1,Normal,08/21/2026,,,,,,,,,
,,,,,,,,,,,,,,,,,
,,,,,,,,,,,,,,,,,
736,Sol. de Gastos,04/29/2026,1 - 2615,Confirmado,08/21/2026,10000143 - 1,Normal,08/21/2026,1509,Orden de Compra,08/21/2026,1 - 1454,Registrado,08/21/2026,,,
,,,,,,,,,,,,,,,,,
,,,,,,,,,,,,,,,,,
,,,,,,,,,,,,,,,,,
,,,,,,,,,,,,,,,,,
737,Sol. de Gastos,04/29/2026,1 - 1366,Confirmado,05/06/2026,545 - 1,Normal,05/07/2026,868,Orden de Compra,05/21/2026,1 - 816,Registrado,05/21/2026,INVEN - 1611,Normal,06/04/2026
,,,,,,,,,,,,,,,,,
,,,,,,,,,,,,,,,,,
,,,,,,,,,,,,,,,,,
,,,,,,,,,,,,,,,,,
738,Sol. de Gastos,04/29/2026,1 - 1423,Confirmado,05/13/2026,575 - 1,Normal,05/13/2026,927,Anulado,05/29/2026,1 - 874,Anulado,05/29/2026,,,
,,,,,,,,,,,,,,,,,
,,,,,,,,,,,,,,,,,
,,,,,,,,,,,,,,,,,
,,,,,,,,,930,Orden de Compra,05/29/2026,1 - 877,Registrado,05/29/2026,,,
,,,,,,,,,,,,,,,,,
,,,,,,,,,,,,,,,,,
,,,,,,,,,,,,,,,,,
,,,,,,,,,,,,,,,,,
739,Sol. de Gastos,04/29/2026,1 - 1260,Confirmado,04/30/2026,526 - 1,Normal,04/30/2026,735,Orden de Compra,05/04/2026,1 - 693,Registrado,05/04/2026,ALMAC - 23,Confirmada,05/13/2026
,,,,,,,,,,,,,,,,,
,,,,,,,,,,,,,,,,,
,,,,,,,,,,,,,,,,,
,,,,,,,,,,,,,,,,,
740,Sol. de Gastos,04/29/2026,1 - 1336,Confirmado,05/06/2026,539 - 1,Normal,05/06/2026,765,Orden de Compra,05/07/2026,1 - 720,Registrado,05/07/2026,INVEN - 1693,Normal,06/10/2026
,,,,,,,,,,,,,,,,,
,,,,,,,,,,,,,,,,,
,,,,,,,,,,,,,,,,,
,,,,,,,,,,,,,,,,,
741,Sol. de Gastos,04/29/2026,1 - 1555,Confirmado,05/20/2026,651 - 1,Normal,05/21/2026,880,Orden de Compra,05/22/2026,1 - 830,Registrado,05/22/2026,INVEN - 1839,Normal,06/26/2026
,,,,,,,,,,,,,,,,,
,,,,,,,,,,,,,,,,,
,,,,,,,,,,,,,,,,,
,,,,,,,,,,,,,,,,,
742,Ped. Suministros,04/29/2026,,,,,,,,,,,,,,,
,,,,,,,,,,,,,,,,,
,,,,,,,,,,,,,,,,,
743,Sol. de Gastos,04/29/2026,1 - 2614,Confirmado,08/21/2026,10000142 - 1,Normal,08/21/2026,1511,Orden de Compra,08/24/2026,1 - 1456,Registrado,08/24/2026,,,
,,,,,,,,,,,,,,,,,
,,,,,,,,,,,,,,,,,
,,,,,,,,,,,,,,,,,
,,,,,,,,,,,,,,,,,
744,Sol. de Gastos,04/29/2026,1 - 1343,Confirmado,05/06/2026,543 - 1,Normal,05/06/2026,933,Anulado,06/01/2026,1 - 880,Anulado,06/01/2026,,,
,,,,,,,,,,,,,,,,,
,,,,,,,,,,,,,,,,,
,,,,,,,,,,,,,,,,,
,,,,,,,,,946,Orden de Compra,06/02/2026,1 - 896,Registrado,06/02/2026,INVEN - 1773,Normal,06/17/2026
,,,,,,,,,,,,,,,,,
,,,,,,,,,,,,,,,,,
,,,,,,,,,,,,,,,,,
,,,,,,,,,,,,,,,,,
745,Sol. de Gastos,04/29/2026,1 - 1290,Confirmado,05/05/2026,534 - 1,Normal,05/05/2026,820,Orden de Compra,05/15/2026,1 - 771,Registrado,05/15/2026,INVEN - 1544,Normal,05/28/2026
,,,,,,,,,,,,,,,,,
,,,,,,,,,,,,,,,,,
,,,,,,,,,,,,,,,,,
,,,,,,,,,,,,,,,,,
746,Sol. de Gastos,04/29/2026,1 - 1445,Confirmado,05/13/2026,610 - 1,Normal,05/14/2026,940,Orden de Compra,06/02/2026,1 - 983,Registrado,06/18/2026,INVEN - 2162,Normal,07/30/2026
,,,,,,,,,,,,,,,,,
,,,,,,,,,,,,,,,INVEN - 2176,Normal,07/31/2026
,,,,,,,,,,,,,,,,,
,,,,,,,,,,,,,,,,,
,,,,,,,,,,,,,,,,,
,,,,,,,,,,,,,,,,,
747,Sol. de Gastos,04/29/2026,1 - 1263,Confirmado,04/30/2026,527 - 1,Normal,04/30/2026,771,Orden de Compra,05/07/2026,1 - 722,Registrado,05/07/2026,,,
,,,,,,,,,,,,,,,,,
,,,,,,,,,,,,,,,,,
,,,,,,,,,,,,,,,,,
,,,,,,,,,,,,,,,,,
748,Sol. de Gastos,04/29/2026,1 - 1723,Confirmado,06/02/2026,725 - 1,Normal,06/03/2026,967,Orden de Compra,06/04/2026,1 - 916,Registrado,06/04/2026,INVEN - 2292,Normal,08/11/2026
,,,,,,,,,,,,,,,,,
,,,,,,,,,,,,,,,,,
,,,,,,,,,,,,,,,,,
,,,,,,,,,,,,,,,,,
749,Sol. de Gastos,04/29/2026,1 - 1725,Confirmado,06/02/2026,717 - 1,Normal,06/03/2026,1182,Orden de Compra,07/14/2026,1 - 1141,Registrado,07/14/2026,,,
,,,,,,,,,,,,,,,,,
,,,,,,,,,,,,,,,,,
,,,,,,,,,,,,,,,,,
,,,,,,,,,1183,Orden de Compra,07/14/2026,1 - 1140,Registrado,07/14/2026,,,
,,,,,,,,,,,,,,,,,
,,,,,,,,,,,,,,,,,
,,,,,,,,,,,,,,,,,
,,,,,,,,,,,,,,,,,
750,Sol. de Gastos,04/30/2026,1 - 1483,Confirmado,05/15/2026,631 - 1,Normal,05/18/2026,948,Orden de Compra,06/02/2026,1 - 948,Registrado,06/10/2026,INVEN - 2323,Normal,08/12/2026
,,,,,,,,,,,,,,,,,
,,,,,,,,,,,,,,,INVEN - 2324,Normal,08/12/2026
,,,,,,,,,,,,,,,,,
,,,,,,,,,,,,,,,,,
,,,,,,,,,,,,,,,,,
,,,,,,,,,949,Orden de Compra,06/02/2026,1 - 949,Registrado,06/10/2026,INVEN - 1885,Normal,07/01/2026
,,,,,,,,,,,,,,,,,
,,,,,,,,,,,,,,,INVEN - 2069,Normal,07/22/2026
,,,,,,,,,,,,,,,,,
,,,,,,,,,,,,,,,INVEN - 2073,Normal,07/22/2026
,,,,,,,,,,,,,,,,,
,,,,,,,,,,,,,,,,,
,,,,,,,,,,,,,,,,,
,,,,,,,,,950,Orden de Compra,06/02/2026,1 - 950,Registrado,06/10/2026,INVEN - 2000,Normal,07/14/2026
,,,,,,,,,,,,,,,,,
,,,,,,,,,,,,,,,,,
,,,,,,,,,,,,,,,,,
,,,,,,,,,951,Orden de Compra,06/02/2026,1 - 951,Registrado,06/10/2026,INVEN - 1875,Normal,06/30/2026
,,,,,,,,,,,,,,,,,
,,,,,,,,,,,,,,,,,
,,,,,,,,,,,,,,,,,
,,,,,,,,,,,,,,,,,
751,Sol. de Gastos,04/30/2026,1 - 1747,Confirmado,06/03/2026,10000053 - 1,Normal,08/06/2026,1567,Anulado,08/26/2026,1 - 1503,Anulado,08/26/2026,,,
,,,,,,,,,,,,,,,,,
,,,,,,,,,,,,,,,,,
,,,,,,,,,,,,,,,,,
,,,,,,,,,1590,Orden de Compra,08/28/2026,1 - 1524,Registrado,08/28/2026,,,
,,,,,,,,,,,,,,,,,
,,,,,,,,,,,,,,,,,
,,,,,,,,,,,,,,,,,
,,,,,,,,,,,,,,,,,
752,Sol. de Gastos,04/30/2026,1 - 1294,Confirmado,05/05/2026,538 - 1,Normal,05/06/2026,,,,,,,,,
,,,,,,,,,,,,,,,,,
,,,,,,538 - 2,Normal,05/18/2026,854,Orden de Compra,05/20/2026,1 - 954,Registrado,06/11/2026,INVEN - 2012,Normal,07/15/2026
,,,,,,,,,,,,,,,,,
,,,,,,,,,,,,,,,,,
,,,,,,,,,,,,,,,,,
,,,,,,,,,,,,,,,,,
753,Sol. de Gastos,04/30/2026,1 - 1406,Confirmado,05/12/2026,589 - 1,Normal,05/13/2026,917,Orden de Compra,05/28/2026,1 - 862,Registrado,05/28/2026,INVEN - 1683,Normal,06/10/2026
,,,,,,,,,,,,,,,,,
,,,,,,,,,,,,,,,,,
,,,,,,,,,,,,,,,,,
,,,,,,,,,,,,,,,,,
754,Ped. Suministros,04/30/2026,,,,,,,,,,,,,,,
,,,,,,,,,,,,,,,,,
,,,,,,,,,,,,,,,,,
755,Sol. de Gastos,04/30/2026,1 - 1463,Confirmado,05/14/2026,595 - 1,Anulado,05/14/2026,,,,,,,,,
,,,,,,,,,,,,,,,,,
,,,,,,597 - 1,Normal,05/14/2026,1371,Orden de Compra,08/06/2026,1 - 1317,Registrado,08/06/2026,,,
,,,,,,,,,,,,,,,,,
,,,,,,,,,,,,,,,,,
,,,,,,,,,,,,,,,,,
,,,,,,,,,,,,,,,,,
756,Sol. de Gastos,04/30/2026,1 - 1658,Confirmado,05/28/2026,810 - 1,Normal,06/24/2026,1533,Anulado,08/25/2026,,,,,,
,,,,,,,,,,,,,,,,,
,,,,,,,,,1535,Anulado,08/25/2026,,,,,,
,,,,,,,,,,,,,,,,,
,,,,,,,,,1536,Anulado,08/25/2026,,,,,,
,,,,,,,,,,,,,,,,,
,,,,,,,,,1538,Anulado,08/25/2026,,,,,,
,,,,,,,,,,,,,,,,,
,,,,,,,,,1539,Anulado,08/25/2026,,,,,,
,,,,,,,,,,,,,,,,,
,,,,,,,,,1546,Normal,08/25/2026,,,,,,
,,,,,,,,,,,,,,,,,
,,,,,,,,,1547,Normal,08/25/2026,,,,,,
,,,,,,,,,,,,,,,,,
,,,,,,,,,1548,Normal,08/25/2026,,,,,,
,,,,,,,,,,,,,,,,,
,,,,,,,,,1550,Normal,08/25/2026,,,,,,
,,,,,,,,,,,,,,,,,
,,,,,,,,,1551,Normal,08/25/2026,,,,,,
,,,,,,,,,,,,,,,,,
,,,,,,,,,1552,Normal,08/25/2026,,,,,,
,,,,,,,,,,,,,,,,,
,,,,,,,,,1553,Normal,08/25/2026,,,,,,
,,,,,,,,,,,,,,,,,
,,,,,,,,,1554,Normal,08/25/2026,,,,,,
,,,,,,,,,,,,,,,,,
,,,,,,,,,1555,Normal,08/25/2026,,,,,,
,,,,,,,,,,,,,,,,,
,,,,,,,,,,,,,,,,,
757,Ped. Suministros,04/30/2026,,,,,,,,,,,,,,,
,,,,,,,,,,,,,,,,,
,,,,,,,,,,,,,,,,,
758,Sol. de Gastos,05/04/2026,1 - 1441,Confirmado,05/13/2026,599 - 1,Normal,05/14/2026,824,Anulado,05/18/2026,1 - 775,Anulado,05/18/2026,,,
,,,,,,,,,,,,,,,,,
,,,,,,,,,,,,,,,,,
,,,,,,,,,,,,,,,,,
,,,,,,,,,845,Orden de Compra,05/19/2026,1 - 793,Registrado,05/19/2026,,,
,,,,,,,,,,,,,,,,,
,,,,,,,,,,,,,,,,,
,,,,,,,,,,,,,,,,,
,,,,,,,,,,,,,,,,,
759,Sol. de Gastos,05/04/2026,1 - 1647,Confirmado,05/27/2026,688 - 1,Normal,05/28/2026,955,Orden de Compra,06/02/2026,1 - 900,Registrado,06/02/2026,,,
,,,,,,,,,,,,,,,,,
,,,,,,,,,,,,,,,,,
,,,,,,,,,,,,,,,,,
,,,,,,,,,,,,,,,,,
760,Ped. Suministros,05/04/2026,,,,,,,,,,,,,,,
,,,,,,,,,,,,,,,,,
,,,,,,,,,,,,,,,,,
761,Sol. de Gastos,05/04/2026,1 - 1651,Confirmado,05/28/2026,683 - 1,Normal,05/28/2026,920,Orden de Compra,05/29/2026,1 - 866,Registrado,05/29/2026,INVEN - 1662,Normal,06/08/2026
,,,,,,,,,,,,,,,,,
,,,,,,,,,,,,,,,,,
,,,,,,,,,,,,,,,,,
,,,,,,,,,,,,,,,,,
762,Sol. de Gastos,05/04/2026,1 - 1652,Confirmado,05/28/2026,692 - 1,Normal,05/29/2026,992,Anulado,06/08/2026,1 - 938,Anulado,06/08/2026,,,
,,,,,,,,,,,,,,,,,
,,,,,,,,,,,,,,,,,
,,,,,,,,,,,,,,,,,
,,,,,,,,,993,Anulado,06/08/2026,1 - 939,Anulado,06/08/2026,,,
,,,,,,,,,,,,,,,,,
,,,,,,,,,,,,,,,,,
,,,,,,,,,,,,,,,,,
,,,,,,,,,996,Orden de Compra,06/09/2026,1 - 942,Registrado,06/09/2026,,,
,,,,,,,,,,,,,,,,,
,,,,,,,,,,,,,,,,,
,,,,,,,,,,,,,,,,,
,,,,,,,,,997,Orden de Compra,06/09/2026,1 - 943,Registrado,06/09/2026,INVEN - 2390,Normal,08/20/2026
,,,,,,,,,,,,,,,,,
,,,,,,,,,,,,,,,,,
,,,,,,,,,,,,,,,,,
,,,,,,,,,,,,,,,,,
763,Ped. Suministros,05/04/2026,,,,,,,,,,,,,,,
,,,,,,,,,,,,,,,,,
,,,,,,,,,,,,,,,,,
764,Sol. de Gastos,05/04/2026,1 - 2613,Confirmado,08/21/2026,10000144 - 1,Normal,08/21/2026,,,,,,,,,
,,,,,,,,,,,,,,,,,
,,,,,,,,,,,,,,,,,
765,Ped. Suministros,05/04/2026,,,,,,,,,,,,,,,
,,,,,,,,,,,,,,,,,
,,,,,,,,,,,,,,,,,
766,Sol. de Gastos,05/04/2026,1 - 1446,Confirmado,05/13/2026,606 - 1,Normal,05/14/2026,936,Orden de Compra,06/01/2026,1 - 882,Registrado,06/01/2026,INVEN - 1768,Normal,06/16/2026
,,,,,,,,,,,,,,,,,
,,,,,,,,,,,,,,,,,
,,,,,,,,,,,,,,,,,
,,,,,,,,,,,,,,,,,
767,Sol. de Gastos,05/04/2026,1 - 1966,Confirmado,06/25/2026,815 - 1,Normal,06/25/2026,1087,Orden de Compra,06/29/2026,1 - 1041,Registrado,06/29/2026,INVEN - 1993,Normal,07/13/2026
,,,,,,,,,,,,,,,,,
,,,,,,,,,,,,,,,,,
,,,,,,,,,,,,,,,,,
,,,,,,,,,,,,,,,,,
768,Sol. de Gastos,05/05/2026,1 - 1355,Confirmado,05/06/2026,544 - 1,Normal,05/06/2026,763,Orden de Compra,05/07/2026,1 - 718,Registrado,05/07/2026,INVEN - 1333,Normal,05/14/2026
,,,,,,,,,,,,,,,,,
,,,,,,,,,,,,,,,INVEN - 1529,Normal,05/28/2026
,,,,,,,,,,,,,,,,,
,,,,,,,,,,,,,,,,,
,,,,,,,,,,,,,,,,,
,,,,,,,,,,,,,,,,,
769,Ped. Suministros,05/05/2026,,,,,,,,,,,,,,,
,,,,,,,,,,,,,,,,,
,,,,,,,,,,,,,,,,,
770,Sol. de Gastos,05/05/2026,1 - 1496,Confirmado,05/18/2026,639 - 1,Normal,05/19/2026,907,Orden de Compra,05/27/2026,1 - 852,Registrado,05/27/2026,INVEN - 1701,Normal,06/10/2026
,,,,,,,,,,,,,,,,,
,,,,,,,,,,,,,,,,,
,,,,,,,,,,,,,,,,,
,,,,,,,,,,,,,,,,,
771,Sol. de Gastos,05/05/2026,1 - 1497,Confirmado,05/18/2026,635 - 1,Normal,05/19/2026,858,Orden de Compra,05/20/2026,1 - 807,Registrado,05/20/2026,INVEN - 1586,Normal,06/02/2026
,,,,,,,,,,,,,,,,,
,,,,,,,,,,,,,,,,,
,,,,,,,,,,,,,,,,,
,,,,,,,,,,,,,,,,,
772,Sol. de Gastos,05/05/2026,1 - 1498,Confirmado,05/18/2026,640 - 1,Normal,05/19/2026,908,Orden de Compra,05/27/2026,1 - 853,Registrado,05/27/2026,INVEN - 1695,Normal,06/10/2026
,,,,,,,,,,,,,,,,,
,,,,,,,,,,,,,,,,,
,,,,,,,,,,,,,,,,,
,,,,,,,,,,,,,,,,,
773,Sol. de Gastos,05/05/2026,1 - 1499,Confirmado,05/18/2026,636 - 1,Normal,05/19/2026,904,Orden de Compra,05/27/2026,1 - 849,Registrado,05/27/2026,INVEN - 1698,Normal,06/10/2026
,,,,,,,,,,,,,,,,,
,,,,,,,,,,,,,,,,,
,,,,,,,,,,,,,,,,,
,,,,,,,,,,,,,,,,,
774,Sol. de Gastos,05/05/2026,1 - 1500,Confirmado,05/18/2026,641 - 1,Normal,05/19/2026,909,Orden de Compra,05/27/2026,1 - 854,Registrado,05/27/2026,INVEN - 1697,Normal,06/10/2026
,,,,,,,,,,,,,,,,,
,,,,,,,,,,,,,,,,,
,,,,,,,,,,,,,,,,,
,,,,,,,,,,,,,,,,,
775,Sol. de Gastos,05/05/2026,1 - 2244,Confirmado,07/16/2026,922 - 1,Normal,07/17/2026,1218,Orden de Compra,07/17/2026,1 - 1169,Registrado,07/17/2026,INVEN - 2178,Normal,07/31/2026
,,,,,,,,,,,,,,,,,
,,,,,,,,,,,,,,,,,
,,,,,,,,,,,,,,,,,
,,,,,,,,,,,,,,,,,
776,Sol. de Gastos,05/05/2026,1 - 1501,Confirmado,05/18/2026,637 - 1,Normal,05/19/2026,905,Orden de Compra,05/27/2026,1 - 850,Registrado,05/27/2026,INVEN - 1699,Normal,06/10/2026
,,,,,,,,,,,,,,,,,
,,,,,,,,,,,,,,,,,
,,,,,,,,,,,,,,,,,
,,,,,,,,,,,,,,,,,
777,Sol. de Gastos,05/05/2026,1 - 1502,Confirmado,05/18/2026,638 - 1,Normal,05/19/2026,906,Orden de Compra,05/27/2026,1 - 851,Registrado,05/27/2026,INVEN - 1700,Normal,06/10/2026
,,,,,,,,,,,,,,,,,
,,,,,,,,,,,,,,,,,
,,,,,,,,,,,,,,,,,
,,,,,,,,,,,,,,,,,
778,Sol. de Gastos,05/05/2026,1 - 2551,Confirmado,08/12/2026,10000087 - 1,Normal,08/12/2026,1549,Orden de Compra,08/25/2026,1 - 1486,Registrado,08/25/2026,,,
,,,,,,,,,,,,,,,,,
,,,,,,,,,,,,,,,,,
,,,,,,,,,,,,,,,,,
,,,,,,,,,,,,,,,,,
779,Sol. de Gastos,05/05/2026,1 - 1544,Confirmado,05/20/2026,647 - 1,Normal,05/20/2026,873,Orden de Compra,05/22/2026,1 - 825,Registrado,05/22/2026,INVEN - 1591,Normal,06/02/2026
,,,,,,,,,,,,,,,,,
,,,,,,,,,,,,,,,,,
,,,,,,,,,,,,,,,,,
,,,,,,,,,,,,,,,,,
780,Sol. de Gastos,05/05/2026,1 - 1414,Confirmado,05/12/2026,572 - 1,Normal,05/13/2026,852,Orden de Compra,05/19/2026,1 - 802,Registrado,05/19/2026,,,
,,,,,,,,,,,,,,,,,
,,,,,,,,,,,,,,,,,
,,,,,,,,,,,,,,,,,
,,,,,,,,,,,,,,,,,
781,Sol. de Gastos,05/05/2026,1 - 1401,Confirmado,05/12/2026,564 - 1,Normal,05/12/2026,786,Orden de Compra,05/12/2026,1 - 739,Registrado,05/12/2026,INVEN - 1804,Normal,06/23/2026
,,,,,,,,,,,,,,,,,
,,,,,,,,,,,,,,,,,
,,,,,,,,,,,,,,,,,
,,,,,,,,,,,,,,,,,
782,Sol. de Gastos,05/05/2026,1 - 1653,Confirmado,05/28/2026,681 - 1,Normal,05/28/2026,998,Orden de Compra,06/09/2026,1 - 944,Registrado,06/09/2026,,,
,,,,,,,,,,,,,,,,,
,,,,,,,,,,,,,,,,,
,,,,,,,,,,,,,,,,,
,,,,,,,,,,,,,,,,,
783,Sol. de Gastos,05/06/2026,1 - 1413,Confirmado,05/12/2026,570 - 1,Normal,05/13/2026,901,Orden de Compra,05/27/2026,1 - 905,Registrado,06/03/2026,INVEN - 1921,Normal,07/03/2026
,,,,,,,,,,,,,,,,,
,,,,,,,,,,,,,,,INVEN - 1952,Normal,07/08/2026
,,,,,,,,,,,,,,,,,
,,,,,,,,,,,,,,,INVEN - 2278,Normal,08/10/2026
,,,,,,,,,,,,,,,,,
,,,,,,,,,,,,,,,INVEN - 2279,Normal,08/10/2026
,,,,,,,,,,,,,,,,,
,,,,,,,,,,,,,,,INVEN - 2280,Normal,08/10/2026
,,,,,,,,,,,,,,,,,
,,,,,,,,,,,,,,,INVEN - 2281,Normal,08/10/2026
,,,,,,,,,,,,,,,,,
,,,,,,,,,,,,,,,INVEN - 2282,Normal,08/10/2026
,,,,,,,,,,,,,,,,,
,,,,,,,,,,,,,,,INVEN - 2283,Normal,08/10/2026
,,,,,,,,,,,,,,,,,
,,,,,,,,,,,,,,,INVEN - 2284,Normal,08/10/2026
,,,,,,,,,,,,,,,,,
,,,,,,,,,,,,,,,INVEN - 2289,Normal,08/10/2026
,,,,,,,,,,,,,,,,,
,,,,,,,,,,,,,,,INVEN - 2303,Normal,08/12/2026
,,,,,,,,,,,,,,,,,
,,,,,,,,,,,,,,,,,
,,,,,,,,,,,,,,,,,
,,,,,,,,,902,Orden de Compra,05/27/2026,1 - 906,Registrado,06/03/2026,INVEN - 2210,Normal,08/05/2026
,,,,,,,,,,,,,,,,,
,,,,,,,,,,,,,,,,,
,,,,,,,,,,,,,,,,,
,,,,,,,,,903,Orden de Compra,05/27/2026,1 - 907,Registrado,06/03/2026,INVEN - 1803,Normal,06/23/2026
,,,,,,,,,,,,,,,,,
,,,,,,,,,,,,,,,INVEN - 1899,Anulada,07/02/2026
,,,,,,,,,,,,,,,,,
,,,,,,,,,,,,,,,INVEN - 1900,Normal,07/02/2026
,,,,,,,,,,,,,,,,,
,,,,,,,,,,,,,,,INVEN - 1907,Normal,07/02/2026
,,,,,,,,,,,,,,,,,
,,,,,,,,,,,,,,,INVEN - 1983,Normal,07/13/2026
,,,,,,,,,,,,,,,,,
,,,,,,,,,,,,,,,INVEN - 1992,Normal,07/13/2026
,,,,,,,,,,,,,,,,,
,,,,,,,,,,,,,,,INVEN - 1994,Normal,07/13/2026
,,,,,,,,,,,,,,,,,
,,,,,,,,,,,,,,,INVEN - 2161,Normal,07/30/2026
,,,,,,,,,,,,,,,,,
,,,,,,,,,,,,,,,INVEN - 2328,Normal,08/13/2026
,,,,,,,,,,,,,,,,,
,,,,,,,,,,,,,,,INVEN - 2329,Normal,08/13/2026
,,,,,,,,,,,,,,,,,
,,,,,,,,,,,,,,,INVEN - 2384,Normal,08/20/2026
,,,,,,,,,,,,,,,,,
,,,,,,,,,,,,,,,,,
,,,,,,,,,,,,,,,,,
,,,,,,,,,,,,,,,,,
784,Sol. de Gastos,05/06/2026,1 - 1375,Confirmado,05/07/2026,553 - 1,Normal,05/07/2026,837,Orden de Compra,05/18/2026,1 - 787,Registrado,05/18/2026,INVEN - 2165,Normal,07/30/2026
,,,,,,,,,,,,,,,,,
,,,,,,,,,,,,,,,,,
,,,,,,,,,,,,,,,,,
,,,,,,,,,838,Orden de Compra,05/18/2026,1 - 788,Registrado,05/18/2026,INVEN - 1639,Normal,06/05/2026
,,,,,,,,,,,,,,,,,
,,,,,,,,,,,,,,,,,
,,,,,,,,,,,,,,,,,
,,,,,,,,,839,Orden de Compra,05/18/2026,1 - 789,Registrado,05/18/2026,INVEN - 1842,Normal,06/26/2026
,,,,,,,,,,,,,,,,,
,,,,,,,,,,,,,,,,,
,,,,,,,,,,,,,,,,,
,,,,,,,,,,,,,,,,,
785,Sol. de Gastos,05/06/2026,1 - 1415,Confirmado,05/12/2026,596 - 1,Normal,05/14/2026,833,Anulado,05/18/2026,1 - 783,Anulado,05/18/2026,,,
,,,,,,,,,,,,,,,,,
,,,,,,,,,,,,,,,,,
,,,,,,,,,,,,,,,,,
,,,,,,,,,834,Orden de Compra,05/18/2026,1 - 784,Registrado,05/18/2026,INVEN - 2356,Normal,08/14/2026
,,,,,,,,,,,,,,,,,
,,,,,,,,,,,,,,,,,
,,,,,,,,,,,,,,,,,
,,,,,,,,,,,,,,,,,
786,Sol. de Gastos,05/06/2026,1 - 1370,Confirmado,05/06/2026,547 - 1,Normal,05/07/2026,836,Orden de Compra,05/18/2026,1 - 786,Registrado,05/18/2026,INVEN - 1480,Normal,05/22/2026
,,,,,,,,,,,,,,,,,
,,,,,,,,,,,,,,,,,
,,,,,,,,,,,,,,,,,
,,,,,,,,,,,,,,,,,
787,Sol. de Gastos,05/06/2026,1 - 1384,Confirmado,05/08/2026,555 - 1,Normal,05/08/2026,790,Orden de Compra,05/13/2026,1 - 742,Registrado,05/13/2026,INVEN - 1354,Normal,05/15/2026
,,,,,,,,,,,,,,,,,
,,,,,,,,,,,,,,,INVEN - 1355,Normal,05/15/2026
,,,,,,,,,,,,,,,,,
,,,,,,,,,,,,,,,,,
,,,,,,,,,,,,,,,,,
,,,,,,,,,,,,,,,,,
788,Sol. de Gastos,05/06/2026,1 - 1545,Confirmado,05/20/2026,649 - 1,Normal,05/20/2026,1028,Anulado,06/18/2026,1 - 977,Anulado,06/18/2026,,,
,,,,,,,,,,,,,,,,,
,,,,,,,,,,,,,,,,,
,,,,,,,,,,,,,,,,,
,,,,,,,,,1046,Orden de Compra,06/19/2026,1 - 1000,Registrado,06/19/2026,INVEN - 1985,Normal,07/13/2026
,,,,,,,,,,,,,,,,,
,,,,,,,,,,,,,,,INVEN - 1986,Normal,07/13/2026
,,,,,,,,,,,,,,,,,
,,,,,,,,,,,,,,,,,
,,,,,,,,,,,,,,,,,
,,,,,,,,,,,,,,,,,
789,Sol. de Gastos,05/06/2026,1 - 1383,Confirmado,05/08/2026,557 - 1,Normal,05/08/2026,789,Orden de Compra,05/13/2026,1 - 865,Registrado,05/28/2026,INVEN - 1817,Normal,06/24/2026
,,,,,,,,,,,,,,,,,
,,,,,,,,,,,,1 - 817,Anulado,05/21/2026,,,
,,,,,,,,,,,,,,,,,
,,,,,,,,,,,,,,,,,
,,,,,,,,,,,,,,,,,
,,,,,,,,,,,,,,,,,
790,Sol. de Gastos,05/06/2026,1 - 1702,Confirmado,06/02/2026,721 - 1,Normal,06/03/2026,975,Orden de Compra,06/04/2026,1 - 924,Registrado,06/04/2026,INVEN - 1881,Normal,06/30/2026
,,,,,,,,,,,,,,,,,
,,,,,,,,,,,,,,,INVEN - 2499,Normal,08/31/2026
,,,,,,,,,,,,,,,,,
,,,,,,,,,,,,,,,,,
,,,,,,,,,,,,,,,,,
,,,,,,,,,,,,,,,,,
791,Sol. de Gastos,05/06/2026,1 - 1693,Confirmado,06/02/2026,706 - 1,Normal,06/03/2026,962,Orden de Compra,06/03/2026,1 - 911,Registrado,06/03/2026,INVEN - 1975,Normal,07/08/2026
,,,,,,,,,,,,,,,,,
,,,,,,,,,,,,,,,,,
,,,,,,,,,,,,,,,,,
,,,,,,,,,,,,,,,,,
792,Sol. de Gastos,05/06/2026,1 - 1492,Confirmado,05/18/2026,633 - 1,Normal,05/19/2026,864,Orden de Compra,05/21/2026,1 - 813,Registrado,05/21/2026,INVEN - 1692,Normal,06/10/2026
,,,,,,,,,,,,,,,,,
,,,,,,,,,,,,,,,,,
,,,,,,,,,,,,,,,,,
,,,,,,,,,,,,,,,,,
793,Sol. de Gastos,05/06/2026,1 - 1462,Confirmado,05/14/2026,598 - 1,Normal,05/14/2026,1314,Orden de Compra,07/29/2026,1 - 1267,Registrado,07/29/2026,,,
,,,,,,,,,,,,,,,,,
,,,,,,,,,,,,,,,,,
,,,,,,,,,,,,,,,,,
,,,,,,,,,,,,,,,,,
794,Sol. de Gastos,05/06/2026,1 - 2405,Confirmado,07/31/2026,10000004 - 1,Normal,08/03/2026,1409,Orden de Compra,08/10/2026,1 - 1348,Registrado,08/10/2026,,,
,,,,,,,,,,,,,,,,,
,,,,,,,,,,,,,,,,,
,,,,,,,,,,,,,,,,,
,,,,,,,,,,,,,,,,,
795,Sol. de Gastos,05/06/2026,1 - 1816,Confirmado,06/10/2026,744 - 1,Normal,06/11/2026,1047,Orden de Compra,06/19/2026,1 - 999,Registrado,06/19/2026,,,
,,,,,,,,,,,,,,,,,
,,,,,,,,,,,,,,,,,
,,,,,,,,,,,,,,,,,
,,,,,,,,,,,,,,,,,
796,Sol. de Gastos,05/06/2026,1 - 1701,Confirmado,06/02/2026,723 - 1,Normal,06/03/2026,976,Orden de Compra,06/04/2026,1 - 925,Registrado,06/04/2026,,,
,,,,,,,,,,,,,,,,,
,,,,,,,,,,,,,,,,,
,,,,,,,,,,,,,,,,,
,,,,,,,,,,,,,,,,,
797,Sol. de Gastos,05/06/2026,1 - 1977,Confirmado,06/25/2026,829 - 1,Normal,06/26/2026,1106,Orden de Compra,07/01/2026,1 - 1065,Registrado,07/01/2026,INVEN - 2046,Normal,07/20/2026
,,,,,,,,,,,,,,,,,
,,,,,,,,,,,,,,,,,
,,,,,,,,,,,,,,,,,
,,,,,,,,,1107,Orden de Compra,07/01/2026,1 - 1066,Registrado,07/01/2026,INVEN - 2076,Normal,07/22/2026
,,,,,,,,,,,,,,,,,
,,,,,,,,,,,,,,,,,
,,,,,,,,,,,,,,,,,
,,,,,,,,,,,,,,,,,
798,Sol. de Gastos,05/06/2026,1 - 1479,Confirmado,05/15/2026,625 - 1,Normal,05/15/2026,825,Orden de Compra,05/18/2026,1 - 776,Registrado,05/18/2026,INVEN - 1911,Normal,07/03/2026
,,,,,,,,,,,,,,,,,
,,,,,,,,,,,,,,,,,
,,,,,,,,,,,,,,,,,
,,,,,,,,,,,,,,,,,
799,Ped. Suministros,05/06/2026,,,,,,,,,,,,,,,
,,,,,,,,,,,,,,,,,
,,,,,,,,,,,,,,,,,
800,Sol. de Gastos,05/06/2026,1 - 1608,Confirmado,05/22/2026,671 - 1,Normal,05/26/2026,922,Orden de Compra,05/29/2026,1 - 869,Registrado,05/29/2026,INVEN - 1893,Normal,07/01/2026
,,,,,,,,,,,,,,,,,
,,,,,,,,,,,,,,,INVEN - 2179,Normal,07/31/2026
,,,,,,,,,,,,,,,,,
,,,,,,,,,,,,,,,,,
,,,,,,,,,,,,,,,,,
,,,,,,,,,923,Orden de Compra,05/29/2026,1 - 870,Registrado,05/29/2026,INVEN - 1858,Normal,06/29/2026
,,,,,,,,,,,,,,,,,
,,,,,,,,,,,,,,,INVEN - 2251,Normal,08/07/2026
,,,,,,,,,,,,,,,,,
,,,,,,,,,,,,,,,,,
,,,,,,,,,,,,,,,,,
,,,,,,,,,924,Orden de Compra,05/29/2026,1 - 871,Registrado,05/29/2026,INVEN - 1889,Normal,07/01/2026
,,,,,,,,,,,,,,,,,
,,,,,,,,,,,,,,,INVEN - 2446,Normal,08/27/2026
,,,,,,,,,,,,,,,,,
,,,,,,,,,,,,,,,,,
,,,,,,,,,,,,,,,,,
,,,,,,,,,,,,,,,,,
801,Sol. de Gastos,05/06/2026,1 - 1610,Confirmado,05/22/2026,659 - 1,Normal,05/22/2026,925,Orden de Compra,05/29/2026,1 - 872,Registrado,05/29/2026,INVEN - 1888,Normal,07/01/2026
,,,,,,,,,,,,,,,,,
,,,,,,,,,,,,,,,,,
,,,,,,,,,,,,,,,,,
,,,,,,,,,,,,,,,,,
802,Sol. de Gastos,05/07/2026,1 - 1748,Confirmado,06/03/2026,786 - 1,Normal,06/18/2026,1102,Orden de Compra,06/30/2026,1 - 1093,Registrado,07/06/2026,INVEN - 2095,Normal,07/23/2026
,,,,,,,,,,,,,,,,,
,,,,,,,,,,,,,,,INVEN - 2208,Normal,08/05/2026
,,,,,,,,,,,,,,,,,
,,,,,,,,,,,,1 - 1061,Anulado,06/30/2026,,,
,,,,,,,,,,,,,,,,,
,,,,,,,,,,,,,,,,,
,,,,,,,,,,,,,,,,,
,,,,,,,,,1103,Orden de Compra,06/30/2026,1 - 1094,Registrado,07/06/2026,INVEN - 2104,Normal,07/23/2026
,,,,,,,,,,,,,,,,,
,,,,,,,,,,,,,,,INVEN - 2105,Normal,07/23/2026
,,,,,,,,,,,,,,,,,
,,,,,,,,,,,,,,,INVEN - 2205,Normal,08/04/2026
,,,,,,,,,,,,,,,,,
,,,,,,,,,,,,,,,INVEN - 2315,Normal,08/12/2026
,,,,,,,,,,,,,,,,,
,,,,,,,,,,,,,,,INVEN - 2473,Normal,08/27/2026
,,,,,,,,,,,,,,,,,
,,,,,,,,,,,,,,,INVEN - 2474,Normal,08/27/2026
,,,,,,,,,,,,,,,,,
,,,,,,,,,,,,1 - 1062,Anulado,06/30/2026,,,
,,,,,,,,,,,,,,,,,
,,,,,,,,,,,,,,,,,
,,,,,,,,,,,,,,,,,
,,,,,,,,,,,,,,,,,
803,Ped. Suministros,05/07/2026,1 - 1412,Anulado,05/12/2026,574 - 1,Anulado,05/13/2026,,,,,,,,,
,,,,,,,,,,,,,,,,,
,,,,,,,,,,,,,,,,,
804,Ped. Suministros,05/07/2026,,,,,,,,,,,,,,,
,,,,,,,,,,,,,,,,,
,,,,,,,,,,,,,,,,,
805,Sol. de Gastos,05/07/2026,1 - 1746,Confirmado,06/03/2026,778 - 1,Normal,06/18/2026,1199,Anulado,07/15/2026,,,,,,
,,,,,,,,,,,,,,,,,
,,,,,,,,,1200,Anulado,07/15/2026,,,,,,
,,,,,,,,,,,,,,,,,
,,,,,,,,,1201,Anulado,07/15/2026,,,,,,
,,,,,,,,,,,,,,,,,
,,,,,,,,,1202,Anulado,07/15/2026,,,,,,
,,,,,,,,,,,,,,,,,
,,,,,,,,,1203,Anulado,07/15/2026,,,,,,
,,,,,,,,,,,,,,,,,
,,,,,,,,,1204,Anulado,07/15/2026,,,,,,
,,,,,,,,,,,,,,,,,
,,,,,,,,,1205,Anulado,07/15/2026,,,,,,
,,,,,,,,,,,,,,,,,
,,,,,,,,,1207,Anulado,07/15/2026,1 - 1202,Anulado,07/22/2026,,,
,,,,,,,,,,,,,,,,,
,,,,,,,,,,,,1 - 1157,Anulado,07/15/2026,,,
,,,,,,,,,,,,,,,,,
,,,,,,,,,,,,,,,,,
,,,,,,,,,,,,,,,,,
,,,,,,,,,1208,Anulado,07/15/2026,1 - 1203,Anulado,07/22/2026,,,
,,,,,,,,,,,,,,,,,
,,,,,,,,,,,,1 - 1158,Anulado,07/15/2026,,,
,,,,,,,,,,,,,,,,,
,,,,,,,,,,,,,,,,,
,,,,,,,,,,,,,,,,,
,,,,,,,,,1209,Anulado,07/15/2026,1 - 1205,Anulado,07/22/2026,,,
,,,,,,,,,,,,,,,,,
,,,,,,,,,,,,1 - 1159,Anulado,07/15/2026,,,
,,,,,,,,,,,,,,,,,
,,,,,,,,,,,,,,,,,
,,,,,,,,,,,,,,,,,
,,,,,,,,,1210,Anulado,07/15/2026,1 - 1206,Anulado,07/22/2026,,,
,,,,,,,,,,,,,,,,,
,,,,,,,,,,,,1 - 1160,Anulado,07/15/2026,,,
,,,,,,,,,,,,,,,,,
,,,,,,,,,,,,,,,,,
,,,,,,,,,,,,,,,,,
,,,,,,,,,1211,Anulado,07/15/2026,1 - 1204,Anulado,07/22/2026,,,
,,,,,,,,,,,,,,,,,
,,,,,,,,,,,,1 - 1161,Anulado,07/15/2026,,,
,,,,,,,,,,,,,,,,,
,,,,,,,,,,,,,,,,,
,,,,,,,,,,,,,,,,,
,,,,,,,,,1272,Orden de Compra,07/23/2026,1 - 1223,Registrado,07/23/2026,INVEN - 2361,Normal,08/19/2026
,,,,,,,,,,,,,,,,,
,,,,,,,,,,,,,,,,,
,,,,,,,,,,,,,,,,,
,,,,,,,,,1273,Orden de Compra,07/23/2026,1 - 1224,Registrado,07/23/2026,,,
,,,,,,,,,,,,,,,,,
,,,,,,,,,,,,,,,,,
,,,,,,,,,,,,,,,,,
,,,,,,,,,1274,Orden de Compra,07/23/2026,1 - 1225,Registrado,07/23/2026,INVEN - 2342,Normal,08/14/2026
,,,,,,,,,,,,,,,,,
,,,,,,,,,,,,,,,,,
,,,,,,,,,,,,,,,,,
,,,,,,,,,1275,Orden de Compra,07/23/2026,1 - 1227,Registrado,07/23/2026,,,
,,,,,,,,,,,,,,,,,
,,,,,,,,,,,,,,,,,
,,,,,,,,,,,,,,,,,
,,,,,,,,,1276,Orden de Compra,07/23/2026,1 - 1226,Registrado,07/23/2026,INVEN - 2485,Normal,08/27/2026
,,,,,,,,,,,,,,,,,
,,,,,,,,,,,,,,,,,
,,,,,,,,,,,,,,,,,
,,,,,,,,,,,,,,,,,
806,Sol. de Gastos,05/07/2026,1 - 1385,Confirmado,05/08/2026,556 - 1,Normal,05/08/2026,788,Orden de Compra,05/13/2026,1 - 741,Registrado,05/13/2026,INVEN - 1356,Normal,05/15/2026
,,,,,,,,,,,,,,,,,
,,,,,,,,,,,,,,,,,
,,,,,,,,,,,,,,,,,
,,,,,,,,,,,,,,,,,
808,Ped. Suministros,05/07/2026,,,,,,,,,,,,,,,
,,,,,,,,,,,,,,,,,
,,,,,,,,,,,,,,,,,
809,Sol. de Gastos,05/07/2026,1 - 2372,Confirmado,07/31/2026,10000022 - 1,Normal,08/04/2026,1398,Orden de Compra,08/10/2026,1 - 1340,Registrado,08/10/2026,INVEN - 2457,Normal,08/27/2026
,,,,,,,,,,,,,,,,,
,,,,,,,,,,,,,,,,,
,,,,,,,,,,,,,,,,,
,,,,,,,,,,,,,,,,,
810,Sol. de Gastos,05/07/2026,1 - 1394,Confirmado,05/08/2026,559 - 1,Normal,05/11/2026,781,Orden de Compra,05/12/2026,1 - 736,Registrado,05/12/2026,,,
,,,,,,,,,,,,,,,,,
,,,,,,,,,,,,,,,,,
,,,,,,,,,,,,,,,,,
,,,,,,,,,,,,,,,,,
811,Sol. de Gastos,05/07/2026,1 - 1745,Confirmado,06/03/2026,918 - 1,Normal,07/15/2026,1307,Orden de Compra,07/28/2026,1 - 1260,Registrado,07/28/2026,,,
,,,,,,,,,,,,,,,,,
,,,,,,,,,,,,,,,,,
,,,,,,,,,,,,,,,,,
,,,,,,,,,1308,Orden de Compra,07/28/2026,1 - 1261,Registrado,07/28/2026,,,
,,,,,,,,,,,,,,,,,
,,,,,,,,,,,,,,,,,
,,,,,,,,,,,,,,,,,
,,,,,,,,,1309,Orden de Compra,07/28/2026,1 - 1262,Registrado,07/28/2026,INVEN - 2391,Normal,08/20/2026
,,,,,,,,,,,,,,,,,
,,,,,,,,,,,,,,,INVEN - 2392,Normal,08/20/2026
,,,,,,,,,,,,,,,,,
,,,,,,,,,,,,,,,,,
,,,,,,,,,,,,,,,,,
,,,,,,,,,1310,Orden de Compra,07/28/2026,1 - 1263,Registrado,07/28/2026,INVEN - 2383,Normal,08/20/2026
,,,,,,,,,,,,,,,,,
,,,,,,,,,,,,,,,,,
,,,,,,,,,,,,,,,,,
,,,,,,,,,,,,,,,,,
812,Ped. Suministros,05/07/2026,,,,,,,,,,,,,,,
,,,,,,,,,,,,,,,,,
,,,,,,,,,,,,,,,,,
813,Sol. de Gastos,05/07/2026,1 - 1609,Confirmado,05/22/2026,661 - 1,Normal,05/22/2026,958,Orden de Compra,06/03/2026,1 - 903,Registrado,06/03/2026,INVEN - 2277,Normal,08/10/2026
,,,,,,,,,,,,,,,,,
,,,,,,,,,,,,,,,,,
,,,,,,,,,,,,,,,,,
,,,,,,,,,959,Orden de Compra,06/03/2026,1 - 904,Registrado,06/03/2026,INVEN - 1789,Normal,06/19/2026
,,,,,,,,,,,,,,,,,
,,,,,,,,,,,,,,,INVEN - 1898,Normal,07/02/2026
,,,,,,,,,,,,,,,,,
,,,,,,,,,,,,,,,,,
,,,,,,,,,,,,,,,,,
,,,,,,,,,,,,,,,,,
814,Sol. de Gastos,05/07/2026,1 - 1612,Confirmado,05/22/2026,660 - 1,Normal,05/22/2026,886,Orden de Compra,05/26/2026,1 - 832,Registrado,05/26/2026,INVEN - 2276,Normal,08/10/2026
,,,,,,,,,,,,,,,,,
,,,,,,,,,,,,,,,INVEN - 2405,Normal,08/21/2026
,,,,,,,,,,,,,,,,,
,,,,,,,,,,,,,,,,,
,,,,,,,,,,,,,,,,,
,,,,,,,,,,,,,,,,,
815,Sol. de Gastos,05/07/2026,1 - 1711,Confirmado,06/02/2026,705 - 1,Normal,06/03/2026,981,Orden de Compra,06/05/2026,1 - 929,Registrado,06/05/2026,INVEN - 2230,Normal,08/06/2026
,,,,,,,,,,,,,,,,,
,,,,,,,,,,,,,,,,,
,,,,,,,,,,,,,,,,,
,,,,,,,,,,,,,,,,,
816,Sol. de Gastos,05/07/2026,1 - 1393,Confirmado,05/08/2026,561 - 1,Normal,05/11/2026,794,Orden de Compra,05/13/2026,1 - 746,Registrado,05/13/2026,,,
,,,,,,,,,,,,,,,,,
,,,,,,,,,,,,,,,,,
,,,,,,,,,,,,,,,,,
,,,,,,,,,,,,,,,,,
817,Sol. de Gastos,05/08/2026,1 - 1706,Confirmado,06/02/2026,701 - 1,Normal,06/03/2026,970,Orden de Compra,06/04/2026,1 - 918,Registrado,06/04/2026,INVEN - 1685,Normal,06/10/2026
,,,,,,,,,,,,,,,,,
,,,,,,,,,,,,,,,,,
,,,,,,,,,,,,,,,,,
,,,,,,,,,,,,,,,,,
818,Sol. de Gastos,05/08/2026,1 - 1437,Confirmado,05/13/2026,591 - 1,Normal,05/14/2026,1351,Orden de Compra,08/03/2026,1 - 1293,Registrado,08/03/2026,INVEN - 2468,Normal,08/27/2026
,,,,,,,,,,,,,,,,,
,,,,,,,,,,,,,,,,,
,,,,,,,,,,,,,,,,,
,,,,,,,,,,,,,,,,,
819,Sol. de Gastos,05/08/2026,1 - 1607,Confirmado,05/22/2026,662 - 1,Normal,05/22/2026,918,Orden de Compra,05/28/2026,1 - 863,Registrado,05/28/2026,INVEN - 1673,Normal,06/09/2026
,,,,,,,,,,,,,,,,,
,,,,,,,,,,,,,,,,,
,,,,,,,,,,,,,,,,,
,,,,,,,,,,,,,,,,,
820,Sol. de Gastos,05/08/2026,1 - 1391,Confirmado,05/08/2026,558 - 1,Normal,05/11/2026,784,Orden de Compra,05/12/2026,1 - 766,Registrado,05/15/2026,INVEN - 1431,Normal,05/20/2026
,,,,,,,,,,,,,,,,,
,,,,,,,,,,,,,,,,,
,,,,,,,,,,,,,,,,,
,,,,,,,,,,,,,,,,,
821,Ped. Suministros,05/08/2026,,,,,,,,,,,,,,,
,,,,,,,,,,,,,,,,,
,,,,,,,,,,,,,,,,,
822,Sol. de Gastos,05/08/2026,1 - 1856,Confirmado,06/17/2026,756 - 1,Normal,06/17/2026,1061,Orden de Compra,06/23/2026,1 - 1017,Registrado,06/23/2026,INVEN - 1998,Normal,07/14/2026
,,,,,,,,,,,,,,,,,
,,,,,,,,,,,,,,,,,
,,,,,,,,,,,,,,,,,
,,,,,,,,,,,,,,,,,
823,Sol. de Gastos,05/08/2026,1 - 1537,Confirmado,05/19/2026,643 - 1,Normal,05/20/2026,,,,,,,,,
,,,,,,,,,,,,,,,,,
,,,,,,,,,,,,,,,,,
824,Sol. de Gastos,05/08/2026,1 - 1392,Confirmado,05/08/2026,560 - 1,Normal,05/11/2026,826,Orden de Compra,05/18/2026,1 - 779,Registrado,05/18/2026,INVEN - 2331,Normal,08/13/2026
,,,,,,,,,,,,,,,,,
,,,,,,,,,,,,,,,,,
,,,,,,,,,,,,,,,,,
,,,,,,,,,,,,,,,,,
825,Sol. de Gastos,05/08/2026,1 - 1703,Confirmado,06/02/2026,727 - 1,Normal,06/03/2026,1006,Orden de Compra,06/11/2026,1 - 959,Registrado,06/12/2026,INVEN - 2363,Normal,08/19/2026
,,,,,,,,,,,,,,,,,
,,,,,,,,,,,,,,,INVEN - 2364,Anulada,08/19/2026
,,,,,,,,,,,,,,,,,
,,,,,,,,,,,,,,,INVEN - 2480,Normal,08/27/2026
,,,,,,,,,,,,,,,,,
,,,,,,,,,,,,1 - 956,Anulado,06/11/2026,,,
,,,,,,,,,,,,,,,,,
,,,,,,,,,,,,,,,,,
,,,,,,,,,,,,,,,,,
,,,,,,,,,,,,,,,,,
826,Sol. de Gastos,05/08/2026,1 - 1556,Confirmado,05/21/2026,657 - 1,Normal,05/22/2026,934,Orden de Compra,06/01/2026,1 - 881,Registrado,06/01/2026,INVEN - 1833,Normal,06/26/2026
,,,,,,,,,,,,,,,,,
,,,,,,,,,,,,,,,INVEN - 1834,Normal,06/26/2026
,,,,,,,,,,,,,,,,,
,,,,,,,,,,,,,,,INVEN - 1835,Normal,06/26/2026
,,,,,,,,,,,,,,,,,
,,,,,,,,,,,,,,,,,
,,,,,,,,,,,,,,,,,
,,,,,,,,,,,,,,,,,
827,Sol. de Gastos,05/08/2026,1 - 1400,Confirmado,05/12/2026,563 - 1,Normal,05/12/2026,791,Anulado,05/13/2026,1 - 743,Anulado,05/13/2026,,,
,,,,,,,,,,,,,,,,,
,,,,,,,,,,,,,,,,,
,,,,,,,,,,,,,,,,,
,,,,,,,,,798,Orden de Compra,05/13/2026,1 - 747,Registrado,05/13/2026,INVEN - 1623,Normal,06/04/2026
,,,,,,,,,,,,,,,,,
,,,,,,,,,,,,,,,,,
,,,,,,,,,,,,,,,,,
,,,,,,,,,,,,,,,,,
828,Sol. de Gastos,05/08/2026,1 - 1542,Confirmado,05/20/2026,648 - 1,Normal,05/20/2026,,,,,,,,,
,,,,,,,,,,,,,,,,,
,,,,,,,,,,,,,,,,,
829,Sol. de Gastos,05/11/2026,1 - 1654,Confirmado,05/28/2026,685 - 1,Normal,05/28/2026,961,Orden de Compra,06/03/2026,1 - 910,Registrado,06/03/2026,INVEN - 1831,Normal,06/26/2026
,,,,,,,,,,,,,,,,,
,,,,,,,,,,,,,,,INVEN - 1867,Normal,06/29/2026
,,,,,,,,,,,,,,,,,
,,,,,,,,,,,,,,,INVEN - 1895,Normal,07/02/2026
,,,,,,,,,,,,,,,,,
,,,,,,,,,,,,,,,INVEN - 2114,Normal,07/24/2026
,,,,,,,,,,,,,,,,,
,,,,,,,,,,,,,,,INVEN - 2174,Normal,07/31/2026
,,,,,,,,,,,,,,,,,
,,,,,,,,,,,,,,,INVEN - 2175,Normal,07/31/2026
,,,,,,,,,,,,,,,,,
,,,,,,,,,,,,,,,INVEN - 2235,Normal,08/07/2026
,,,,,,,,,,,,,,,,,
,,,,,,,,,,,,,,,INVEN - 2332,Normal,08/13/2026
,,,,,,,,,,,,,,,,,
,,,,,,,,,,,,,,,INVEN - 2333,Normal,08/13/2026
,,,,,,,,,,,,,,,,,
,,,,,,,,,,,,,,,INVEN - 2433,Normal,08/25/2026
,,,,,,,,,,,,,,,,,
,,,,,,,,,,,,,,,INVEN - 2506,Normal,08/31/2026
,,,,,,,,,,,,,,,,,
,,,,,,,,,,,,,,,,,
,,,,,,,,,,,,,,,,,
,,,,,,,,,,,,,,,,,
831,Sol. de Gastos,05/11/2026,1 - 1543,Confirmado,05/20/2026,644 - 1,Normal,05/20/2026,877,Orden de Compra,05/22/2026,1 - 829,Registrado,05/22/2026,INVEN - 1976,Normal,07/13/2026
,,,,,,,,,,,,,,,,,
,,,,,,,,,,,,,,,,,
,,,,,,,,,,,,,,,,,
,,,,,,,,,,,,,,,,,
832,Sol. de Gastos,05/11/2026,1 - 1398,Confirmado,05/11/2026,562 - 1,Normal,05/11/2026,984,Orden de Compra,06/08/2026,1 - 932,Registrado,06/08/2026,INVEN - 1788,Normal,06/19/2026
,,,,,,,,,,,,,,,,,
,,,,,,,,,,,,,,,,,
,,,,,,,,,,,,,,,,,
,,,,,,,,,,,,,,,,,
833,Sol. de Gastos,05/11/2026,1 - 1402,Confirmado,05/12/2026,565 - 1,Normal,05/12/2026,882,Orden de Compra,05/26/2026,1 - 887,Registrado,06/02/2026,INVEN - 2257,Normal,08/07/2026
,,,,,,,,,,,,,,,,,
,,,,,,,,,,,,,,,,,
,,,,,,,,,,,,,,,,,
,,,,,,,,,883,Orden de Compra,05/26/2026,1 - 888,Registrado,06/02/2026,INVEN - 2259,Normal,08/07/2026
,,,,,,,,,,,,,,,,,
,,,,,,,,,,,,,,,,,
,,,,,,,,,,,,,,,,,
,,,,,,,,,884,Orden de Compra,05/26/2026,1 - 890,Registrado,06/02/2026,INVEN - 1991,Normal,07/13/2026
,,,,,,,,,,,,,,,,,
,,,,,,,,,,,,,,,,,
,,,,,,,,,,,,,,,,,
,,,,,,,,,885,Orden de Compra,05/26/2026,1 - 889,Registrado,06/02/2026,INVEN - 1982,Normal,07/13/2026
,,,,,,,,,,,,,,,,,
,,,,,,,,,,,,,,,,,
,,,,,,,,,,,,,,,,,
,,,,,,,,,,,,,,,,,
834,Ped. Suministros,05/11/2026,,,,,,,,,,,,,,,
,,,,,,,,,,,,,,,,,
,,,,,,,,,,,,,,,,,
835,Ped. Suministros,05/11/2026,,,,,,,,,,,,,,,
,,,,,,,,,,,,,,,,,
,,,,,,,,,,,,,,,,,
836,Sol. de Gastos,05/11/2026,1 - 1416,Confirmado,05/12/2026,567 - 1,Normal,05/13/2026,806,Orden de Compra,05/14/2026,1 - 755,Registrado,05/14/2026,INVEN - 1622,Normal,06/04/2026
,,,,,,,,,,,,,,,,,
,,,,,,,,,,,,,,,,,
,,,,,,,,,,,,,,,,,
,,,,,,,,,,,,,,,,,
837,Sol. de Gastos,05/11/2026,1 - 1417,Confirmado,05/12/2026,571 - 1,Normal,05/13/2026,812,Orden de Compra,05/14/2026,1 - 761,Registrado,05/14/2026,INVEN - 1961,Normal,07/08/2026
,,,,,,,,,,,,,,,,,
,,,,,,,,,,,,,,,,,
,,,,,,,,,,,,,,,,,
,,,,,,,,,,,,,,,,,
838,Sol. de Gastos,05/11/2026,1 - 1553,Confirmado,05/20/2026,652 - 1,Normal,05/21/2026,1214,Orden de Compra,07/16/2026,1 - 1164,Registrado,07/16/2026,,,
,,,,,,,,,,,,,,,,,
,,,,,,,,,,,,,,,,,
,,,,,,,,,,,,,,,,,
,,,,,,,,,,,,,,,,,
839,Sol. de Gastos,05/11/2026,1 - 1766,Confirmado,06/05/2026,738 - 1,Normal,06/05/2026,1073,Orden de Compra,06/25/2026,1 - 1028,Registrado,06/25/2026,INVEN - 2015,Normal,07/15/2026
,,,,,,,,,,,,,,,,,
,,,,,,,,,,,,,,,,,
,,,,,,,,,,,,,,,,,
,,,,,,,,,,,,,,,,,
840,Sol. de Gastos,05/11/2026,1 - 1418,Confirmado,05/13/2026,569 - 1,Normal,05/13/2026,815,Orden de Compra,05/15/2026,1 - 764,Registrado,05/15/2026,INVEN - 1483,Normal,05/26/2026
,,,,,,,,,,,,,,,,,
,,,,,,,,,,,,,,,,,
,,,,,,,,,,,,,,,,,
,,,,,,,,,,,,,,,,,
841,Sol. de Gastos,05/12/2026,1 - 1484,Confirmado,05/15/2026,629 - 1,Normal,05/15/2026,822,Orden de Compra,05/15/2026,1 - 773,Registrado,05/15/2026,INVEN - 1499,Normal,05/26/2026
,,,,,,,,,,,,,,,,,
,,,,,,,,,,,,,,,,,
,,,,,,,,,,,,,,,,,
,,,,,,,,,,,,,,,,,
842,Sol. de Gastos,05/12/2026,1 - 1619,Confirmado,05/22/2026,665 - 1,Normal,05/22/2026,896,Orden de Compra,05/27/2026,1 - 843,Registrado,05/27/2026,INVEN - 1871,Normal,06/30/2026
,,,,,,,,,,,,,,,,,
,,,,,,,,,,,,,,,,,
,,,,,,,,,,,,,,,,,
,,,,,,,,,,,,,,,,,
843,Ped. Suministros,05/12/2026,,,,,,,,,,,,,,,
,,,,,,,,,,,,,,,,,
,,,,,,,,,,,,,,,,,
844,Sol. de Gastos,05/12/2026,1 - 1633,Confirmado,05/26/2026,674 - 1,Normal,05/27/2026,921,Anulado,05/29/2026,1 - 867,Anulado,05/29/2026,,,
,,,,,,,,,,,,,,,,,
,,,,,,,,,,,,,,,,,
,,,,,,,,,,,,,,,,,
,,,,,,,,,926,Orden de Compra,05/29/2026,1 - 873,Registrado,05/29/2026,INVEN - 1781,Normal,06/18/2026
,,,,,,,,,,,,,,,,,
,,,,,,,,,,,,,,,,,
,,,,,,,,,,,,,,,,,
,,,,,,,,,,,,,,,,,
845,Ped. Suministros,05/12/2026,,,,,,,,,,,,,,,
,,,,,,,,,,,,,,,,,
,,,,,,,,,,,,,,,,,
846,Ped. Suministros,05/12/2026,,,,,,,,,,,,,,,
,,,,,,,,,,,,,,,,,
,,,,,,,,,,,,,,,,,
847,Ped. Suministros,05/12/2026,,,,,,,,,,,,,,,
,,,,,,,,,,,,,,,,,
,,,,,,,,,,,,,,,,,
848,Ped. Suministros,05/12/2026,,,,,,,,,,,,,,,
,,,,,,,,,,,,,,,,,
,,,,,,,,,,,,,,,,,
849,Sol. de Gastos,05/13/2026,1 - 2043,Confirmado,06/30/2026,854 - 1,Normal,07/01/2026,1140,Orden de Compra,07/06/2026,1 - 1098,Registrado,07/06/2026,,,
,,,,,,,,,,,,,,,,,
,,,,,,,,,,,,,,,,,
,,,,,,,,,,,,,,,,,
,,,,,,,,,,,,,,,,,
850,Ped. Suministros,05/13/2026,,,,,,,,,,,,,,,
,,,,,,,,,,,,,,,,,
,,,,,,,,,,,,,,,,,
851,Sol. de Gastos,05/13/2026,1 - 2026,Confirmado,06/29/2026,838 - 1,Normal,06/30/2026,1300,Orden de Compra,07/27/2026,1 - 1254,Registrado,07/27/2026,,,
,,,,,,,,,,,,,,,,,
,,,,,,,,,,,,,,,,,
,,,,,,,,,,,,,,,,,
,,,,,,,,,,,,,,,,,
852,Sol. de Gastos,05/13/2026,1 - 1472,Confirmado,05/14/2026,614 - 1,Normal,05/14/2026,840,Orden de Compra,05/18/2026,1 - 790,Registrado,05/18/2026,INVEN - 1488,Normal,05/26/2026
,,,,,,,,,,,,,,,,,
,,,,,,,,,,,,,,,,,
,,,,,,,,,,,,,,,,,
,,,,,,,,,,,,,,,,,
853,Ped. Suministros,05/13/2026,,,,,,,,,,,,,,,
,,,,,,,,,,,,,,,,,
,,,,,,,,,,,,,,,,,
854,Sol. de Gastos,05/13/2026,1 - 1618,Confirmado,05/22/2026,664 - 1,Normal,05/22/2026,900,Orden de Compra,05/27/2026,1 - 848,Registrado,05/27/2026,INVEN - 1629,Normal,06/05/2026
,,,,,,,,,,,,,,,,,
,,,,,,,,,,,,,,,,,
,,,,,,,,,,,,,,,,,
,,,,,,,,,,,,,,,,,
855,Sol. de Gastos,05/13/2026,1 - 1655,Confirmado,05/28/2026,693 - 1,Normal,05/29/2026,1035,Orden de Compra,06/19/2026,1 - 987,Registrado,06/19/2026,INVEN - 2070,Normal,07/22/2026
,,,,,,,,,,,,,,,,,
,,,,,,,,,,,,,,,INVEN - 2172,Normal,07/31/2026
,,,,,,,,,,,,,,,,,
,,,,,,,,,,,,,,,,,
,,,,,,,,,,,,,,,,,
,,,,,,,,,1036,Orden de Compra,06/19/2026,1 - 988,Registrado,06/19/2026,INVEN - 2090,Normal,07/23/2026
,,,,,,,,,,,,,,,,,
,,,,,,,,,,,,,,,INVEN - 2211,Normal,08/06/2026
,,,,,,,,,,,,,,,,,
,,,,,,,,,,,,,,,INVEN - 2469,Normal,08/27/2026
,,,,,,,,,,,,,,,,,
,,,,,,,,,,,,,,,,,
,,,,,,,,,,,,,,,,,
,,,,,,,,,,,,,,,,,
856,Sol. de Gastos,05/13/2026,1 - 2574,Confirmado,08/13/2026,10000118 - 1,Normal,08/14/2026,1489,Orden de Compra,08/20/2026,1 - 1434,Registrado,08/20/2026,,,
,,,,,,,,,,,,,,,,,
,,,,,,,,,,,,,,,,,
,,,,,,,,,,,,,,,,,
,,,,,,,,,,,,,,,,,
857,Sol. de Gastos,05/13/2026,1 - 1549,Confirmado,05/20/2026,650 - 1,Normal,05/21/2026,960,Orden de Compra,06/03/2026,1 - 947,Registrado,06/10/2026,ALMAC - 25,Confirmada,06/16/2026
,,,,,,,,,,,,,,,,,
,,,,,,,,,,,,,,,ALMAC - 26,Confirmada,06/17/2026
,,,,,,,,,,,,,,,,,
,,,,,,,,,,,,,,,,,
,,,,,,,,,,,,,,,,,
,,,,,,,,,,,,,,,,,
858,Sol. de Gastos,05/13/2026,1 - 2441,Confirmado,08/05/2026,10000048 - 1,Normal,08/05/2026,1364,Anulado,08/05/2026,1 - 1311,Anulado,08/05/2026,,,
,,,,,,,,,,,,,,,,,
,,,,,,,,,,,,,,,,,
,,,,,,,,,,,,,,,,,
,,,,,,,,,1413,Orden de Compra,08/10/2026,1 - 1352,Registrado,08/10/2026,,,
,,,,,,,,,,,,,,,,,
,,,,,,,,,,,,,,,,,
,,,,,,,,,,,,,,,,,
,,,,,,,,,,,,,,,,,
859,Sol. de Gastos,05/13/2026,1 - 1438,Confirmado,05/13/2026,592 - 1,Normal,05/14/2026,892,Orden de Compra,05/26/2026,1 - 838,Registrado,05/26/2026,INVEN - 1777,Normal,06/18/2026
,,,,,,,,,,,,,,,,,
,,,,,,,,,,,,,,,,,
,,,,,,,,,,,,,,,,,
,,,,,,,,,,,,,,,,,
860,Sol. de Gastos,05/13/2026,1 - 2440,Confirmado,08/05/2026,10000045 - 1,Normal,08/05/2026,1417,Orden de Compra,08/11/2026,1 - 1356,Registrado,08/11/2026,,,
,,,,,,,,,,,,,,,,,
,,,,,,,,,,,,,,,,,
,,,,,,,,,,,,,,,,,
,,,,,,,,,,,,,,,,,
861,Sol. de Gastos,05/13/2026,1 - 1879,Confirmado,06/17/2026,772 - 1,Normal,06/17/2026,1050,Orden de Compra,06/19/2026,1 - 1003,Registrado,06/19/2026,INVEN - 1988,Normal,07/13/2026
,,,,,,,,,,,,,,,,,
,,,,,,,,,,,,,,,,,
,,,,,,,,,,,,,,,,,
,,,,,,,,,,,,,,,,,
862,Sol. de Gastos,05/13/2026,1 - 1474,Confirmado,05/14/2026,603 - 1,Normal,05/14/2026,818,Orden de Compra,05/15/2026,1 - 767,Registrado,05/15/2026,INVEN - 1430,Normal,05/20/2026
,,,,,,,,,,,,,,,,,
,,,,,,,,,,,,,,,,,
,,,,,,,,,,,,,,,,,
,,,1 - 1469,Anulado,05/14/2026,601 - 1,Anulado,05/14/2026,,,,,,,,,
,,,,,,,,,,,,,,,,,
,,,,,,,,,,,,,,,,,
863,Sol. de Gastos,05/13/2026,1 - 1559,Confirmado,05/21/2026,653 - 1,Normal,05/22/2026,895,Orden de Compra,05/26/2026,1 - 841,Registrado,05/26/2026,INVEN - 2043,Normal,07/17/2026
,,,,,,,,,,,,,,,,,
,,,,,,,,,,,,,,,,,
,,,,,,,,,,,,,,,,,
,,,,,,,,,,,,,,,,,
864,Sol. de Gastos,05/13/2026,1 - 1704,Confirmado,06/02/2026,712 - 1,Normal,06/03/2026,1245,Orden de Compra,07/21/2026,1 - 1193,Registrado,07/21/2026,INVEN - 2517,Normal,09/01/2026
,,,,,,,,,,,,,,,,,
,,,,,,,,,,,,,,,,,
,,,,,,,,,,,,,,,,,
,,,,,,,,,,,,,,,,,
865,Ped. Suministros,05/13/2026,,,,,,,,,,,,,,,
,,,,,,,,,,,,,,,,,
,,,,,,,,,,,,,,,,,
866,Sol. de Gastos,05/13/2026,1 - 1744,Confirmado,06/03/2026,767 - 1,Normal,06/17/2026,1131,Orden de Compra,07/06/2026,1 - 1132,Registrado,07/13/2026,INVEN - 2151,Normal,07/29/2026
,,,,,,,,,,,,,,,,,
,,,,,,,,,,,,,,,INVEN - 2152,Normal,07/29/2026
,,,,,,,,,,,,,,,,,
,,,,,,,,,,,,,,,,,
,,,,,,,,,,,,,,,,,
,,,,,,,,,1132,Orden de Compra,07/06/2026,1 - 1133,Registrado,07/13/2026,INVEN - 2318,Normal,08/12/2026
,,,,,,,,,,,,,,,,,
,,,,,,,,,,,,,,,,,
,,,,,,,,,,,,,,,,,
,,,,,,,,,1133,Orden de Compra,07/06/2026,1 - 1134,Registrado,07/13/2026,,,
,,,,,,,,,,,,,,,,,
,,,,,,,,,,,,,,,,,
,,,,,,,,,,,,,,,,,
,,,,,,,,,,,,,,,,,
867,Ped. Suministros,05/13/2026,,,,,,,,,,,,,,,
,,,,,,,,,,,,,,,,,
,,,,,,,,,,,,,,,,,
868,Sol. de Gastos,05/13/2026,1 - 1620,Confirmado,05/22/2026,663 - 1,Normal,05/22/2026,894,Orden de Compra,05/26/2026,1 - 840,Registrado,05/26/2026,INVEN - 1872,Normal,06/30/2026
,,,,,,,,,,,,,,,,,
,,,,,,,,,,,,,,,,,
,,,,,,,,,,,,,,,,,
,,,,,,,,,,,,,,,,,
869,Sol. de Gastos,05/14/2026,1 - 2100,Confirmado,07/02/2026,877 - 1,Normal,07/02/2026,1241,Anulado,07/21/2026,,,,,,
,,,,,,,,,,,,,,,,,
,,,,,,,,,1243,Anulado,07/21/2026,,,,,,
,,,,,,,,,,,,,,,,,
,,,,,,,,,1244,Anulado,07/21/2026,,,,,,
,,,,,,,,,,,,,,,,,
,,,,,,,,,1255,Orden de Compra,07/22/2026,1 - 1251,Registrado,07/27/2026,INVEN - 2375,Normal,08/20/2026
,,,,,,,,,,,,,,,,,
,,,,,,,,,,,,,,,INVEN - 2385,Normal,08/20/2026
,,,,,,,,,,,,,,,,,
,,,,,,,,,,,,,,,INVEN - 2504,Normal,08/31/2026
,,,,,,,,,,,,,,,,,
,,,,,,,,,,,,,,,,,
,,,,,,,,,,,,,,,,,
,,,,,,,,,1256,Orden de Compra,07/22/2026,1 - 1252,Registrado,07/27/2026,,,
,,,,,,,,,,,,,,,,,
,,,,,,,,,,,,,,,,,
,,,,,,,,,,,,,,,,,
,,,,,,,,,1257,Orden de Compra,07/22/2026,1 - 1253,Registrado,07/27/2026,,,
,,,,,,,,,,,,,,,,,
,,,,,,,,,,,,,,,,,
,,,,,,,,,,,,,,,,,
,,,,,,,,,,,,,,,,,
870,Sol. de Gastos,05/14/2026,1 - 1727,Confirmado,06/02/2026,722 - 1,Normal,06/03/2026,1077,Orden de Compra,06/25/2026,1 - 1032,Registrado,06/25/2026,INVEN - 2131,Normal,07/24/2026
,,,,,,,,,,,,,,,,,
,,,,,,,,,,,,,,,,,
,,,,,,,,,,,,,,,,,
,,,,,,,,,,,,,,,,,
871,Sol. de Gastos,05/14/2026,1 - 1717,Confirmado,06/02/2026,707 - 1,Normal,06/03/2026,977,Orden de Compra,06/04/2026,1 - 926,Registrado,06/04/2026,INVEN - 1840,Normal,06/26/2026
,,,,,,,,,,,,,,,,,
,,,,,,,,,,,,,,,,,
,,,,,,,,,,,,,,,,,
,,,,,,,,,,,,,,,,,
872,Sol. de Gastos,05/14/2026,1 - 1476,Confirmado,05/14/2026,628 - 1,Normal,05/15/2026,932,Orden de Compra,06/01/2026,1 - 879,Registrado,06/01/2026,INVEN - 1681,Normal,06/10/2026
,,,,,,,,,,,,,,,,,
,,,,,,,,,,,,,,,,,
,,,,,,,,,,,,,,,,,
,,,,,,,,,,,,,,,,,
873,Sol. de Gastos,05/14/2026,1 - 1714,Confirmado,06/02/2026,710 - 1,Normal,06/03/2026,1008,Orden de Compra,06/12/2026,1 - 957,Registrado,06/12/2026,INVEN - 1793,Normal,06/19/2026
,,,,,,,,,,,,,,,,,
,,,,,,,,,,,,,,,,,
,,,,,,,,,,,,,,,,,
,,,,,,,,,,,,,,,,,
874,Sol. de Gastos,05/14/2026,1 - 1493,Confirmado,05/18/2026,632 - 1,Normal,05/19/2026,863,Anulado,05/21/2026,1 - 812,Anulado,05/21/2026,,,
,,,,,,,,,,,,,,,,,
,,,,,,,,,,,,,,,,,
,,,,,,,,,,,,,,,,,
,,,,,,,,,869,Orden de Compra,05/21/2026,1 - 821,Registrado,05/21/2026,INVEN - 1553,Normal,05/29/2026
,,,,,,,,,,,,,,,,,
,,,,,,,,,,,,,,,,,
,,,,,,,,,,,,,,,,,
,,,,,,,,,,,,,,,,,
875,Sol. de Gastos,05/14/2026,1 - 1494,Confirmado,05/18/2026,634 - 1,Normal,05/19/2026,853,Orden de Compra,05/20/2026,1 - 803,Registrado,05/20/2026,INVEN - 1913,Normal,07/03/2026
,,,,,,,,,,,,,,,,,
,,,,,,,,,,,,,,,,,
,,,,,,,,,,,,,,,,,
,,,,,,,,,,,,,,,,,
876,Sol. de Gastos,05/14/2026,1 - 1715,Confirmado,06/02/2026,711 - 1,Normal,06/03/2026,1076,Orden de Compra,06/25/2026,1 - 1031,Registrado,06/25/2026,INVEN - 2111,Normal,07/24/2026
,,,,,,,,,,,,,,,,,
,,,,,,,,,,,,,,,,,
,,,,,,,,,,,,,,,,,
,,,,,,,,,,,,,,,,,
877,Ped. Suministros,05/14/2026,,,,,,,,,,,,,,,
,,,,,,,,,,,,,,,,,
,,,,,,,,,,,,,,,,,
878,Ped. Suministros,05/14/2026,,,,,,,,,,,,,,,
,,,,,,,,,,,,,,,,,
,,,,,,,,,,,,,,,,,
879,Ped. Suministros,05/14/2026,,,,,,,,,,,,,,,
,,,,,,,,,,,,,,,,,
,,,,,,,,,,,,,,,,,
880,Ped. Suministros,05/14/2026,,,,,,,,,,,,,,,
,,,,,,,,,,,,,,,,,
,,,,,,,,,,,,,,,,,
881,Sol. de Gastos,05/14/2026,1 - 1625,Confirmado,05/22/2026,670 - 1,Normal,05/26/2026,887,Anulado,05/26/2026,1 - 833,Anulado,05/26/2026,,,
,,,,,,,,,,,,,,,,,
,,,,,,,,,,,,,,,,,
,,,,,,,,,,,,,,,,,
,,,,,,,,,893,Orden de Compra,05/26/2026,1 - 839,Registrado,05/26/2026,INVEN - 1582,Anulada,06/02/2026
,,,,,,,,,,,,,,,,,
,,,,,,,,,,,,,,,INVEN - 2084,Normal,07/22/2026
,,,,,,,,,,,,,,,,,
,,,,,,,,,,,,,,,,,
,,,,,,,,,,,,,,,,,
,,,,,,,,,,,,,,,,,
882,Sol. de Gastos,05/14/2026,1 - 1624,Confirmado,05/22/2026,669 - 1,Normal,05/26/2026,898,Orden de Compra,05/27/2026,1 - 845,Registrado,05/27/2026,INVEN - 1686,Normal,06/10/2026
,,,,,,,,,,,,,,,,,
,,,,,,,,,,,,,,,,,
,,,,,,,,,,,,,,,,,
,,,,,,,,,,,,,,,,,
883,Ped. Suministros,05/14/2026,,,,,,,,,,,,,,,
,,,,,,,,,,,,,,,,,
,,,,,,,,,,,,,,,,,
884,Sol. de Gastos,05/15/2026,1 - 1969,Confirmado,06/25/2026,818 - 1,Normal,06/25/2026,1323,Orden de Compra,07/30/2026,1 - 1421,Registrado,08/19/2026,,,
,,,,,,,,,,,,,,,,,
,,,,,,,,,,,,,,,,,
,,,,,,,,,,,,,,,,,
,,,,,,,,,1324,Orden de Compra,07/30/2026,1 - 1422,Registrado,08/19/2026,,,
,,,,,,,,,,,,,,,,,
,,,,,,,,,,,,,,,,,
,,,,,,,,,,,,,,,,,
,,,,,,,,,1325,Orden de Compra,07/30/2026,1 - 1423,Registrado,08/19/2026,,,
,,,,,,,,,,,,,,,,,
,,,,,,,,,,,,,,,,,
,,,,,,,,,,,,,,,,,
,,,,,,,,,1326,Orden de Compra,07/30/2026,1 - 1424,Registrado,08/19/2026,,,
,,,,,,,,,,,,,,,,,
,,,,,,,,,,,,,,,,,
,,,,,,,,,,,,,,,,,
,,,,,,,,,1331,Orden de Compra,07/30/2026,1 - 1425,Registrado,08/19/2026,,,
,,,,,,,,,,,,,,,,,
,,,,,,,,,,,,,,,,,
,,,,,,,,,,,,,,,,,
,,,,,,,,,1332,Orden de Compra,07/30/2026,1 - 1426,Registrado,08/19/2026,,,
,,,,,,,,,,,,,,,,,
,,,,,,,,,,,,,,,,,
,,,,,,,,,,,,,,,,,
,,,,,,,,,1335,Orden de Compra,07/30/2026,1 - 1427,Registrado,08/19/2026,,,
,,,,,,,,,,,,,,,,,
,,,,,,,,,,,,,,,,,
,,,,,,,,,,,,,,,,,
,,,,,,,,,1337,Orden de Compra,07/30/2026,1 - 1428,Registrado,08/19/2026,,,
,,,,,,,,,,,,,,,,,
,,,,,,,,,,,,,,,,,
,,,,,,,,,,,,,,,,,
,,,,,,,,,1338,Orden de Compra,07/30/2026,1 - 1429,Registrado,08/19/2026,,,
,,,,,,,,,,,,,,,,,
,,,,,,,,,,,,,,,,,
,,,,,,,,,,,,,,,,,
,,,,,,,,,1440,Orden de Compra,08/12/2026,1 - 1430,Registrado,08/19/2026,,,
,,,,,,,,,,,,,,,,,
,,,,,,,,,,,,,,,,,
,,,,,,,,,,,,,,,,,
,,,,,,,,,,,,,,,,,
885,Sol. de Gastos,05/15/2026,1 - 1616,Confirmado,05/22/2026,666 - 1,Normal,05/22/2026,989,Orden de Compra,06/08/2026,1 - 937,Registrado,06/08/2026,INVEN - 2341,Normal,08/14/2026
,,,,,,,,,,,,,,,,,
,,,,,,,,,,,,,,,,,
,,,,,,,,,,,,,,,,,
,,,,,,,,,,,,,,,,,
886,Sol. de Gastos,05/15/2026,1 - 1481,Confirmado,05/15/2026,630 - 1,Normal,05/18/2026,915,Orden de Compra,05/27/2026,1 - 861,Registrado,05/28/2026,INVEN - 2063,Normal,07/21/2026
,,,,,,,,,,,,,,,,,
,,,,,,,,,,,,,,,,,
,,,,,,,,,,,,,,,,,
,,,,,,,,,,,,,,,,,
887,Sol. de Gastos,05/15/2026,1 - 1743,Confirmado,06/03/2026,915 - 1,Normal,07/15/2026,1299,Orden de Compra,07/27/2026,1 - 1282,Registrado,07/31/2026,,,
,,,,,,,,,,,,,,,,,
,,,,,,,,,,,,,,,,,
,,,,,,,,,,,,,,,,,
,,,,,,,,,,,,,,,,,
888,Sol. de Gastos,05/15/2026,1 - 1716,Confirmado,06/02/2026,702 - 1,Normal,06/03/2026,1111,Orden de Compra,07/02/2026,1 - 1070,Registrado,07/02/2026,INVEN - 2128,Normal,07/24/2026
,,,,,,,,,,,,,,,,,
,,,,,,,,,,,,,,,,,
,,,,,,,,,,,,,,,,,
,,,,,,,,,1112,Orden de Compra,07/02/2026,1 - 1071,Registrado,07/02/2026,INVEN - 2057,Normal,07/21/2026
,,,,,,,,,,,,,,,,,
,,,,,,,,,,,,,,,,,
,,,,,,,,,,,,,,,,,
,,,,,,,,,,,,,,,,,
889,Sol. de Gastos,05/15/2026,1 - 2212,Confirmado,07/13/2026,912 - 1,Normal,07/14/2026,1435,Orden de Compra,08/12/2026,1 - 1375,Registrado,08/12/2026,INVEN - 2451,Normal,08/27/2026
,,,,,,,,,,,,,,,,,
,,,,,,,,,,,,,,,,,
,,,,,,,,,,,,,,,,,
,,,,,,,,,,,,,,,,,
890,Sol. de Gastos,05/15/2026,1 - 1617,Confirmado,05/22/2026,667 - 1,Normal,05/22/2026,985,Orden de Compra,06/08/2026,1 - 933,Registrado,06/08/2026,,,
,,,,,,,,,,,,,,,,,
,,,,,,,,,,,,,,,,,
,,,,,,,,,,,,,,,,,
,,,,,,,,,,,,,,,,,
891,Sol. de Gastos,05/15/2026,1 - 2373,Confirmado,07/31/2026,10000005 - 1,Normal,08/03/2026,1434,Orden de Compra,08/12/2026,1 - 1374,Registrado,08/12/2026,INVEN - 2345,Normal,08/14/2026
,,,,,,,,,,,,,,,,,
,,,,,,,,,,,,,,,,,
,,,,,,,,,,,,,,,,,
,,,,,,,,,,,,,,,,,
892,Sol. de Gastos,05/15/2026,1 - 1615,Confirmado,05/22/2026,668 - 1,Normal,05/22/2026,1003,Orden de Compra,06/11/2026,1 - 952,Registrado,06/11/2026,INVEN - 2157,Normal,07/30/2026
,,,,,,,,,,,,,,,,,
,,,,,,,,,,,,,,,,,
,,,,,,,,,,,,,,,,,
,,,,,,,,,,,,,,,,,
893,Sol. de Gastos,05/15/2026,1 - 1880,Confirmado,06/17/2026,771 - 1,Normal,06/17/2026,1067,Orden de Compra,06/23/2026,1 - 1023,Registrado,06/23/2026,INVEN - 1984,Normal,07/13/2026
,,,,,,,,,,,,,,,,,
,,,,,,,,,,,,,,,,,
,,,,,,,,,,,,,,,,,
,,,,,,,,,,,,,,,,,
894,Sol. de Gastos,05/18/2026,1 - 2448,Confirmado,08/06/2026,10000054 - 1,Normal,08/06/2026,1402,Orden de Compra,08/10/2026,1 - 1343,Registrado,08/10/2026,INVEN - 2425,Normal,08/24/2026
,,,,,,,,,,,,,,,,,
,,,,,,,,,,,,,,,,,
,,,,,,,,,,,,,,,,,
,,,,,,,,,,,,,,,,,
895,Sol. de Gastos,05/18/2026,1 - 1662,Confirmado,05/28/2026,690 - 1,Normal,05/29/2026,939,Orden de Compra,06/01/2026,1 - 886,Registrado,06/01/2026,INVEN - 2137,Normal,07/27/2026
,,,,,,,,,,,,,,,,,
,,,,,,,,,,,,,,,,,
,,,,,,,,,,,,,,,,,
,,,,,,,,,,,,,,,,,
896,Sol. de Gastos,05/18/2026,1 - 1684,Confirmado,06/01/2026,699 - 1,Normal,06/02/2026,964,Anulado,06/04/2026,1 - 913,Anulado,06/04/2026,,,
,,,,,,,,,,,,,,,,,
,,,,,,,,,,,,,,,,,
,,,,,,,,,,,,,,,,,
,,,,,,,,,971,Orden de Compra,06/04/2026,1 - 920,Registrado,06/04/2026,INVEN - 1635,Anulada,06/05/2026
,,,,,,,,,,,,,,,,,
,,,,,,,,,,,,,,,INVEN - 2204,Normal,08/04/2026
,,,,,,,,,,,,,,,,,
,,,,,,,,,,,,,,,INVEN - 2370,Normal,08/20/2026
,,,,,,,,,,,,,,,,,
,,,,,,,,,,,,,,,,,
,,,,,,,,,,,,,,,,,
,,,,,,,,,,,,,,,,,
897,Sol. de Gastos,05/18/2026,1 - 2374,Confirmado,07/31/2026,10000032 - 1,Normal,08/04/2026,1397,Orden de Compra,08/07/2026,1 - 1339,Registrado,08/07/2026,INVEN - 2455,Normal,08/27/2026
,,,,,,,,,,,,,,,,,
,,,,,,,,,,,,,,,,,
,,,,,,,,,,,,,,,,,
,,,,,,,,,,,,,,,,,
898,Sol. de Gastos,05/18/2026,1 - 1742,Confirmado,06/03/2026,719 - 1,Normal,06/03/2026,966,Orden de Compra,06/04/2026,1 - 915,Registrado,06/04/2026,INVEN - 1890,Normal,07/01/2026
,,,,,,,,,,,,,,,,,
,,,,,,,,,,,,,,,,,
,,,,,,,,,,,,,,,,,
,,,,,,,,,,,,,,,,,
899,Sol. de Gastos,05/18/2026,1 - 2046,Confirmado,06/30/2026,842 - 1,Normal,06/30/2026,1237,Orden de Compra,07/20/2026,1 - 1188,Registrado,07/20/2026,INVEN - 2437,Normal,08/25/2026
,,,,,,,,,,,,,,,,,
,,,,,,,,,,,,,,,,,
,,,,,,,,,,,,,,,,,
,,,,,,,,,,,,,,,,,
900,Sol. de Gastos,05/19/2026,1 - 1506,Confirmado,05/19/2026,642 - 1,Normal,05/19/2026,865,Orden de Compra,05/21/2026,1 - 844,Registrado,05/27/2026,INVEN - 1811,Normal,06/24/2026
,,,,,,,,,,,,,,,,,
,,,,,,,,,,,,,,,,,
,,,,,,,,,,,,,,,,,
,,,,,,,,,,,,,,,,,
901,Sol. de Gastos,05/19/2026,1 - 1631,Confirmado,05/26/2026,677 - 1,Normal,05/27/2026,1033,Orden de Compra,06/18/2026,1 - 985,Registrado,06/18/2026,INVEN - 2194,Normal,08/03/2026
,,,,,,,,,,,,,,,,,
,,,,,,,,,,,,,,,,,
,,,,,,,,,,,,,,,,,
,,,,,,,,,,,,,,,,,
902,Sol. de Gastos,05/19/2026,1 - 1732,Confirmado,06/03/2026,713 - 1,Normal,06/03/2026,1477,Orden de Compra,08/19/2026,1 - 1419,Registrado,08/19/2026,,,
,,,,,,,,,,,,,,,,,
,,,,,,,,,,,,,,,,,
,,,,,,,,,,,,,,,,,
,,,,,,,,,1478,Orden de Compra,08/19/2026,1 - 1420,Registrado,08/19/2026,,,
,,,,,,,,,,,,,,,,,
,,,,,,,,,,,,,,,,,
,,,,,,,,,,,,,,,,,
,,,1 - 1694,Anulado,06/02/2026,,,,,,,,,,,,
,,,,,,,,,,,,,,,,,
,,,,,,,,,,,,,,,,,
903,Sol. de Gastos,05/19/2026,1 - 1720,Confirmado,06/02/2026,718 - 1,Normal,06/03/2026,1196,Orden de Compra,07/15/2026,1 - 1153,Registrado,07/15/2026,,,
,,,,,,,,,,,,,,,,,
,,,,,,,,,,,,,,,,,
,,,,,,,,,,,,,,,,,
,,,,,,,,,,,,,,,,,
904,Ped. Suministros,05/19/2026,,,,,,,,,,,,,,,
,,,,,,,,,,,,,,,,,
,,,,,,,,,,,,,,,,,
905,Ped. Suministros,05/19/2026,,,,,,,,,,,,,,,
,,,,,,,,,,,,,,,,,
,,,,,,,,,,,,,,,,,
906,Sol. de Gastos,05/19/2026,1 - 1604,Confirmado,05/22/2026,655 - 1,Normal,05/22/2026,957,Orden de Compra,06/03/2026,1 - 902,Registrado,06/03/2026,INVEN - 2192,Normal,08/03/2026
,,,,,,,,,,,,,,,,,
,,,,,,,,,,,,,,,,,
,,,,,,,,,,,,,,,,,
,,,,,,,,,,,,,,,,,
907,Sol. de Gastos,05/20/2026,1 - 2151,Confirmado,07/08/2026,900 - 1,Normal,07/08/2026,1185,Orden de Compra,07/14/2026,1 - 1143,Registrado,07/14/2026,,,
,,,,,,,,,,,,,,,,,
,,,,,,,,,,,,,,,,,
,,,,,,,,,,,,,,,,,
,,,,,,,,,1186,Orden de Compra,07/14/2026,1 - 1144,Registrado,07/14/2026,INVEN - 2411,Normal,08/21/2026
,,,,,,,,,,,,,,,,,
,,,,,,,,,,,,,,,,,
,,,,,,,,,,,,,,,,,
,,,,,,,,,,,,,,,,,
908,Sol. de Gastos,05/20/2026,1 - 1632,Confirmado,05/26/2026,676 - 1,Normal,05/27/2026,910,Orden de Compra,05/27/2026,1 - 855,Registrado,05/27/2026,INVEN - 2452,Normal,08/27/2026
,,,,,,,,,,,,,,,,,
,,,,,,,,,,,,,,,,,
,,,,,,,,,,,,,,,,,
,,,,,,,,,,,,,,,,,
909,Sol. de Gastos,05/20/2026,1 - 2045,Confirmado,06/30/2026,859 - 1,Normal,07/01/2026,1264,Orden de Compra,07/22/2026,1 - 1215,Registrado,07/22/2026,,,
,,,,,,,,,,,,,,,,,
,,,,,,,,,,,,,,,,,
,,,,,,,,,,,,,,,,,
,,,,,,,,,,,,,,,,,
910,Sol. de Gastos,05/20/2026,1 - 1634,Confirmado,05/26/2026,675 - 1,Normal,05/27/2026,956,Orden de Compra,06/03/2026,1 - 901,Registrado,06/03/2026,,,
,,,,,,,,,,,,,,,,,
,,,,,,,,,,,,,,,,,
,,,,,,,,,,,,,,,,,
,,,,,,,,,,,,,,,,,
911,Ped. Suministros,05/20/2026,,,,,,,,,,,,,,,
,,,,,,,,,,,,,,,,,
,,,,,,,,,,,,,,,,,
912,Ped. Suministros,05/20/2026,,,,,,,,,,,,,,,
,,,,,,,,,,,,,,,,,
,,,,,,,,,,,,,,,,,
913,Ped. Suministros,05/20/2026,,,,,,,,,,,,,,,
,,,,,,,,,,,,,,,,,
,,,,,,,,,,,,,,,,,
914,Ped. Suministros,05/20/2026,,,,,,,,,,,,,,,
,,,,,,,,,,,,,,,,,
,,,,,,,,,,,,,,,,,
915,Sol. de Gastos,05/20/2026,1 - 1605,Confirmado,05/22/2026,654 - 1,Normal,05/22/2026,874,Orden de Compra,05/22/2026,1 - 826,Registrado,05/22/2026,INVEN - 1618,Normal,06/04/2026
,,,,,,,,,,,,,,,,,
,,,,,,,,,,,,,,,,,
,,,,,,,,,,,,,,,,,
,,,,,,,,,,,,,,,,,
916,Ped. Suministros,05/20/2026,,,,,,,,,,,,,,,
,,,,,,,,,,,,,,,,,
,,,,,,,,,,,,,,,,,
917,Sol. de Gastos,05/21/2026,1 - 1741,Confirmado,06/03/2026,715 - 1,Normal,06/03/2026,982,Orden de Compra,06/05/2026,1 - 930,Registrado,06/05/2026,INVEN - 1775,Normal,06/17/2026
,,,,,,,,,,,,,,,,,
,,,,,,,,,,,,,,,,,
,,,,,,,,,,,,,,,,,
,,,,,,,,,,,,,,,,,
918,Ped. Suministros,05/21/2026,,,,,,,,,,,,,,,
,,,,,,,,,,,,,,,,,
,,,,,,,,,,,,,,,,,
919,Sol. de Gastos,05/21/2026,1 - 1755,Confirmado,06/04/2026,735 - 1,Normal,06/04/2026,979,Orden de Compra,06/05/2026,1 - 928,Registrado,06/05/2026,INVEN - 2423,Normal,08/24/2026
,,,,,,,,,,,,,,,,,
,,,,,,,,,,,,,,,,,
,,,,,,,,,,,,,,,,,
,,,,,,,,,,,,,,,,,
920,Ped. Suministros,05/21/2026,,,,,,,,,,,,,,,
,,,,,,,,,,,,,,,,,
,,,,,,,,,,,,,,,,,
922,Sol. de Gastos,05/21/2026,1 - 1771,Confirmado,06/08/2026,740 - 1,Normal,06/09/2026,,,,,,,,,
,,,,,,,,,,,,,,,,,
,,,,,,740 - 2,Normal,06/12/2026,,,,,,,,,
,,,,,,,,,,,,,,,,,
,,,,,,740 - 3,Normal,06/22/2026,1069,Orden de Compra,06/23/2026,1 - 1043,Registrado,06/29/2026,INVEN - 2027,Normal,07/16/2026
,,,,,,,,,,,,,,,,,
,,,,,,,,,,,,,,,,,
,,,,,,,,,,,,,,,,,
,,,,,,,,,,,,,,,,,
923,Sol. de Gastos,05/21/2026,1 - 1603,Confirmado,05/22/2026,656 - 1,Normal,05/22/2026,875,Orden de Compra,05/22/2026,1 - 827,Registrado,05/22/2026,INVEN - 1619,Normal,06/04/2026
,,,,,,,,,,,,,,,,,
,,,,,,,,,,,,,,,,,
,,,,,,,,,,,,,,,,,
,,,,,,,,,,,,,,,,,
924,Sol. de Gastos,05/21/2026,1 - 1707,Confirmado,06/02/2026,709 - 1,Normal,06/03/2026,1181,Orden de Compra,07/14/2026,1 - 1139,Registrado,07/14/2026,INVEN - 2047,Normal,07/20/2026
,,,,,,,,,,,,,,,,,
,,,,,,,,,,,,,,,,,
,,,,,,,,,,,,,,,,,
,,,,,,,,,,,,,,,,,
925,Sol. de Gastos,05/21/2026,1 - 1967,Confirmado,06/25/2026,816 - 1,Normal,06/25/2026,1086,Anulado,06/29/2026,1 - 1040,Anulado,06/29/2026,,,
,,,,,,,,,,,,,,,,,
,,,,,,,,,,,,,,,,,
,,,,,,,,,,,,,,,,,
,,,,,,,,,1126,Orden de Compra,07/03/2026,1 - 1085,Registrado,07/03/2026,INVEN - 2056,Normal,07/21/2026
,,,,,,,,,,,,,,,,,
,,,,,,,,,,,,,,,,,
,,,,,,,,,,,,,,,,,
,,,,,,,,,,,,,,,,,
926,Sol. de Gastos,05/21/2026,1 - 1740,Confirmado,06/03/2026,898 - 1,Normal,07/08/2026,1193,Orden de Compra,07/15/2026,1 - 1151,Registrado,07/15/2026,INVEN - 2232,Normal,08/06/2026
,,,,,,,,,,,,,,,,,
,,,,,,,,,,,,,,,INVEN - 2327,Normal,08/13/2026
,,,,,,,,,,,,,,,,,
,,,,,,,,,,,,,,,INVEN - 2382,Normal,08/20/2026
,,,,,,,,,,,,,,,,,
,,,,,,,,,,,,,,,INVEN - 2416,Normal,08/24/2026
,,,,,,,,,,,,,,,,,
,,,,,,,,,,,,,,,,,
,,,,,,,,,,,,,,,,,
,,,,,,,,,,,,,,,,,
927,Ped. Suministros,05/21/2026,,,,,,,,,,,,,,,
,,,,,,,,,,,,,,,,,
,,,,,,,,,,,,,,,,,
928,Sol. de Gastos,05/21/2026,1 - 2444,Confirmado,08/05/2026,10000052 - 1,Normal,08/06/2026,1565,Orden de Compra,08/26/2026,1 - 1501,Registrado,08/26/2026,,,
,,,,,,,,,,,,,,,,,
,,,,,,,,,,,,,,,,,
,,,,,,,,,,,,,,,,,
,,,,,,,,,1566,Orden de Compra,08/26/2026,1 - 1502,Registrado,08/26/2026,,,
,,,,,,,,,,,,,,,,,
,,,,,,,,,,,,,,,,,
,,,,,,,,,,,,,,,,,
,,,,,,,,,,,,,,,,,
929,Sol. de Gastos,05/22/2026,1 - 1713,Confirmado,06/02/2026,704 - 1,Normal,06/03/2026,968,Orden de Compra,06/04/2026,1 - 919,Registrado,06/04/2026,INVEN - 1892,Normal,07/01/2026
,,,,,,,,,,,,,,,,,
,,,,,,,,,,,,,,,,,
,,,,,,,,,,,,,,,,,
,,,,,,,,,,,,,,,,,
930,Sol. de Gastos,05/22/2026,1 - 1645,Confirmado,05/27/2026,678 - 1,Normal,05/27/2026,1004,Orden de Compra,06/11/2026,1 - 966,Registrado,06/17/2026,INVEN - 2507,Normal,08/31/2026
,,,,,,,,,,,,,,,,,
,,,,,,,,,,,,,,,,,
,,,,,,,,,,,,,,,,,
,,,,,,,,,,,,,,,,,
931,Sol. de Gastos,05/22/2026,1 - 1630,Confirmado,05/26/2026,673 - 1,Normal,05/27/2026,1192,Anulado,07/15/2026,1 - 1150,Anulado,07/15/2026,,,
,,,,,,,,,,,,,,,,,
,,,,,,,,,,,,,,,,,
,,,,,,,,,,,,,,,,,
,,,,,,,,,1302,Orden de Compra,07/28/2026,1 - 1279,Registrado,07/30/2026,,,
,,,,,,,,,,,,,,,,,
,,,,,,,,,,,,,,,,,
,,,,,,,,,,,,,,,,,
,,,,,,,,,,,,,,,,,
932,Sol. de Gastos,05/22/2026,1 - 2450,Confirmado,08/06/2026,10000060 - 1,Normal,08/06/2026,1399,Anulado,08/10/2026,1 - 1341,Anulado,08/10/2026,,,
,,,,,,,,,,,,,,,,,
,,,,,,,,,,,,,,,,,
,,,,,,,,,,,,,,,,,
,,,,,,,,,1436,Orden de Compra,08/12/2026,1 - 1377,Registrado,08/12/2026,,,
,,,,,,,,,,,,,,,,,
,,,,,,,,,,,,,,,,,
,,,,,,,,,,,,,,,,,
,,,,,,,,,,,,,,,,,
933,Sol. de Gastos,05/22/2026,1 - 2047,Confirmado,06/30/2026,858 - 1,Normal,07/01/2026,1169,Orden de Compra,07/13/2026,1 - 1125,Registrado,07/13/2026,INVEN - 2100,Normal,07/23/2026
,,,,,,,,,,,,,,,,,
,,,,,,,,,,,,,,,,,
,,,,,,,,,,,,,,,,,
,,,,,,,,,1170,Orden de Compra,07/13/2026,1 - 1126,Registrado,07/13/2026,INVEN - 2134,Normal,07/27/2026
,,,,,,,,,,,,,,,,,
,,,,,,,,,,,,,,,,,
,,,,,,,,,,,,,,,,,
,,,,,,,,,1171,Orden de Compra,07/13/2026,1 - 1127,Registrado,07/13/2026,INVEN - 2094,Normal,07/23/2026
,,,,,,,,,,,,,,,,,
,,,,,,,,,,,,,,,,,
,,,,,,,,,,,,,,,,,
,,,,,,,,,,,,,,,,,
934,Ped. Suministros,05/22/2026,,,,,,,,,,,,,,,
,,,,,,,,,,,,,,,,,
,,,,,,,,,,,,,,,,,
935,Sol. de Gastos,05/26/2026,1 - 1629,Confirmado,05/26/2026,672 - 1,Normal,05/27/2026,1026,Orden de Compra,06/18/2026,1 - 975,Registrado,06/18/2026,ALMAC - 28,Confirmada,06/25/2026
,,,,,,,,,,,,,,,,,
,,,,,,,,,,,,,,,,,
,,,,,,,,,,,,,,,,,
,,,,,,,,,,,,,,,,,
936,Sol. de Gastos,05/26/2026,1 - 1721,Confirmado,06/02/2026,726 - 1,Normal,06/03/2026,,,,,,,,,
,,,,,,,,,,,,,,,,,
,,,,,,,,,,,,,,,,,
937,Sol. de Gastos,05/26/2026,1 - 1719,Confirmado,06/02/2026,724 - 1,Normal,06/03/2026,972,Orden de Compra,06/04/2026,1 - 921,Registrado,06/04/2026,,,
,,,,,,,,,,,,,,,,,
,,,,,,,,,,,,,,,,,
,,,,,,,,,,,,,,,,,
,,,,,,,,,,,,,,,,,
938,Sol. de Gastos,05/26/2026,1 - 1739,Confirmado,06/03/2026,916 - 1,Normal,07/15/2026,1222,Orden de Compra,07/20/2026,1 - 1173,Registrado,07/20/2026,,,
,,,,,,,,,,,,,,,,,
,,,,,,,,,,,,,,,,,
,,,,,,,,,,,,,,,,,
,,,,,,,,,,,,,,,,,
939,Sol. de Gastos,05/26/2026,1 - 1838,Confirmado,06/16/2026,753 - 1,Normal,06/17/2026,1027,Orden de Compra,06/18/2026,1 - 976,Registrado,06/18/2026,INVEN - 2123,Normal,07/24/2026
,,,,,,,,,,,,,,,,,
,,,,,,,,,,,,,,,,,
,,,,,,,,,,,,,,,,,
,,,,,,,,,,,,,,,,,
940,Sol. de Gastos,05/26/2026,1 - 1722,Confirmado,06/02/2026,720 - 1,Normal,06/03/2026,,,,,,,,,
,,,,,,,,,,,,,,,,,
,,,,,,,,,,,,,,,,,
941,Sol. de Gastos,05/26/2026,1 - 1726,Confirmado,06/02/2026,729 - 1,Normal,06/03/2026,1001,Orden de Compra,06/10/2026,1 - 953,Registrado,06/11/2026,INVEN - 2072,Normal,07/22/2026
,,,,,,,,,,,,,,,,,
,,,,,,,,,,,,,,,INVEN - 2299,Normal,08/12/2026
,,,,,,,,,,,,,,,,,
,,,,,,,,,,,,,,,,,
,,,,,,,,,,,,,,,,,
,,,,,,,,,,,,,,,,,
942,Ped. Suministros,05/26/2026,,,,,,,,,,,,,,,
,,,,,,,,,,,,,,,,,
,,,,,,,,,,,,,,,,,
943,Sol. de Gastos,05/26/2026,1 - 1648,Confirmado,05/28/2026,680 - 1,Normal,05/28/2026,916,Orden de Compra,05/28/2026,1 - 868,Registrado,05/29/2026,,,
,,,,,,,,,,,,,,,,,
,,,,,,,,,,,,,,,,,
,,,,,,,,,,,,,,,,,
,,,,,,,,,,,,,,,,,
944,Sol. de Gastos,05/26/2026,1 - 2375,Confirmado,07/31/2026,996 - 1,Normal,08/03/2026,1357,Anulado,08/04/2026,1 - 1299,Anulado,08/04/2026,,,
,,,,,,,,,,,,,,,,,
,,,,,,,,,,,,,,,,,
,,,,,,,,,,,,,,,,,
,,,,,,,,,1358,Orden de Compra,08/04/2026,1 - 1305,Registrado,08/04/2026,,,
,,,,,,,,,,,,,,,,,
,,,,,,,,,,,,,,,,,
,,,,,,,,,,,,,,,,,
,,,,,,,,,,,,,,,,,
945,Ped. Suministros,05/26/2026,,,,,,,,,,,,,,,
,,,,,,,,,,,,,,,,,
,,,,,,,,,,,,,,,,,
946,Sol. de Gastos,05/26/2026,1 - 2402,Confirmado,07/31/2026,10000003 - 1,Normal,08/03/2026,1393,Orden de Compra,08/07/2026,1 - 1335,Registrado,08/07/2026,INVEN - 2424,Normal,08/24/2026
,,,,,,,,,,,,,,,,,
,,,,,,,,,,,,,,,,,
,,,,,,,,,,,,,,,,,
,,,,,,,,,,,,,,,,,
947,Sol. de Gastos,05/26/2026,1 - 1683,Confirmado,06/01/2026,697 - 1,Normal,06/01/2026,947,Orden de Compra,06/02/2026,1 - 984,Registrado,06/18/2026,INVEN - 2083,Normal,07/22/2026
,,,,,,,,,,,,,,,,,
,,,,,,,,,,,,,,,,,
,,,,,,,,,,,,,,,,,
,,,,,,,,,,,,,,,,,
948,Sol. de Gastos,05/26/2026,1 - 1751,Confirmado,06/03/2026,731 - 1,Normal,06/04/2026,987,Orden de Compra,06/08/2026,1 - 935,Registrado,06/08/2026,INVEN - 2188,Normal,08/03/2026
,,,,,,,,,,,,,,,,,
,,,,,,,,,,,,,,,,,
,,,,,,,,,,,,,,,,,
,,,,,,,,,,,,,,,,,
949,Sol. de Gastos,05/26/2026,1 - 2281,Confirmado,07/22/2026,966 - 1,Normal,07/27/2026,1382,Orden de Compra,08/07/2026,1 - 1399,Registrado,08/14/2026,,,
,,,,,,,,,,,,,,,,,
,,,,,,,,,,,,,,,,,
,,,,,,,,,,,,,,,,,
,,,,,,,,,1383,Orden de Compra,08/07/2026,1 - 1400,Registrado,08/14/2026,,,
,,,,,,,,,,,,,,,,,
,,,,,,,,,,,,,,,,,
,,,,,,,,,,,,,,,,,
,,,,,,,,,1384,Orden de Compra,08/07/2026,1 - 1401,Registrado,08/14/2026,INVEN - 2486,Normal,08/27/2026
,,,,,,,,,,,,,,,,,
,,,,,,,,,,,,,,,,,
,,,,,,,,,,,,,,,,,
,,,,,,,,,,,,,,,,,
950,Sol. de Gastos,05/26/2026,1 - 1677,Confirmado,06/01/2026,736 - 1,Normal,06/04/2026,1017,Orden de Compra,06/17/2026,1 - 964,Registrado,06/17/2026,,,
,,,,,,,,,,,,,,,,,
,,,,,,,,,,,,,,,,,
,,,,,,,,,,,,,,,,,
,,,,,,,,,,,,,,,,,
951,Sol. de Gastos,05/26/2026,1 - 1724,Confirmado,06/02/2026,716 - 1,Normal,06/03/2026,1007,Orden de Compra,06/11/2026,1 - 955,Registrado,06/11/2026,INVEN - 1787,Normal,06/19/2026
,,,,,,,,,,,,,,,,,
,,,,,,,,,,,,,,,,,
,,,,,,,,,,,,,,,,,
,,,,,,,,,,,,,,,,,
952,Sol. de Gastos,05/27/2026,1 - 1738,Normal,06/03/2026,,,,,,,,,,,,
,,,,,,,,,,,,,,,,,
,,,,,,,,,,,,,,,,,
953,Sol. de Gastos,05/27/2026,1 - 2517,Confirmado,08/11/2026,10000081 - 1,Normal,08/12/2026,1513,Orden de Compra,08/24/2026,1 - 1460,Registrado,08/24/2026,,,
,,,,,,,,,,,,,,,,,
,,,,,,,,,,,,,,,,,
,,,,,,,,,,,,,,,,,
,,,,,,,,,,,,,,,,,
954,Sol. de Gastos,05/27/2026,1 - 1709,Confirmado,06/02/2026,708 - 1,Normal,06/03/2026,1070,Orden de Compra,06/24/2026,1 - 1025,Registrado,06/24/2026,INVEN - 2062,Normal,07/21/2026
,,,,,,,,,,,,,,,,,
,,,,,,,,,,,,,,,,,
,,,,,,,,,,,,,,,,,
,,,,,,,,,,,,,,,,,
955,Sol. de Gastos,05/27/2026,1 - 1708,Confirmado,06/02/2026,734 - 1,Normal,06/04/2026,978,Orden de Compra,06/05/2026,1 - 927,Registrado,06/05/2026,INVEN - 1856,Normal,06/29/2026
,,,,,,,,,,,,,,,,,
,,,,,,,,,,,,,,,,,
,,,,,,,,,,,,,,,,,
,,,,,,,,,,,,,,,,,
957,Sol. de Gastos,05/27/2026,1 - 1737,Confirmado,06/03/2026,917 - 1,Normal,07/15/2026,1540,Orden de Compra,08/25/2026,1 - 1481,Registrado,08/25/2026,,,
,,,,,,,,,,,,,,,,,
,,,,,,,,,,,,,,,,,
,,,,,,,,,,,,,,,,,
,,,,,,,,,1541,Orden de Compra,08/25/2026,1 - 1482,Registrado,08/25/2026,,,
,,,,,,,,,,,,,,,,,
,,,,,,,,,,,,,,,,,
,,,,,,,,,,,,,,,,,
,,,,,,,,,1542,Orden de Compra,08/25/2026,1 - 1483,Registrado,08/25/2026,,,
,,,,,,,,,,,,,,,,,
,,,,,,,,,,,,,,,,,
,,,,,,,,,,,,,,,,,
,,,,,,,,,1543,Orden de Compra,08/25/2026,1 - 1484,Registrado,08/25/2026,,,
,,,,,,,,,,,,,,,,,
,,,,,,,,,,,,,,,,,
,,,,,,,,,,,,,,,,,
,,,,,,,,,,,,,,,,,
958,Ped. Suministros,05/27/2026,,,,,,,,,,,,,,,
,,,,,,,,,,,,,,,,,
,,,,,,,,,,,,,,,,,
959,Ped. Suministros,05/27/2026,,,,,,,,,,,,,,,
,,,,,,,,,,,,,,,,,
,,,,,,,,,,,,,,,,,
960,Sol. de Gastos,05/27/2026,1 - 1842,Confirmado,06/16/2026,757 - 1,Normal,06/17/2026,1048,Orden de Compra,06/19/2026,1 - 1001,Registrado,06/19/2026,INVEN - 1990,Normal,07/13/2026
,,,,,,,,,,,,,,,,,
,,,,,,,,,,,,,,,,,
,,,,,,,,,,,,,,,,,
,,,,,,,,,,,,,,,,,
961,Sol. de Gastos,05/27/2026,1 - 1841,Confirmado,06/16/2026,754 - 1,Normal,06/17/2026,1353,Anulado,08/03/2026,1 - 1295,Anulado,08/03/2026,,,
,,,,,,,,,,,,,,,,,
,,,,,,,,,,,,,,,,,
,,,,,,,,,,,,,,,,,
,,,,,,,,,1354,Anulado,08/03/2026,1 - 1296,Anulado,08/03/2026,,,
,,,,,,,,,,,,,,,,,
,,,,,,,,,,,,,,,,,
,,,,,,,,,,,,,,,,,
,,,,,,,,,1385,Orden de Compra,08/07/2026,1 - 1329,Registrado,08/07/2026,,,
,,,,,,,,,,,,,,,,,
,,,,,,,,,,,,,,,,,
,,,,,,,,,,,,,,,,,
,,,,,,,,,1386,Orden de Compra,08/07/2026,1 - 1328,Registrado,08/07/2026,INVEN - 2431,Normal,08/25/2026
,,,,,,,,,,,,,,,,,
,,,,,,,,,,,,,,,INVEN - 2432,Normal,08/25/2026
,,,,,,,,,,,,,,,,,
,,,,,,,,,,,,,,,,,
,,,,,,,,,,,,,,,,,
,,,,,,,,,,,,,,,,,
962,Ped. Suministros,05/27/2026,,,,,,,,,,,,,,,
,,,,,,,,,,,,,,,,,
,,,,,,,,,,,,,,,,,
963,Sol. de Gastos,05/27/2026,1 - 2376,Confirmado,07/31/2026,10000006 - 1,Normal,08/03/2026,1461,Anulado,08/14/2026,1 - 1402,Anulado,08/14/2026,,,
,,,,,,,,,,,,,,,,,
,,,,,,,,,,,,,,,,,
,,,,,,,,,,,,,,,,,
,,,,,,,,,1463,Orden de Compra,08/14/2026,1 - 1404,Registrado,08/14/2026,,,
,,,,,,,,,,,,,,,,,
,,,,,,,,,,,,,,,,,
,,,,,,,,,,,,,,,,,
,,,,,,,,,,,,,,,,,
964,Sol. de Gastos,05/28/2026,1 - 1668,Confirmado,05/29/2026,691 - 1,Normal,05/29/2026,1005,Orden de Compra,06/11/2026,1 - 967,Registrado,06/17/2026,,,
,,,,,,,,,,,,,,,,,
,,,,,,,,,,,,,,,,,
,,,,,,,,,,,,,,,,,
,,,,,,,,,,,,,,,,,
965,Sol. de Gastos,05/28/2026,1 - 1882,Confirmado,06/17/2026,761 - 1,Normal,06/17/2026,1023,Anulado,06/18/2026,1 - 972,Anulado,06/18/2026,,,
,,,,,,,,,,,,,,,,,
,,,,,,,,,,,,,,,,,
,,,,,,,,,,,,,,,,,
,,,,,,,,,1053,Orden de Compra,06/19/2026,1 - 1006,Registrado,06/19/2026,INVEN - 1904,Normal,07/02/2026
,,,,,,,,,,,,,,,,,
,,,,,,,,,,,,,,,,,
,,,,,,,,,,,,,,,,,
,,,,,,,,,,,,,,,,,
966,Ped. Suministros,05/28/2026,,,,,,,,,,,,,,,
,,,,,,,,,,,,,,,,,
,,,,,,,,,,,,,,,,,
967,Sol. de Gastos,05/28/2026,1 - 2050,Confirmado,06/30/2026,850 - 1,Normal,07/01/2026,1212,Orden de Compra,07/16/2026,1 - 1162,Registrado,07/16/2026,INVEN - 2359,Normal,08/19/2026
,,,,,,,,,,,,,,,,,
,,,,,,,,,,,,,,,,,
,,,,,,,,,,,,,,,,,
,,,,,,,,,,,,,,,,,
968,Ped. Suministros,05/28/2026,1 - 1676,Anulado,06/01/2026,695 - 1,Anulado,06/01/2026,,,,,,,,,
,,,,,,,,,,,,,,,,,
,,,,,,,,,,,,,,,,,
969,Sol. de Gastos,05/28/2026,1 - 1663,Confirmado,05/28/2026,689 - 1,Normal,05/29/2026,942,Orden de Compra,06/02/2026,1 - 891,Registrado,06/02/2026,INVEN - 1691,Normal,06/10/2026
,,,,,,,,,,,,,,,,,
,,,,,,,,,,,,,,,,,
,,,,,,,,,,,,,,,,,
,,,,,,,,,,,,,,,,,
970,Sol. de Gastos,05/28/2026,1 - 2547,Confirmado,08/12/2026,10000093 - 1,Normal,08/12/2026,1457,Anulado,08/14/2026,1 - 1396,Anulado,08/14/2026,,,
,,,,,,,,,,,,,,,,,
,,,,,,,,,,,,,,,,,
,,,,,,,,,,,,,,,,,
,,,,,,,,,,,,,,,,,
971,Sol. de Gastos,05/28/2026,1 - 2131,Confirmado,07/06/2026,890 - 1,Normal,07/06/2026,1137,Orden de Compra,07/06/2026,1 - 1095,Registrado,07/06/2026,INVEN - 2309,Normal,08/12/2026
,,,,,,,,,,,,,,,,,
,,,,,,,,,,,,,,,,,
,,,,,,,,,,,,,,,,,
,,,,,,,,,,,,,,,,,
972,Sol. de Gastos,05/28/2026,1 - 2377,Confirmado,07/31/2026,10000002 - 1,Normal,08/03/2026,1406,Anulado,08/10/2026,,,,,,
,,,,,,,,,,,,,,,,,
,,,,,,,,,1407,Orden de Compra,08/10/2026,1 - 1347,Registrado,08/10/2026,,,
,,,,,,,,,,,,,,,,,
,,,,,,,,,,,,,,,,,
,,,,,,,,,,,,,,,,,
,,,,,,,,,,,,,,,,,
973,Sol. de Gastos,05/29/2026,1 - 1675,Confirmado,06/01/2026,696 - 1,Normal,06/01/2026,963,Orden de Compra,06/04/2026,1 - 912,Registrado,06/04/2026,INVEN - 1815,Normal,06/24/2026
,,,,,,,,,,,,,,,,,
,,,,,,,,,,,,,,,INVEN - 1979,Normal,07/13/2026
,,,,,,,,,,,,,,,,,
,,,,,,,,,,,,,,,INVEN - 2156,Normal,07/30/2026
,,,,,,,,,,,,,,,,,
,,,,,,,,,,,,,,,INVEN - 2505,Normal,08/31/2026
,,,,,,,,,,,,,,,,,
,,,,,,,,,,,,,,,INVEN - 2512,Normal,09/01/2026
,,,,,,,,,,,,,,,,,
,,,,,,,,,,,,,,,,,
,,,,,,,,,,,,,,,,,
,,,,,,,,,,,,,,,,,
974,Sol. de Gastos,05/29/2026,1 - 1682,Confirmado,06/01/2026,698 - 1,Normal,06/01/2026,1016,Orden de Compra,06/17/2026,1 - 989,Registrado,06/19/2026,,,
,,,,,,,,,,,,,,,,,
,,,,,,,,,,,,,,,,,
,,,,,,,,,,,,,,,,,
,,,,,,,,,,,,,,,,,
975,Sol. de Gastos,05/29/2026,1 - 2400,Confirmado,07/31/2026,995 - 1,Normal,08/03/2026,1404,Orden de Compra,08/10/2026,1 - 1345,Registrado,08/10/2026,INVEN - 2492,Normal,08/28/2026
,,,,,,,,,,,,,,,,,
,,,,,,,,,,,,,,,,,
,,,,,,,,,,,,,,,,,
,,,,,,,,,,,,,,,,,
976,Sol. de Gastos,06/01/2026,1 - 1768,Confirmado,06/05/2026,739 - 1,Normal,06/05/2026,983,Orden de Compra,06/08/2026,1 - 931,Registrado,06/08/2026,INVEN - 1917,Normal,07/03/2026
,,,,,,,,,,,,,,,,,
,,,,,,,,,,,,,,,,,
,,,,,,,,,,,,,,,,,
,,,,,,,,,,,,,,,,,
977,Sol. de Gastos,06/01/2026,1 - 1686,Confirmado,06/02/2026,700 - 1,Normal,06/02/2026,980,Orden de Compra,06/05/2026,1 - 982,Registrado,06/18/2026,INVEN - 2272,Normal,08/10/2026
,,,,,,,,,,,,,,,,,
,,,,,,,,,,,,,,,,,
,,,,,,,,,,,,,,,,,
,,,,,,,,,,,,,,,,,
978,Sol. de Gastos,06/01/2026,1 - 1710,Confirmado,06/02/2026,703 - 1,Normal,06/03/2026,988,Orden de Compra,06/08/2026,1 - 936,Registrado,06/08/2026,INVEN - 1823,Normal,06/25/2026
,,,,,,,,,,,,,,,,,
,,,,,,,,,,,,,,,,,
,,,,,,,,,,,,,,,,,
,,,,,,,,,,,,,,,,,
979,Sol. de Gastos,06/02/2026,1 - 2445,Confirmado,08/05/2026,10000075 - 1,Normal,08/10/2026,,,,,,,,,
,,,,,,,,,,,,,,,,,
,,,,,,10000075 - 2,Normal,08/19/2026,1559,Anulado,08/26/2026,,,,,,
,,,,,,,,,,,,,,,,,
,,,,,,,,,1583,Orden de Compra,08/27/2026,1 - 1532,Registrado,08/28/2026,,,
,,,,,,,,,,,,,,,,,
,,,,,,,,,,,,,,,,,
,,,,,,,,,,,,,,,,,
,,,,,,,,,,,,,,,,,
980,Sol. de Gastos,06/02/2026,1 - 2548,Confirmado,08/12/2026,10000089 - 1,Normal,08/12/2026,1447,Orden de Compra,08/13/2026,1 - 1386,Registrado,08/13/2026,,,
,,,,,,,,,,,,,,,,,
,,,,,,,,,,,,,,,,,
,,,,,,,,,,,,,,,,,
,,,,,,,,,,,,,,,,,
981,Sol. de Gastos,06/02/2026,1 - 1752,Confirmado,06/03/2026,732 - 1,Normal,06/04/2026,1009,Orden de Compra,06/12/2026,1 - 958,Registrado,06/12/2026,INVEN - 1782,Normal,06/18/2026
,,,,,,,,,,,,,,,,,
,,,,,,,,,,,,,,,,,
,,,,,,,,,,,,,,,,,
,,,,,,,,,,,,,,,,,
982,Sol. de Gastos,06/02/2026,1 - 1878,Confirmado,06/17/2026,780 - 1,Normal,06/18/2026,1321,Anulado,07/29/2026,1 - 1274,Anulado,07/29/2026,,,
,,,,,,,,,,,,,,,,,
,,,,,,,,,,,,,,,,,
,,,,,,,,,,,,,,,,,
,,,,,,,,,1346,Orden de Compra,07/31/2026,1 - 1288,Registrado,07/31/2026,INVEN - 2371,Normal,08/20/2026
,,,,,,,,,,,,,,,,,
,,,,,,,,,,,,,,,,,
,,,,,,,,,,,,,,,,,
,,,,,,,,,,,,,,,,,
983,Ped. Suministros,06/02/2026,,,,,,,,,,,,,,,
,,,,,,,,,,,,,,,,,
,,,,,,,,,,,,,,,,,
984,Ped. Suministros,06/03/2026,,,,,,,,,,,,,,,
,,,,,,,,,,,,,,,,,
,,,,,,,,,,,,,,,,,
985,Ped. Suministros,06/03/2026,,,,,,,,,,,,,,,
,,,,,,,,,,,,,,,,,
,,,,,,,,,,,,,,,,,
986,Sol. de Gastos,06/03/2026,1 - 1753,Confirmado,06/03/2026,733 - 1,Normal,06/04/2026,986,Orden de Compra,06/08/2026,1 - 934,Registrado,06/08/2026,INVEN - 2184,Normal,08/03/2026
,,,,,,,,,,,,,,,,,
,,,,,,,,,,,,,,,,,
,,,,,,,,,,,,,,,,,
,,,,,,,,,,,,,,,,,
987,Sol. de Gastos,06/03/2026,1 - 2546,Confirmado,08/12/2026,10000111 - 1,Normal,08/13/2026,,,,,,,,,
,,,,,,,,,,,,,,,,,
,,,,,,,,,,,,,,,,,
988,Sol. de Gastos,06/03/2026,1 - 2329,Confirmado,07/28/2026,972 - 1,Normal,07/28/2026,1311,Orden de Compra,07/29/2026,1 - 1264,Registrado,07/29/2026,INVEN - 2311,Normal,08/12/2026
,,,,,,,,,,,,,,,,,
,,,,,,,,,,,,,,,,,
,,,,,,,,,,,,,,,,,
,,,,,,,,,,,,,,,,,
989,Sol. de Gastos,06/03/2026,1 - 1984,Confirmado,06/25/2026,820 - 1,Normal,06/26/2026,1083,Orden de Compra,06/26/2026,1 - 1037,Registrado,06/26/2026,INVEN - 2313,Normal,08/12/2026
,,,,,,,,,,,,,,,,,
,,,,,,,,,,,,,,,,,
,,,,,,,,,,,,,,,,,
,,,,,,,,,,,,,,,,,
990,Sol. de Gastos,06/03/2026,1 - 1983,Confirmado,06/25/2026,830 - 1,Normal,06/26/2026,1081,Orden de Compra,06/26/2026,1 - 1035,Registrado,06/26/2026,INVEN - 2511,Normal,08/31/2026
,,,,,,,,,,,,,,,,,
,,,,,,,,,,,,,,,,,
,,,,,,,,,,,,,,,,,
,,,,,,,,,,,,,,,,,
991,Sol. de Gastos,06/03/2026,1 - 2607,Confirmado,08/20/2026,10000141 - 1,Normal,08/21/2026,1516,Orden de Compra,08/24/2026,1 - 1461,Registrado,08/24/2026,,,
,,,,,,,,,,,,,,,,,
,,,,,,,,,,,,,,,,,
,,,,,,,,,,,,,,,,,
,,,,,,,,,,,,,,,,,
992,Sol. de Gastos,06/03/2026,1 - 1876,Confirmado,06/17/2026,763 - 1,Normal,06/17/2026,1031,Orden de Compra,06/18/2026,1 - 980,Registrado,06/18/2026,INVEN - 2197,Normal,08/03/2026
,,,,,,,,,,,,,,,,,
,,,,,,,,,,,,,,,,,
,,,,,,,,,,,,,,,,,
,,,,,,,,,,,,,,,,,
993,Sol. de Gastos,06/03/2026,1 - 1877,Confirmado,06/17/2026,764 - 1,Normal,06/17/2026,1030,Orden de Compra,06/18/2026,1 - 979,Registrado,06/18/2026,INVEN - 2196,Normal,08/03/2026
,,,,,,,,,,,,,,,,,
,,,,,,,,,,,,,,,,,
,,,,,,,,,,,,,,,,,
,,,,,,,,,,,,,,,,,
994,Sol. de Gastos,06/03/2026,1 - 1860,Confirmado,06/17/2026,790 - 1,Normal,06/18/2026,1032,Orden de Compra,06/18/2026,1 - 981,Registrado,06/18/2026,INVEN - 2195,Normal,08/03/2026
,,,,,,,,,,,,,,,,,
,,,,,,,,,,,,,,,,,
,,,,,,,,,,,,,,,,,
,,,,,,,,,,,,,,,,,
995,Sol. de Gastos,06/03/2026,1 - 1886,Confirmado,06/17/2026,799 - 1,Normal,06/18/2026,1092,Orden de Compra,06/30/2026,1 - 1051,Registrado,06/30/2026,INVEN - 2218,Normal,08/06/2026
,,,,,,,,,,,,,,,,,
,,,,,,,,,,,,,,,,,
,,,,,,,,,,,,,,,,,
,,,,,,,,,,,,,,,,,
996,Sol. de Gastos,06/03/2026,1 - 1884,Confirmado,06/17/2026,770 - 1,Normal,06/17/2026,1093,Orden de Compra,06/30/2026,1 - 1052,Registrado,06/30/2026,INVEN - 2217,Normal,08/06/2026
,,,,,,,,,,,,,,,,,
,,,,,,,,,,,,,,,,,
,,,,,,,,,,,,,,,,,
,,,,,,,,,,,,,,,,,
997,Sol. de Gastos,06/03/2026,1 - 1885,Confirmado,06/17/2026,769 - 1,Normal,06/17/2026,1096,Orden de Compra,06/30/2026,1 - 1055,Registrado,06/30/2026,INVEN - 2219,Normal,08/06/2026
,,,,,,,,,,,,,,,,,
,,,,,,,,,,,,,,,,,
,,,,,,,,,,,,,,,,,
,,,,,,,,,,,,,,,,,
998,Sol. de Gastos,06/03/2026,1 - 1861,Confirmado,06/17/2026,791 - 1,Normal,06/18/2026,1095,Orden de Compra,06/30/2026,1 - 1054,Registrado,06/30/2026,INVEN - 2233,Normal,08/06/2026
,,,,,,,,,,,,,,,,,
,,,,,,,,,,,,,,,,,
,,,,,,,,,,,,,,,,,
,,,,,,,,,,,,,,,,,
999,Sol. de Gastos,06/03/2026,1 - 1767,Confirmado,06/05/2026,737 - 1,Normal,06/05/2026,994,Orden de Compra,06/09/2026,1 - 940,Registrado,06/09/2026,INVEN - 2120,Normal,07/24/2026
,,,,,,,,,,,,,,,,,
,,,,,,,,,,,,,,,,,
,,,,,,,,,,,,,,,,,
,,,,,,,,,,,,,,,,,
1000,Sol. de Gastos,06/03/2026,1 - 1857,Confirmado,06/17/2026,759 - 1,Normal,06/17/2026,1094,Orden de Compra,06/30/2026,1 - 1053,Registrado,06/30/2026,INVEN - 2234,Normal,08/06/2026
,,,,,,,,,,,,,,,,,
,,,,,,,,,,,,,,,,,
,,,,,,,,,,,,,,,,,
,,,,,,,,,,,,,,,,,
1001,Sol. de Gastos,06/03/2026,1 - 1862,Confirmado,06/17/2026,768 - 1,Normal,06/17/2026,1037,Orden de Compra,06/19/2026,1 - 990,Registrado,06/19/2026,INVEN - 2180,Normal,08/03/2026
,,,,,,,,,,,,,,,,,
,,,,,,,,,,,,,,,,,
,,,,,,,,,,,,,,,,,
,,,,,,,,,,,,,,,,,
1002,Sol. de Gastos,06/03/2026,1 - 1896,Confirmado,06/17/2026,789 - 1,Normal,06/18/2026,1038,Orden de Compra,06/19/2026,1 - 991,Registrado,06/19/2026,INVEN - 2182,Normal,08/03/2026
,,,,,,,,,,,,,,,,,
,,,,,,,,,,,,,,,,,
,,,,,,,,,,,,,,,,,
,,,,,,,,,,,,,,,,,
1003,Sol. de Gastos,06/03/2026,1 - 1863,Confirmado,06/17/2026,801 - 1,Normal,06/18/2026,1056,Orden de Compra,06/22/2026,1 - 1009,Registrado,06/22/2026,,,
,,,,,,,,,,,,,,,,,
,,,,,,,,,,,,,,,,,
,,,,,,,,,,,,,,,,,
,,,,,,,,,,,,,,,,,
1004,Sol. de Gastos,06/03/2026,1 - 1864,Confirmado,06/17/2026,800 - 1,Normal,06/18/2026,1057,Orden de Compra,06/22/2026,1 - 1010,Registrado,06/22/2026,,,
,,,,,,,,,,,,,,,,,
,,,,,,,,,,,,,,,,,
,,,,,,,,,,,,,,,,,
,,,,,,,,,,,,,,,,,
1005,Sol. de Gastos,06/04/2026,1 - 2069,Confirmado,06/30/2026,860 - 1,Normal,07/01/2026,1172,Anulado,07/13/2026,1 - 1128,Anulado,07/13/2026,,,
,,,,,,,,,,,,,,,,,
,,,,,,,,,,,,,,,,,
,,,,,,,,,,,,,,,,,
,,,,,,,,,1173,Anulado,07/13/2026,1 - 1129,Anulado,07/13/2026,,,
,,,,,,,,,,,,,,,,,
,,,,,,,,,,,,,,,,,
,,,,,,,,,,,,,,,,,
,,,,,,,,,1253,Orden de Compra,07/21/2026,1 - 1250,Registrado,07/27/2026,INVEN - 2410,Normal,08/21/2026
,,,,,,,,,,,,,,,,,
,,,,,,,,,,,,,,,,,
,,,,,,,,,,,,,,,,,
,,,,,,,,,,,,,,,,,
1006,Sol. de Gastos,06/04/2026,1 - 2132,Confirmado,07/06/2026,891 - 1,Normal,07/06/2026,1180,Orden de Compra,07/14/2026,1 - 1166,Registrado,07/17/2026,INVEN - 2260,Anulada,08/07/2026
,,,,,,,,,,,,,,,,,
,,,,,,,,,,,,,,,,,
,,,,,,,,,,,,,,,,,
,,,,,,,,,,,,,,,,,
1007,Sol. de Gastos,06/04/2026,1 - 1883,Confirmado,06/17/2026,760 - 1,Normal,06/17/2026,1021,Anulado,06/18/2026,1 - 970,Anulado,06/18/2026,,,
,,,,,,,,,,,,,,,,,
,,,,,,,,,,,,,,,,,
,,,,,,,,,,,,,,,,,
,,,,,,,,,1052,Orden de Compra,06/19/2026,1 - 1005,Registrado,06/19/2026,INVEN - 1905,Normal,07/02/2026
,,,,,,,,,,,,,,,,,
,,,,,,,,,,,,,,,,,
,,,,,,,,,,,,,,,,,
,,,,,,,,,,,,,,,,,
1008,Sol. de Gastos,06/04/2026,1 - 1895,Confirmado,06/17/2026,802 - 1,Normal,06/18/2026,1187,Orden de Compra,07/15/2026,1 - 1145,Registrado,07/15/2026,,,
,,,,,,,,,,,,,,,,,
,,,,,,,,,,,,,,,,,
,,,,,,,,,,,,,,,,,
,,,,,,,,,,,,,,,,,
1009,Sol. de Gastos,06/04/2026,1 - 1865,Confirmado,06/17/2026,792 - 1,Normal,06/18/2026,1059,Orden de Compra,06/22/2026,1 - 1015,Registrado,06/22/2026,INVEN - 2181,Normal,08/03/2026
,,,,,,,,,,,,,,,,,
,,,,,,,,,,,,,,,,,
,,,,,,,,,,,,,,,,,
,,,,,,,,,,,,,,,,,
1010,Sol. de Gastos,06/04/2026,1 - 1866,Confirmado,06/17/2026,794 - 1,Normal,06/18/2026,1062,Anulado,06/23/2026,1 - 1018,Anulado,06/23/2026,,,
,,,,,,,,,,,,,,,,,
,,,,,,,,,,,,,,,,,
,,,,,,,,,,,,,,,,,
,,,,,,,,,1065,Orden de Compra,06/23/2026,1 - 1021,Registrado,06/23/2026,INVEN - 2209,Normal,08/05/2026
,,,,,,,,,,,,,,,,,
,,,,,,,,,,,,,,,,,
,,,,,,,,,,,,,,,,,
,,,,,,,,,,,,,,,,,
1011,Ped. Suministros,06/04/2026,1 - 1867,Anulado,06/17/2026,793 - 1,Anulado,06/18/2026,,,,,,,,,
,,,,,,,,,,,,,,,,,
,,,,,,,,,,,,,,,,,
1012,Sol. de Gastos,06/04/2026,1 - 1818,Confirmado,06/11/2026,743 - 1,Normal,06/11/2026,1002,Orden de Compra,06/11/2026,1 - 1099,Registrado,07/06/2026,,,
,,,,,,,,,,,,,,,,,
,,,,,,,,,,,,,,,,,
,,,,,,,,,,,,,,,,,
,,,,,,,,,,,,,,,,,
1013,Sol. de Gastos,06/04/2026,1 - 1868,Confirmado,06/17/2026,766 - 1,Normal,06/17/2026,1097,Orden de Compra,06/30/2026,1 - 1056,Registrado,06/30/2026,INVEN - 2417,Normal,08/24/2026
,,,,,,,,,,,,,,,,,
,,,,,,,,,,,,,,,,,
,,,,,,,,,,,,,,,,,
,,,,,,,,,,,,,,,,,
1014,Sol. de Gastos,06/04/2026,1 - 1869,Confirmado,06/17/2026,782 - 1,Normal,06/18/2026,1098,Orden de Compra,06/30/2026,1 - 1057,Registrado,06/30/2026,INVEN - 2436,Normal,08/25/2026
,,,,,,,,,,,,,,,,,
,,,,,,,,,,,,,,,,,
,,,,,,,,,,,,,,,,,
,,,,,,,,,,,,,,,,,
1015,Sol. de Gastos,06/04/2026,1 - 1870,Confirmado,06/17/2026,779 - 1,Normal,06/18/2026,1099,Orden de Compra,06/30/2026,1 - 1058,Registrado,06/30/2026,INVEN - 2418,Normal,08/24/2026
,,,,,,,,,,,,,,,,,
,,,,,,,,,,,,,,,,,
,,,,,,,,,,,,,,,,,
,,,,,,,,,,,,,,,,,
1016,Sol. de Gastos,06/04/2026,1 - 1871,Confirmado,06/17/2026,783 - 1,Normal,06/18/2026,1045,Orden de Compra,06/19/2026,1 - 998,Registrado,06/19/2026,INVEN - 2202,Normal,08/04/2026
,,,,,,,,,,,,,,,,,
,,,,,,,,,,,,,,,,,
,,,,,,,,,,,,,,,,,
,,,,,,,,,,,,,,,,,
1017,Sol. de Gastos,06/04/2026,1 - 1872,Confirmado,06/17/2026,784 - 1,Normal,06/18/2026,1044,Orden de Compra,06/19/2026,1 - 997,Registrado,06/19/2026,INVEN - 2201,Normal,08/04/2026
,,,,,,,,,,,,,,,,,
,,,,,,,,,,,,,,,,,
,,,,,,,,,,,,,,,,,
,,,,,,,,,,,,,,,,,
1018,Sol. de Gastos,06/04/2026,1 - 1893,Confirmado,06/17/2026,788 - 1,Normal,06/18/2026,1074,Orden de Compra,06/25/2026,1 - 1029,Registrado,06/25/2026,INVEN - 2293,Normal,08/11/2026
,,,,,,,,,,,,,,,,,
,,,,,,,,,,,,,,,,,
,,,,,,,,,,,,,,,,,
,,,,,,,,,,,,,,,,,
1019,Sol. de Gastos,06/04/2026,1 - 1873,Confirmado,06/17/2026,787 - 1,Normal,06/18/2026,1058,Orden de Compra,06/22/2026,1 - 1014,Registrado,06/22/2026,INVEN - 2296,Normal,08/12/2026
,,,,,,,,,,,,,,,,,
,,,,,,,,,,,,,,,,,
,,,,,,,,,,,,,,,,,
,,,,,,,,,,,,,,,,,
1020,Sol. de Gastos,06/04/2026,1 - 1892,Confirmado,06/17/2026,795 - 1,Normal,06/18/2026,1029,Orden de Compra,06/18/2026,1 - 978,Registrado,06/18/2026,INVEN - 2189,Normal,08/03/2026
,,,,,,,,,,,,,,,,,
,,,,,,,,,,,,,,,INVEN - 2515,Normal,09/01/2026
,,,,,,,,,,,,,,,,,
,,,,,,,,,,,,,,,,,
,,,,,,,,,,,,,,,,,
,,,,,,,,,,,,,,,,,
1021,Sol. de Gastos,06/04/2026,1 - 2090,Confirmado,07/01/2026,864 - 1,Normal,07/01/2026,1154,Orden de Compra,07/08/2026,1 - 1112,Registrado,07/08/2026,,,
,,,,,,,,,,,,,,,,,
,,,,,,,,,,,,,,,,,
,,,,,,,,,,,,,,,,,
,,,,,,,,,,,,,,,,,
1022,Sol. de Gastos,06/04/2026,1 - 2130,Confirmado,07/06/2026,897 - 1,Normal,07/07/2026,,,,,,,,,
,,,,,,,,,,,,,,,,,
,,,,,,897 - 2,Normal,07/13/2026,1195,Orden de Compra,07/15/2026,1 - 1285,Registrado,07/31/2026,INVEN - 2308,Normal,08/12/2026
,,,,,,,,,,,,,,,,,
,,,,,,,,,,,,,,,,,
,,,,,,,,,,,,,,,,,
,,,,,,,,,,,,,,,,,
1023,Sol. de Gastos,06/04/2026,1 - 2092,Confirmado,07/01/2026,867 - 1,Normal,07/02/2026,1174,Orden de Compra,07/13/2026,1 - 1130,Registrado,07/13/2026,INVEN - 2074,Normal,07/22/2026
,,,,,,,,,,,,,,,,,
,,,,,,,,,,,,,,,,,
,,,,,,,,,,,,,,,,,
,,,,,,,,,1175,Orden de Compra,07/13/2026,1 - 1131,Registrado,07/13/2026,INVEN - 2075,Normal,07/22/2026
,,,,,,,,,,,,,,,,,
,,,,,,,,,,,,,,,,,
,,,,,,,,,,,,,,,,,
,,,,,,,,,,,,,,,,,
1024,Sol. de Gastos,06/04/2026,1 - 2228,Confirmado,07/16/2026,933 - 1,Normal,07/17/2026,1262,Orden de Compra,07/22/2026,1 - 1213,Registrado,07/22/2026,INVEN - 2270,Normal,08/10/2026
,,,,,,,,,,,,,,,,,
,,,,,,,,,,,,,,,,,
,,,,,,,,,,,,,,,,,
,,,,,,,,,,,,,,,,,
1025,Sol. de Gastos,06/04/2026,1 - 1988,Confirmado,06/26/2026,828 - 1,Normal,06/26/2026,1110,Orden de Compra,07/02/2026,1 - 1069,Registrado,07/02/2026,INVEN - 2045,Normal,07/20/2026
,,,,,,,,,,,,,,,,,
,,,,,,,,,,,,,,,,,
,,,,,,,,,,,,,,,,,
,,,,,,,,,,,,,,,,,
1026,Sol. de Gastos,06/04/2026,1 - 2108,Confirmado,07/02/2026,878 - 1,Normal,07/02/2026,1160,Orden de Compra,07/13/2026,1 - 1117,Registrado,07/13/2026,INVEN - 2091,Normal,07/23/2026
,,,,,,,,,,,,,,,,,
,,,,,,,,,,,,,,,,,
,,,,,,,,,,,,,,,,,
,,,,,,,,,,,,,,,,,
1027,Ped. Suministros,06/04/2026,,,,,,,,,,,,,,,
,,,,,,,,,,,,,,,,,
,,,,,,,,,,,,,,,,,
1028,Sol. de Gastos,06/05/2026,1 - 2079,Confirmado,07/01/2026,863 - 1,Normal,07/01/2026,1134,Orden de Compra,07/06/2026,1 - 1090,Registrado,07/06/2026,INVEN - 2307,Normal,08/12/2026
,,,,,,,,,,,,,,,,,
,,,,,,,,,,,,,,,,,
,,,,,,,,,,,,,,,,,
,,,,,,,,,,,,,,,,,
1029,Ped. Suministros,06/05/2026,,,,,,,,,,,,,,,
,,,,,,,,,,,,,,,,,
,,,,,,,,,,,,,,,,,
1030,Sol. de Gastos,06/05/2026,1 - 2101,Confirmado,07/02/2026,880 - 1,Normal,07/02/2026,1139,Orden de Compra,07/06/2026,1 - 1097,Registrado,07/06/2026,INVEN - 2096,Normal,07/23/2026
,,,,,,,,,,,,,,,,,
,,,,,,,,,,,,,,,,,
,,,,,,,,,,,,,,,,,
,,,,,,,,,,,,,,,,,
1031,Sol. de Gastos,06/05/2026,1 - 2049,Confirmado,06/30/2026,852 - 1,Normal,07/01/2026,1339,Orden de Compra,07/30/2026,1 - 1278,Registrado,07/30/2026,INVEN - 2350,Normal,08/14/2026
,,,,,,,,,,,,,,,,,
,,,,,,,,,,,,,,,INVEN - 2351,Normal,08/14/2026
,,,,,,,,,,,,,,,,,
,,,,,,,,,,,,,,,,,
,,,,,,,,,,,,,,,,,
,,,,,,,,,,,,,,,,,
1032,Sol. de Gastos,06/05/2026,1 - 1982,Confirmado,06/25/2026,821 - 1,Normal,06/26/2026,1101,Orden de Compra,06/30/2026,1 - 1060,Registrado,06/30/2026,INVEN - 1938,Normal,07/06/2026
,,,,,,,,,,,,,,,,,
,,,,,,,,,,,,,,,,,
,,,,,,,,,,,,,,,,,
,,,,,,,,,,,,,,,,,
1033,Sol. de Gastos,06/08/2026,1 - 2549,Confirmado,08/12/2026,10000085 - 1,Normal,08/12/2026,1446,Orden de Compra,08/13/2026,1 - 1385,Registrado,08/13/2026,,,
,,,,,,,,,,,,,,,,,
,,,,,,,,,,,,,,,,,
,,,,,,,,,,,,,,,,,
,,,,,,,,,,,,,,,,,
1034,Sol. de Gastos,06/08/2026,1 - 1859,Confirmado,06/17/2026,775 - 1,Normal,06/17/2026,,,,,,,,,
,,,,,,,,,,,,,,,,,
,,,,,,775 - 2,Normal,06/23/2026,1078,Orden de Compra,06/25/2026,1 - 1048,Registrado,06/30/2026,INVEN - 2214,Normal,08/06/2026
,,,,,,,,,,,,,,,,,
,,,,,,,,,,,,,,,,,
,,,,,,,,,,,,,,,,,
,,,,,,,,,,,,,,,,,
1035,Sol. de Gastos,06/08/2026,1 - 1858,Confirmado,06/17/2026,776 - 1,Normal,06/17/2026,1075,Orden de Compra,06/25/2026,1 - 1047,Registrado,06/30/2026,INVEN - 2215,Normal,08/06/2026
,,,,,,,,,,,,,,,,,
,,,,,,,,,,,,1 - 1030,Anulado,06/25/2026,,,
,,,,,,,,,,,,,,,,,
,,,,,,,,,,,,,,,,,
,,,,,,,,,,,,,,,,,
,,,,,,,,,,,,,,,,,
1036,Sol. de Gastos,06/08/2026,1 - 1981,Confirmado,06/25/2026,822 - 1,Normal,06/26/2026,1100,Orden de Compra,06/30/2026,1 - 1059,Registrado,06/30/2026,INVEN - 2048,Normal,07/20/2026
,,,,,,,,,,,,,,,,,
,,,,,,,,,,,,,,,INVEN - 2250,Normal,08/07/2026
,,,,,,,,,,,,,,,,,
,,,,,,,,,,,,,,,,,
,,,,,,,,,,,,,,,,,
,,,,,,,,,,,,,,,,,
1037,Sol. de Gastos,06/08/2026,1 - 1910,Confirmado,06/22/2026,807 - 1,Normal,06/22/2026,1068,Orden de Compra,06/23/2026,1 - 1024,Registrado,06/23/2026,INVEN - 2160,Normal,07/30/2026
,,,,,,,,,,,,,,,,,
,,,,,,,,,,,,,,,,,
,,,,,,,,,,,,,,,,,
,,,,,,,,,,,,,,,,,
1038,Ped. Suministros,06/08/2026,,,,,,,,,,,,,,,
,,,,,,,,,,,,,,,,,
,,,,,,,,,,,,,,,,,
1039,Sol. de Gastos,06/08/2026,1 - 2133,Confirmado,07/06/2026,887 - 1,Normal,07/06/2026,1303,Orden de Compra,07/28/2026,1 - 1256,Registrado,07/28/2026,,,
,,,,,,,,,,,,,,,,,
,,,,,,,,,,,,,,,,,
,,,,,,,,,,,,,,,,,
,,,,,,,,,,,,,,,,,
1040,Ped. Suministros,06/08/2026,,,,,,,,,,,,,,,
,,,,,,,,,,,,,,,,,
,,,,,,,,,,,,,,,,,
1041,Ped. Suministros,06/08/2026,,,,,,,,,,,,,,,
,,,,,,,,,,,,,,,,,
,,,,,,,,,,,,,,,,,
1042,Sol. de Gastos,06/08/2026,1 - 1874,Confirmado,06/17/2026,762 - 1,Normal,06/17/2026,1043,Orden de Compra,06/19/2026,1 - 996,Registrado,06/19/2026,INVEN - 2198,Normal,08/03/2026
,,,,,,,,,,,,,,,,,
,,,,,,,,,,,,,,,,,
,,,,,,,,,,,,,,,,,
,,,,,,,,,,,,,,,,,
1043,Sol. de Gastos,06/09/2026,1 - 1819,Confirmado,06/11/2026,745 - 1,Normal,06/11/2026,1022,Orden de Compra,06/18/2026,1 - 971,Registrado,06/18/2026,INVEN - 1891,Normal,07/01/2026
,,,,,,,,,,,,,,,,,
,,,,,,,,,,,,,,,,,
,,,,,,,,,,,,,,,,,
,,,,,,,,,,,,,,,,,
1044,Sol. de Gastos,06/09/2026,1 - 1932,Confirmado,06/23/2026,813 - 1,Normal,06/25/2026,1079,Orden de Compra,06/26/2026,1 - 1033,Registrado,06/26/2026,INVEN - 1969,Normal,07/08/2026
,,,,,,,,,,,,,,,,,
,,,,,,,,,,,,,,,,,
,,,,,,,,,,,,,,,,,
,,,,,,,,,,,,,,,,,
1045,Sol. de Gastos,06/09/2026,1 - 1909,Confirmado,06/22/2026,806 - 1,Normal,06/22/2026,1071,Orden de Compra,06/24/2026,1 - 1026,Registrado,06/24/2026,INVEN - 1989,Normal,07/13/2026
,,,,,,,,,,,,,,,,,
,,,,,,,,,,,,,,,,,
,,,,,,,,,,,,,,,,,
,,,,,,,,,,,,,,,,,
1046,Sol. de Gastos,06/09/2026,1 - 2464,Confirmado,08/06/2026,10000063 - 1,Normal,08/06/2026,1372,Orden de Compra,08/06/2026,1 - 1318,Registrado,08/06/2026,INVEN - 2339,Normal,08/14/2026
,,,,,,,,,,,,,,,,,
,,,,,,,,,,,,,,,,,
,,,,,,,,,,,,,,,,,
,,,1 - 1825,Anulado,06/11/2026,752 - 1,Anulado,06/16/2026,1240,Anulado,07/21/2026,1 - 1191,Anulado,07/21/2026,,,
,,,,,,,,,,,,,,,,,
,,,,,,,,,,,,,,,,,
,,,,,,,,,,,,,,,,,
,,,,,,,,,,,,,,,,,
1047,Ped. Suministros,06/09/2026,,,,,,,,,,,,,,,
,,,,,,,,,,,,,,,,,
,,,,,,,,,,,,,,,,,
1048,Ped. Suministros,06/09/2026,1 - 1898,Anulado,06/17/2026,781 - 1,Anulado,06/18/2026,1080,Anulado,06/26/2026,1 - 1034,Anulado,06/26/2026,,,
,,,,,,,,,,,,,,,,,
,,,,,,,,,,,,,,,,,
,,,,,,,,,,,,,,,,,
,,,,,,,,,,,,,,,,,
1049,Sol. de Gastos,06/09/2026,1 - 1875,Confirmado,06/17/2026,765 - 1,Normal,06/17/2026,1039,Orden de Compra,06/19/2026,1 - 992,Registrado,06/19/2026,INVEN - 2287,Normal,08/10/2026
,,,,,,,,,,,,,,,,,
,,,,,,,,,,,,,,,,,
,,,,,,,,,,,,,,,,,
,,,,,,,,,,,,,,,,,
1050,Sol. de Gastos,06/09/2026,1 - 1814,Confirmado,06/10/2026,742 - 1,Normal,06/10/2026,1055,Orden de Compra,06/22/2026,1 - 1045,Registrado,06/29/2026,INVEN - 2503,Normal,08/31/2026
,,,,,,,,,,,,,,,,,
,,,,,,,,,,,,,,,,,
,,,,,,,,,,,,,,,,,
,,,,,,,,,,,,,,,,,
1051,Sol. de Gastos,06/10/2026,1 - 1889,Confirmado,06/17/2026,773 - 1,Normal,06/17/2026,1025,Orden de Compra,06/18/2026,1 - 974,Registrado,06/18/2026,INVEN - 2304,Normal,08/12/2026
,,,,,,,,,,,,,,,,,
,,,,,,,,,,,,,,,,,
,,,,,,,,,,,,,,,,,
,,,,,,,,,,,,,,,,,
1052,Sol. de Gastos,06/10/2026,1 - 1888,Confirmado,06/17/2026,774 - 1,Normal,06/17/2026,1024,Orden de Compra,06/18/2026,1 - 973,Registrado,06/18/2026,INVEN - 2306,Normal,08/12/2026
,,,,,,,,,,,,,,,,,
,,,,,,,,,,,,,,,,,
,,,,,,,,,,,,,,,,,
,,,,,,,,,,,,,,,,,
1053,Sol. de Gastos,06/10/2026,1 - 2337,Confirmado,07/28/2026,982 - 1,Normal,07/29/2026,1439,Orden de Compra,08/12/2026,1 - 1378,Registrado,08/12/2026,,,
,,,,,,,,,,,,,,,,,
,,,,,,,,,,,,,,,,,
,,,,,,,,,,,,,,,,,
,,,,,,,,,,,,,,,,,
1055,Sol. de Gastos,06/10/2026,1 - 2284,Confirmado,07/23/2026,949 - 1,Normal,07/23/2026,1322,Orden de Compra,07/29/2026,1 - 1275,Registrado,07/29/2026,,,
,,,,,,,,,,,,,,,,,
,,,,,,,,,,,,,,,,,
,,,,,,,,,,,,,,,,,
,,,,,,,,,,,,,,,,,
1056,Sol. de Gastos,06/10/2026,1 - 2508,Confirmado,08/11/2026,10000080 - 1,Normal,08/11/2026,,,,,,,,,
,,,,,,,,,,,,,,,,,
,,,,,,,,,,,,,,,,,
1057,Sol. de Gastos,06/10/2026,1 - 1881,Confirmado,06/17/2026,777 - 1,Normal,06/18/2026,1584,Orden de Compra,08/27/2026,1 - 1520,Normal,08/27/2026,,,
,,,,,,,,,,,,,,,,,
,,,,,,,,,,,,,,,,,
,,,,,,,,,,,,,,,,,
,,,,,,,,,1585,Orden de Compra,08/27/2026,1 - 1521,Normal,08/27/2026,,,
,,,,,,,,,,,,,,,,,
,,,,,,,,,,,,,,,,,
,,,,,,,,,,,,,,,,,
,,,,,,,,,,,,,,,,,
1058,Sol. de Gastos,06/10/2026,1 - 1968,Confirmado,06/25/2026,814 - 1,Normal,06/25/2026,1091,Orden de Compra,06/30/2026,1 - 1050,Registrado,06/30/2026,,,
,,,,,,,,,,,,,,,,,
,,,,,,,,,,,,,,,,,
,,,,,,,,,,,,,,,,,
,,,,,,,,,,,,,,,,,
1059,Sol. de Gastos,06/10/2026,1 - 1823,Confirmado,06/11/2026,750 - 1,Normal,06/12/2026,1042,Orden de Compra,06/19/2026,1 - 995,Registrado,06/19/2026,INVEN - 1916,Normal,07/03/2026
,,,,,,,,,,,,,,,,,
,,,,,,,,,,,,,,,,,
,,,,,,,,,,,,,,,,,
,,,,,,,,,,,,,,,,,
1060,Sol. de Gastos,06/10/2026,1 - 1824,Confirmado,06/11/2026,748 - 1,Normal,06/12/2026,1064,Orden de Compra,06/23/2026,1 - 1020,Registrado,06/23/2026,INVEN - 2121,Normal,07/24/2026
,,,,,,,,,,,,,,,,,
,,,,,,,,,,,,,,,,,
,,,,,,,,,,,,,,,,,
,,,,,,,,,,,,,,,,,
1061,Ped. Suministros,06/11/2026,,,,,,,,,,,,,,,
,,,,,,,,,,,,,,,,,
,,,,,,,,,,,,,,,,,
1062,Sol. de Gastos,06/11/2026,1 - 2042,Confirmado,06/30/2026,857 - 1,Normal,07/01/2026,1260,Orden de Compra,07/22/2026,1 - 1211,Registrado,07/22/2026,INVEN - 2271,Normal,08/10/2026
,,,,,,,,,,,,,,,,,
,,,,,,,,,,,,,,,,,
,,,,,,,,,,,,,,,,,
,,,,,,,,,,,,,,,,,
1063,Sol. de Gastos,06/11/2026,1 - 2081,Confirmado,07/01/2026,861 - 1,Normal,07/01/2026,1114,Orden de Compra,07/02/2026,1 - 1073,Registrado,07/02/2026,INVEN - 2054,Normal,07/20/2026
,,,,,,,,,,,,,,,,,
,,,,,,,,,,,,,,,,,
,,,,,,,,,,,,,,,,,
,,,,,,,,,,,,,,,,,
1064,Ped. Suministros,06/11/2026,1 - 1976,Anulado,06/25/2026,825 - 1,Anulado,06/26/2026,1108,Anulado,07/01/2026,1 - 1068,Anulado,07/01/2026,,,
,,,,,,,,,,,,,,,,,
,,,,,,,,,,,,,,,,,
,,,,,,,,,,,,,,,,,
,,,,,,,,,,,,,,,,,
1065,Sol. de Gastos,06/11/2026,1 - 2438,Confirmado,08/05/2026,10000046 - 1,Normal,08/05/2026,1363,Orden de Compra,08/05/2026,1 - 1310,Registrado,08/05/2026,INVEN - 2484,Normal,08/27/2026
,,,,,,,,,,,,,,,,,
,,,,,,,,,,,,,,,,,
,,,,,,,,,,,,,,,,,
,,,,,,,,,,,,,,,,,
1066,Sol. de Gastos,06/11/2026,1 - 2080,Confirmado,07/01/2026,862 - 1,Normal,07/01/2026,1167,Orden de Compra,07/13/2026,1 - 1123,Registrado,07/13/2026,INVEN - 2064,Normal,07/21/2026
,,,,,,,,,,,,,,,,,
,,,,,,,,,,,,,,,,,
,,,,,,,,,,,,,,,,,
,,,,,,,,,,,,,,,,,
1067,Sol. de Gastos,06/11/2026,1 - 2134,Confirmado,07/06/2026,899 - 1,Normal,07/08/2026,1159,Orden de Compra,07/13/2026,1 - 1207,Registrado,07/22/2026,INVEN - 2319,Normal,08/12/2026
,,,,,,,,,,,,,,,,,
,,,,,,,,,,,,,,,INVEN - 2321,Normal,08/12/2026
,,,,,,,,,,,,,,,,,
,,,,,,,,,,,,,,,,,
,,,,,,,,,,,,,,,,,
,,,,,,,,,,,,,,,,,
1068,Sol. de Gastos,06/11/2026,1 - 1826,Confirmado,06/12/2026,749 - 1,Normal,06/12/2026,1019,Anulado,06/17/2026,1 - 968,Anulado,06/17/2026,,,
,,,,,,,,,,,,,,,,,
,,,,,,,,,,,,,,,,,
,,,,,,,,,,,,,,,,,
,,,,,,,,,1020,Orden de Compra,06/17/2026,1 - 969,Registrado,06/17/2026,,,
,,,,,,,,,,,,,,,,,
,,,,,,,,,,,,,,,,,
,,,,,,,,,,,,,,,,,
,,,,,,,,,,,,,,,,,
1069,Sol. de Gastos,06/12/2026,1 - 1850,Confirmado,06/16/2026,758 - 1,Normal,06/17/2026,1344,Orden de Compra,07/31/2026,1 - 1286,Registrado,07/31/2026,,,
,,,,,,,,,,,,,,,,,
,,,,,,,,,,,,,,,,,
,,,,,,,,,,,,,,,,,
,,,,,,,,,,,,,,,,,
1070,Sol. de Gastos,06/12/2026,1 - 2336,Confirmado,07/28/2026,980 - 1,Normal,07/29/2026,1424,Anulado,08/11/2026,1 - 1363,Anulado,08/11/2026,,,
,,,,,,,,,,,,,,,,,
,,,,,,,,,,,,,,,,,
,,,,,,,,,,,,,,,,,
,,,,,,,,,1433,Orden de Compra,08/12/2026,1 - 1373,Registrado,08/12/2026,,,
,,,,,,,,,,,,,,,,,
,,,,,,,,,,,,,,,,,
,,,,,,,,,,,,,,,,,
,,,,,,,,,,,,,,,,,
1071,Ped. Suministros,06/12/2026,,,,,,,,,,,,,,,
,,,,,,,,,,,,,,,,,
,,,,,,,,,,,,,,,,,
1072,Sol. de Gastos,06/12/2026,1 - 1837,Confirmado,06/16/2026,751 - 1,Normal,06/16/2026,1018,Orden de Compra,06/17/2026,1 - 1008,Registrado,06/22/2026,INVEN - 1902,Normal,07/02/2026
,,,,,,,,,,,,,,,,,
,,,,,,,,,,,,,,,,,
,,,,,,,,,,,,,,,,,
,,,,,,,,,,,,,,,,,
1073,Ped. Suministros,06/16/2026,,,,,,,,,,,,,,,
,,,,,,,,,,,,,,,,,
,,,,,,,,,,,,,,,,,
1074,Sol. de Gastos,06/16/2026,1 - 2442,Confirmado,08/05/2026,10000047 - 1,Normal,08/05/2026,1377,Orden de Compra,08/07/2026,1 - 1323,Registrado,08/07/2026,INVEN - 2376,Normal,08/20/2026
,,,,,,,,,,,,,,,,,
,,,,,,,,,,,,,,,,,
,,,,,,,,,,,,,,,,,
,,,,,,,,,,,,,,,,,
1075,Sol. de Gastos,06/16/2026,1 - 2608,Confirmado,08/20/2026,10000140 - 1,Normal,08/21/2026,,,,,,,,,
,,,,,,,,,,,,,,,,,
,,,,,,,,,,,,,,,,,
1076,Sol. de Gastos,06/16/2026,1 - 1933,Confirmado,06/23/2026,811 - 1,Normal,06/24/2026,1194,Orden de Compra,07/15/2026,1 - 1152,Registrado,07/15/2026,,,
,,,,,,,,,,,,,,,,,
,,,,,,,,,,,,,,,,,
,,,,,,,,,,,,,,,,,
,,,,,,,,,,,,,,,,,
1077,Sol. de Gastos,06/16/2026,1 - 1897,Confirmado,06/17/2026,798 - 1,Normal,06/18/2026,1040,Orden de Compra,06/19/2026,1 - 993,Registrado,06/19/2026,INVEN - 2337,Normal,08/14/2026
,,,,,,,,,,,,,,,,,
,,,,,,,,,,,,,,,,,
,,,,,,,,,,,,,,,,,
,,,,,,,,,,,,,,,,,
1078,Sol. de Gastos,06/16/2026,1 - 1894,Confirmado,06/17/2026,796 - 1,Normal,06/18/2026,1041,Orden de Compra,06/19/2026,1 - 994,Registrado,06/19/2026,INVEN - 2338,Normal,08/14/2026
,,,,,,,,,,,,,,,,,
,,,,,,,,,,,,,,,,,
,,,,,,,,,,,,,,,,,
,,,,,,,,,,,,,,,,,
1079,Sol. de Gastos,06/16/2026,1 - 1934,Confirmado,06/23/2026,831 - 1,Normal,06/26/2026,1179,Orden de Compra,07/14/2026,1 - 1138,Registrado,07/14/2026,INVEN - 2518,Normal,09/01/2026
,,,,,,,,,,,,,,,,,
,,,,,,,,,,,,,,,,,
,,,,,,,,,,,,,,,,,
,,,,,,,,,,,,,,,,,
1080,Ped. Suministros,06/16/2026,,,,,,,,,,,,,,,
,,,,,,,,,,,,,,,,,
,,,,,,,,,,,,,,,,,
1081,Sol. de Gastos,06/17/2026,1 - 1891,Confirmado,06/17/2026,797 - 1,Normal,06/18/2026,1051,Orden de Compra,06/19/2026,1 - 1004,Registrado,06/19/2026,INVEN - 1873,Normal,06/30/2026
,,,,,,,,,,,,,,,,,
,,,,,,,,,,,,,,,,,
,,,,,,,,,,,,,,,,,
,,,,,,,,,,,,,,,,,
1082,Sol. de Gastos,06/17/2026,1 - 2507,Confirmado,08/11/2026,10000078 - 1,Normal,08/11/2026,,,,,,,,,
,,,,,,,,,,,,,,,,,
,,,,,,,,,,,,,,,,,
1083,Sol. de Gastos,06/17/2026,1 - 1914,Confirmado,06/22/2026,809 - 1,Normal,06/22/2026,1072,Orden de Compra,06/25/2026,1 - 1027,Registrado,06/25/2026,INVEN - 2103,Normal,07/23/2026
,,,,,,,,,,,,,,,,,
,,,,,,,,,,,,,,,,,
,,,,,,,,,,,,,,,,,
,,,,,,,,,,,,,,,,,
1084,Sol. de Gastos,06/17/2026,1 - 2038,Confirmado,06/30/2026,844 - 1,Normal,06/30/2026,1144,Orden de Compra,07/07/2026,1 - 1103,Registrado,07/07/2026,INVEN - 2264,Normal,08/10/2026
,,,,,,,,,,,,,,,,,
,,,,,,,,,,,,,,,INVEN - 2265,Normal,08/10/2026
,,,,,,,,,,,,,,,,,
,,,,,,,,,,,,,,,INVEN - 2353,Normal,08/14/2026
,,,,,,,,,,,,,,,,,
,,,,,,,,,,,,,,,,,
,,,,,,,,,,,,,,,,,
,,,,,,,,,,,,,,,,,
1085,Sol. de Gastos,06/17/2026,1 - 2088,Confirmado,07/01/2026,874 - 1,Normal,07/02/2026,,,,,,,,,
,,,,,,,,,,,,,,,,,
,,,,,,,,,,,,,,,,,
1086,Sol. de Gastos,06/17/2026,1 - 2037,Confirmado,06/30/2026,846 - 1,Normal,07/01/2026,1142,Orden de Compra,07/07/2026,1 - 1101,Registrado,07/07/2026,,,
,,,,,,,,,,,,,,,,,
,,,,,,,,,,,,,,,,,
,,,,,,,,,,,,,,,,,
,,,,,,,,,,,,,,,,,
1087,Sol. de Gastos,06/17/2026,1 - 2401,Confirmado,07/31/2026,10000039 - 1,Normal,08/05/2026,1423,Orden de Compra,08/11/2026,1 - 1362,Registrado,08/11/2026,,,
,,,,,,,,,,,,,,,,,
,,,,,,,,,,,,,,,,,
,,,,,,,,,,,,,,,,,
,,,,,,,,,,,,,,,,,
1088,Sol. de Gastos,06/17/2026,1 - 2035,Confirmado,06/30/2026,847 - 1,Normal,07/01/2026,,,,,,,,,
,,,,,,,,,,,,,,,,,
,,,,,,847 - 2,Normal,07/07/2026,,,,,,,,,
,,,,,,,,,,,,,,,,,
,,,,,,847 - 3,Normal,07/15/2026,1277,Orden de Compra,07/23/2026,1 - 1228,Registrado,07/23/2026,,,
,,,,,,,,,,,,,,,,,
,,,,,,,,,,,,,,,,,
,,,,,,,,,,,,,,,,,
,,,,,,,,,1278,Anulado,07/23/2026,1 - 1229,Anulado,07/23/2026,,,
,,,,,,,,,,,,,,,,,
,,,,,,,,,,,,,,,,,
,,,,,,,,,,,,,,,,,
,,,,,,,,,1281,Orden de Compra,07/24/2026,1 - 1232,Registrado,07/24/2026,,,
,,,,,,,,,,,,,,,,,
,,,,,,,,,,,,,,,,,
,,,,,,,,,,,,,,,,,
,,,,,,,,,,,,,,,,,
1089,Sol. de Gastos,06/17/2026,1 - 2500,Confirmado,08/11/2026,10000076 - 1,Normal,08/11/2026,1448,Orden de Compra,08/13/2026,1 - 1387,Registrado,08/13/2026,,,
,,,,,,,,,,,,,,,,,
,,,,,,,,,,,,,,,,,
,,,,,,,,,,,,,,,,,
,,,,,,,,,,,,,,,,,
1090,Ped. Suministros,06/17/2026,,,,,,,,,,,,,,,
,,,,,,,,,,,,,,,,,
,,,,,,,,,,,,,,,,,
1091,Sol. de Gastos,06/17/2026,1 - 2135,Confirmado,07/06/2026,888 - 1,Normal,07/06/2026,,,,,,,,,
,,,,,,,,,,,,,,,,,
,,,,,,,,,,,,,,,,,
1092,Sol. de Gastos,06/17/2026,1 - 2333,Confirmado,07/28/2026,976 - 1,Normal,07/29/2026,,,,,,,,,
,,,,,,,,,,,,,,,,,
,,,,,,,,,,,,,,,,,
1093,Sol. de Gastos,06/17/2026,1 - 2545,Confirmado,08/12/2026,10000105 - 1,Normal,08/12/2026,1512,Anulado,08/24/2026,1 - 1457,Anulado,08/24/2026,,,
,,,,,,,,,,,,,,,,,
,,,,,,,,,,,,,,,,,
,,,,,,,,,,,,,,,,,
,,,,,,,,,1518,Orden de Compra,08/24/2026,1 - 1463,Registrado,08/24/2026,,,
,,,,,,,,,,,,,,,,,
,,,,,,,,,,,,,,,,,
,,,,,,,,,,,,,,,,,
,,,,,,,,,,,,,,,,,
1094,Sol. de Gastos,06/17/2026,1 - 2034,Confirmado,06/30/2026,841 - 1,Normal,06/30/2026,1341,Orden de Compra,07/30/2026,1 - 1281,Registrado,07/30/2026,INVEN - 2362,Normal,08/19/2026
,,,,,,,,,,,,,,,,,
,,,,,,,,,,,,,,,,,
,,,,,,,,,,,,,,,,,
,,,,,,,,,,,,,,,,,
1095,Sol. de Gastos,06/17/2026,1 - 2033,Confirmado,06/30/2026,839 - 1,Normal,06/30/2026,1119,Orden de Compra,07/03/2026,1 - 1078,Registrado,07/03/2026,INVEN - 2434,Normal,08/25/2026
,,,,,,,,,,,,,,,,,
,,,,,,,,,,,,,,,,,
,,,,,,,,,,,,,,,,,
,,,,,,,,,,,,,,,,,
1096,Ped. Suministros,06/17/2026,,,,,,,,,,,,,,,
,,,,,,,,,,,,,,,,,
,,,,,,,,,,,,,,,,,
1097,Sol. de Gastos,06/17/2026,1 - 2342,Confirmado,07/28/2026,983 - 1,Normal,07/29/2026,1403,Orden de Compra,08/10/2026,1 - 1344,Registrado,08/10/2026,INVEN - 2470,Normal,08/27/2026
,,,,,,,,,,,,,,,,,
,,,,,,,,,,,,,,,,,
,,,,,,,,,,,,,,,,,
,,,,,,,,,1405,Orden de Compra,08/10/2026,1 - 1346,Registrado,08/10/2026,,,
,,,,,,,,,,,,,,,,,
,,,,,,,,,,,,,,,,,
,,,,,,,,,,,,,,,,,
,,,1 - 2313,Anulado,07/27/2026,,,,,,,,,,,,
,,,,,,,,,,,,,,,,,
,,,,,,,,,,,,,,,,,
1098,Sol. de Gastos,06/18/2026,1 - 2030,Confirmado,06/30/2026,851 - 1,Normal,07/01/2026,1178,Anulado,07/14/2026,1 - 1137,Anulado,07/14/2026,,,
,,,,,,,,,,,,,,,,,
,,,,,,,,,,,,,,,,,
,,,,,,,,,,,,,,,,,
,,,,,,,,,1254,Orden de Compra,07/21/2026,1 - 1201,Registrado,07/21/2026,,,
,,,,,,,,,,,,,,,,,
,,,,,,,,,,,,,,,,,
,,,,,,,,,,,,,,,,,
,,,,,,,,,,,,,,,,,
1099,Sol. de Gastos,06/18/2026,1 - 2544,Confirmado,08/12/2026,10000094 - 1,Normal,08/12/2026,,,,,,,,,
,,,,,,,,,,,,,,,,,
,,,,,,,,,,,,,,,,,
1100,Sol. de Gastos,06/18/2026,1 - 1902,Confirmado,06/18/2026,803 - 1,Anulado,06/18/2026,,,,,,,,,
,,,,,,,,,,,,,,,,,
,,,,,,804 - 1,Normal,06/19/2026,1054,Orden de Compra,06/19/2026,1 - 1007,Registrado,06/19/2026,INVEN - 1999,Normal,07/14/2026
,,,,,,,,,,,,,,,,,
,,,,,,,,,,,,,,,,,
,,,,,,,,,,,,,,,,,
,,,,,,,,,,,,,,,,,
1101,Sol. de Gastos,06/18/2026,1 - 2364,Confirmado,07/30/2026,991 - 1,Normal,07/31/2026,1355,Orden de Compra,08/03/2026,1 - 1297,Registrado,08/03/2026,,,
,,,,,,,,,,,,,,,,,
,,,,,,,,,,,,,,,,,
,,,,,,,,,,,,,,,,,
,,,,,,,,,,,,,,,,,
1102,Ped. Suministros,06/18/2026,,,,,,,,,,,,,,,
,,,,,,,,,,,,,,,,,
,,,,,,,,,,,,,,,,,
1103,Ped. Suministros,06/18/2026,,,,,,,,,,,,,,,
,,,,,,,,,,,,,,,,,
,,,,,,,,,,,,,,,,,
1104,Sol. de Gastos,06/18/2026,1 - 2207,Confirmado,07/13/2026,908 - 1,Normal,07/13/2026,1315,Orden de Compra,07/29/2026,1 - 1268,Registrado,07/29/2026,,,
,,,,,,,,,,,,,,,,,
,,,,,,,,,,,,,,,,,
,,,,,,,,,,,,,,,,,
,,,,,,,,,1316,Orden de Compra,07/29/2026,1 - 1269,Registrado,07/29/2026,,,
,,,,,,,,,,,,,,,,,
,,,,,,,,,,,,,,,,,
,,,,,,,,,,,,,,,,,
,,,,,,,,,,,,,,,,,
1105,Sol. de Gastos,06/18/2026,1 - 2116,Confirmado,07/02/2026,881 - 1,Normal,07/03/2026,1128,Orden de Compra,07/03/2026,1 - 1087,Registrado,07/03/2026,INVEN - 2237,Normal,08/07/2026
,,,,,,,,,,,,,,,,,
,,,,,,,,,,,,,,,,,
,,,,,,,,,,,,,,,,,
,,,,,,,,,,,,,,,,,
1106,Sol. de Gastos,06/18/2026,1 - 2245,Confirmado,07/16/2026,923 - 1,Normal,07/17/2026,1219,Anulado,07/17/2026,1 - 1170,Anulado,07/17/2026,,,
,,,,,,,,,,,,,,,,,
,,,,,,,,,,,,,,,,,
,,,,,,,,,,,,,,,,,
,,,,,,,,,1228,Anulado,07/20/2026,1 - 1179,Anulado,07/20/2026,,,
,,,,,,,,,,,,,,,,,
,,,,,,,,,,,,,,,,,
,,,,,,,,,,,,,,,,,
,,,,,,,,,1234,Orden de Compra,07/20/2026,1 - 1185,Registrado,07/20/2026,INVEN - 2226,Normal,08/06/2026
,,,,,,,,,,,,,,,,,
,,,,,,,,,,,,,,,,,
,,,,,,,,,,,,,,,,,
,,,,,,,,,,,,,,,,,
1107,Sol. de Gastos,06/19/2026,1 - 1911,Confirmado,06/22/2026,808 - 1,Normal,06/22/2026,1060,Orden de Compra,06/22/2026,1 - 1016,Registrado,06/22/2026,INVEN - 2059,Normal,07/21/2026
,,,,,,,,,,,,,,,,,
,,,,,,,,,,,,,,,,,
,,,,,,,,,,,,,,,,,
,,,,,,,,,,,,,,,,,
1108,Sol. de Gastos,06/19/2026,1 - 2123,Confirmado,07/03/2026,883 - 1,Normal,07/03/2026,1129,Orden de Compra,07/03/2026,1 - 1088,Registrado,07/03/2026,INVEN - 2231,Normal,08/06/2026
,,,,,,,,,,,,,,,,,
,,,,,,,,,,,,,,,,,
,,,,,,,,,,,,,,,,,
,,,,,,,,,,,,,,,,,
1109,Sol. de Gastos,06/19/2026,1 - 1979,Confirmado,06/25/2026,836 - 1,Normal,06/29/2026,1124,Orden de Compra,07/03/2026,1 - 1083,Registrado,07/03/2026,,,
,,,,,,,,,,,,,,,,,
,,,,,,,,,,,,,,,,,
,,,,,,,,,,,,,,,,,
,,,,,,,,,,,,,,,,,
1110,Sol. de Gastos,06/19/2026,1 - 2068,Confirmado,06/30/2026,855 - 1,Normal,07/01/2026,1123,Orden de Compra,07/03/2026,1 - 1082,Registrado,07/03/2026,INVEN - 2080,Normal,07/22/2026
,,,,,,,,,,,,,,,,,
,,,,,,,,,,,,,,,,,
,,,,,,,,,,,,,,,,,
,,,,,,,,,,,,,,,,,
1111,Sol. de Gastos,06/19/2026,1 - 2087,Confirmado,07/01/2026,872 - 1,Normal,07/02/2026,1259,Orden de Compra,07/22/2026,1 - 1210,Registrado,07/22/2026,,,
,,,,,,,,,,,,,,,,,
,,,,,,,,,,,,,,,,,
,,,,,,,,,,,,,,,,,
,,,,,,,,,,,,,,,,,
1112,Sol. de Gastos,06/22/2026,1 - 2052,Confirmado,06/30/2026,849 - 1,Normal,07/01/2026,1250,Orden de Compra,07/21/2026,1 - 1198,Registrado,07/21/2026,INVEN - 2357,Normal,08/19/2026
,,,,,,,,,,,,,,,,,
,,,,,,,,,,,,,,,,,
,,,,,,,,,,,,,,,,,
,,,,,,,,,,,,,,,,,
1113,Sol. de Gastos,06/22/2026,1 - 2378,Confirmado,07/31/2026,10000020 - 1,Normal,08/03/2026,1493,Anulado,08/20/2026,1 - 1439,Anulado,08/20/2026,,,
,,,,,,,,,,,,,,,,,
,,,,,,,,,,,,,,,,,
,,,,,,,,,,,,,,,,,
,,,,,,,,,1494,Anulado,08/20/2026,1 - 1440,Anulado,08/20/2026,,,
,,,,,,,,,,,,,,,,,
,,,,,,,,,,,,,,,,,
,,,,,,,,,,,,,,,,,
,,,,,,,,,1575,Orden de Compra,08/26/2026,1 - 1511,Registrado,08/26/2026,,,
,,,,,,,,,,,,,,,,,
,,,,,,,,,,,,,,,,,
,,,,,,,,,,,,,,,,,
,,,,,,,,,1576,Orden de Compra,08/26/2026,1 - 1512,Registrado,08/26/2026,,,
,,,,,,,,,,,,,,,,,
,,,,,,,,,,,,,,,,,
,,,,,,,,,,,,,,,,,
,,,,,,,,,,,,,,,,,
1115,Sol. de Gastos,06/22/2026,1 - 1974,Confirmado,06/25/2026,819 - 1,Normal,06/25/2026,1118,Orden de Compra,07/02/2026,1 - 1077,Registrado,07/02/2026,,,
,,,,,,,,,,,,,,,,,
,,,,,,,,,,,,,,,,,
,,,,,,,,,,,,,,,,,
,,,,,,,,,,,,,,,,,
1116,Sol. de Gastos,06/22/2026,1 - 2658,Confirmado,08/24/2026,10000167 - 1,Normal,08/25/2026,,,,,,,,,
,,,,,,,,,,,,,,,,,
,,,,,,,,,,,,,,,,,
1117,Sol. de Gastos,06/22/2026,1 - 1940,Confirmado,06/23/2026,812 - 1,Normal,06/24/2026,1109,Orden de Compra,07/01/2026,1 - 1067,Registrado,07/01/2026,,,
,,,,,,,,,,,,,,,,,
,,,,,,,,,,,,,,,,,
,,,,,,,,,,,,,,,,,
,,,,,,,,,,,,,,,,,
1118,Sol. de Gastos,06/22/2026,1 - 1978,Confirmado,06/25/2026,826 - 1,Normal,06/26/2026,1084,Orden de Compra,06/29/2026,1 - 1038,Registrado,06/29/2026,INVEN - 2141,Normal,07/28/2026
,,,,,,,,,,,,,,,,,
,,,,,,,,,,,,,,,INVEN - 2142,Normal,07/28/2026
,,,,,,,,,,,,,,,,,
,,,,,,,,,,,,,,,,,
,,,,,,,,,,,,,,,,,
,,,,,,,,,,,,,,,,,
1119,Sol. de Gastos,06/22/2026,1 - 2091,Confirmado,07/01/2026,868 - 1,Normal,07/02/2026,,,,,,,,,
,,,,,,,,,,,,,,,,,
,,,,,,,,,,,,,,,,,
1120,Sol. de Gastos,06/22/2026,1 - 2306,Confirmado,07/24/2026,964 - 1,Normal,07/24/2026,1298,Orden de Compra,07/27/2026,1 - 1249,Registrado,07/27/2026,INVEN - 2213,Normal,08/06/2026
,,,,,,,,,,,,,,,,,
,,,,,,,,,,,,,,,,,
,,,,,,,,,,,,,,,,,
,,,,,,,,,,,,,,,,,
1121,Sol. de Gastos,06/22/2026,1 - 1980,Confirmado,06/25/2026,823 - 1,Normal,06/26/2026,1261,Orden de Compra,07/22/2026,1 - 1212,Registrado,07/22/2026,INVEN - 2269,Normal,08/10/2026
,,,,,,,,,,,,,,,,,
,,,,,,,,,,,,,,,,,
,,,,,,,,,,,,,,,,,
,,,,,,,,,,,,,,,,,
1122,Sol. de Gastos,06/23/2026,1 - 1965,Confirmado,06/25/2026,817 - 1,Normal,06/25/2026,1115,Orden de Compra,07/02/2026,1 - 1074,Registrado,07/02/2026,ALMAC - 29,Confirmada,07/27/2026
,,,,,,,,,,,,,,,,,
,,,,,,,,,,,,,,,ALMAC - 30,Confirmada,07/27/2026
,,,,,,,,,,,,,,,,,
,,,,,,,,,,,,,,,,,
,,,,,,,,,,,,,,,,,
,,,,,,,,,,,,,,,,,
1123,Sol. de Gastos,06/23/2026,1 - 2136,Confirmado,07/06/2026,894 - 1,Normal,07/06/2026,1141,Orden de Compra,07/06/2026,1 - 1100,Registrado,07/06/2026,INVEN - 2381,Normal,08/20/2026
,,,,,,,,,,,,,,,,,
,,,,,,,,,,,,,,,,,
,,,,,,,,,,,,,,,,,
,,,,,,,,,,,,,,,,,
1124,Sol. de Gastos,06/23/2026,1 - 2031,Confirmado,06/30/2026,856 - 1,Normal,07/01/2026,1117,Orden de Compra,07/02/2026,1 - 1076,Registrado,07/02/2026,,,
,,,,,,,,,,,,,,,,,
,,,,,,,,,,,,,,,,,
,,,,,,,,,,,,,,,,,
,,,,,,,,,,,,,,,,,
1125,Sol. de Gastos,06/23/2026,1 - 2316,Confirmado,07/27/2026,968 - 1,Normal,07/27/2026,1313,Orden de Compra,07/29/2026,1 - 1266,Registrado,07/29/2026,,,
,,,,,,,,,,,,,,,,,
,,,,,,,,,,,,,,,,,
,,,,,,,,,,,,,,,,,
,,,,,,,,,,,,,,,,,
1126,Sol. de Gastos,06/23/2026,1 - 2627,Confirmado,08/21/2026,10000162 - 1,Normal,08/24/2026,1561,Orden de Compra,08/26/2026,1 - 1497,Registrado,08/26/2026,,,
,,,,,,,,,,,,,,,,,
,,,,,,,,,,,,,,,,,
,,,,,,,,,,,,,,,,,
,,,,,,,,,,,,,,,,,
1127,Sol. de Gastos,06/24/2026,1 - 2137,Confirmado,07/06/2026,895 - 1,Normal,07/06/2026,1149,Orden de Compra,07/08/2026,1 - 1107,Registrado,07/08/2026,,,
,,,,,,,,,,,,,,,,,
,,,,,,,,,,,,,,,,,
,,,,,,,,,,,,,,,,,
,,,,,,,,,,,,,,,,,
1128,Sol. de Gastos,06/24/2026,1 - 2117,Confirmado,07/02/2026,886 - 1,Normal,07/06/2026,1491,Orden de Compra,08/20/2026,1 - 1437,Registrado,08/20/2026,,,
,,,,,,,,,,,,,,,,,
,,,,,,,,,,,,,,,,,
,,,,,,,,,,,,,,,,,
,,,,,,,,,,,,,,,,,
1129,Sol. de Gastos,06/24/2026,1 - 2241,Confirmado,07/16/2026,930 - 1,Normal,07/17/2026,1283,Orden de Compra,07/24/2026,1 - 1234,Registrado,07/24/2026,,,
,,,,,,,,,,,,,,,,,
,,,,,,,,,,,,,,,,,
,,,,,,,,,,,,,,,,,
,,,,,,,,,,,,,,,,,
1130,Sol. de Gastos,06/24/2026,1 - 1975,Confirmado,06/25/2026,824 - 1,Normal,06/26/2026,1085,Anulado,06/29/2026,1 - 1039,Anulado,06/29/2026,,,
,,,,,,,,,,,,,,,,,
,,,,,,,,,,,,,,,,,
,,,,,,,,,,,,,,,,,
,,,,,,,,,1089,Orden de Compra,06/29/2026,1 - 1046,Registrado,06/29/2026,INVEN - 1926,Normal,07/06/2026
,,,,,,,,,,,,,,,,,
,,,,,,,,,,,,,,,INVEN - 2325,Normal,08/12/2026
,,,,,,,,,,,,,,,,,
,,,,,,,,,,,,1 - 1044,Anulado,06/29/2026,,,
,,,,,,,,,,,,,,,,,
,,,,,,,,,,,,,,,,,
,,,,,,,,,,,,,,,,,
,,,,,,,,,,,,,,,,,
1131,Sol. de Gastos,06/24/2026,1 - 2122,Confirmado,07/03/2026,882 - 1,Normal,07/03/2026,1156,Orden de Compra,07/13/2026,1 - 1114,Registrado,07/13/2026,INVEN - 2366,Normal,08/19/2026
,,,,,,,,,,,,,,,,,
,,,,,,,,,,,,,,,,,
,,,,,,,,,,,,,,,,,
,,,,,,,,,,,,,,,,,
1132,Sol. de Gastos,06/24/2026,1 - 2584,Confirmado,08/14/2026,10000119 - 1,Normal,08/14/2026,1562,Orden de Compra,08/26/2026,1 - 1498,Registrado,08/26/2026,,,
,,,,,,,,,,,,,,,,,
,,,,,,,,,,,,,,,,,
,,,,,,,,,,,,,,,,,
,,,,,,,,,,,,,,,,,
1133,Sol. de Gastos,06/24/2026,1 - 1987,Confirmado,06/26/2026,827 - 1,Normal,06/26/2026,1082,Orden de Compra,06/26/2026,1 - 1036,Registrado,06/26/2026,INVEN - 1906,Normal,07/02/2026
,,,,,,,,,,,,,,,,,
,,,,,,,,,,,,,,,,,
,,,,,,,,,,,,,,,,,
,,,,,,,,,,,,,,,,,
1134,Sol. de Gastos,06/24/2026,1 - 2285,Confirmado,07/23/2026,948 - 1,Normal,07/23/2026,1280,Orden de Compra,07/24/2026,1 - 1231,Registrado,07/24/2026,INVEN - 2225,Normal,08/06/2026
,,,,,,,,,,,,,,,,,
,,,,,,,,,,,,,,,,,
,,,,,,,,,,,,,,,,,
,,,,,,,,,,,,,,,,,
1135,Ped. Suministros,06/24/2026,,,,,,,,,,,,,,,
,,,,,,,,,,,,,,,,,
,,,,,,,,,,,,,,,,,
1136,Sol. de Gastos,06/24/2026,1 - 2307,Confirmado,07/24/2026,965 - 1,Normal,07/27/2026,1343,Orden de Compra,07/31/2026,1 - 1284,Registrado,07/31/2026,,,
,,,,,,,,,,,,,,,,,
,,,,,,,,,,,,,,,,,
,,,,,,,,,,,,,,,,,
,,,,,,,,,,,,,,,,,
1137,Sol. de Gastos,06/24/2026,1 - 2078,Confirmado,07/01/2026,848 - 1,Normal,07/01/2026,1116,Orden de Compra,07/02/2026,1 - 1075,Registrado,07/02/2026,INVEN - 1971,Normal,07/08/2026
,,,,,,,,,,,,,,,,,
,,,,,,,,,,,,,,,,,
,,,,,,,,,,,,,,,,,
,,,,,,,,,,,,,,,,,
1138,Sol. de Gastos,06/25/2026,1 - 2239,Confirmado,07/16/2026,919 - 1,Normal,07/16/2026,1215,Orden de Compra,07/16/2026,1 - 1165,Registrado,07/16/2026,INVEN - 2089,Normal,07/23/2026
,,,,,,,,,,,,,,,,,
,,,,,,,,,,,,,,,,,
,,,,,,,,,,,,,,,,,
,,,1 - 1986,Anulado,06/25/2026,832 - 1,Anulado,06/26/2026,1143,Anulado,07/07/2026,1 - 1102,Anulado,07/07/2026,,,
,,,,,,,,,,,,,,,,,
,,,,,,,,,,,,,,,,,
,,,,,,,,,,,,,,,,,
,,,,,,,,,,,,,,,,,
1139,Sol. de Gastos,06/25/2026,1 - 2085,Confirmado,07/01/2026,873 - 1,Normal,07/02/2026,1122,Orden de Compra,07/03/2026,1 - 1081,Registrado,07/03/2026,,,
,,,,,,,,,,,,,,,,,
,,,,,,,,,,,,,,,,,
,,,,,,,,,,,,,,,,,
,,,,,,,,,,,,,,,,,
1140,Ped. Suministros,06/25/2026,,,,,,,,,,,,,,,
,,,,,,,,,,,,,,,,,
,,,,,,,,,,,,,,,,,
1141,Ped. Suministros,06/25/2026,1 - 1985,Anulado,06/25/2026,833 - 1,Anulado,06/26/2026,1088,Anulado,06/29/2026,1 - 1042,Anulado,06/29/2026,,,
,,,,,,,,,,,,,,,,,
,,,,,,,,,,,,,,,,,
,,,,,,,,,,,,,,,,,
,,,,,,,,,,,,,,,,,
1142,Sol. de Gastos,06/25/2026,1 - 2029,Confirmado,06/30/2026,845 - 1,Normal,06/30/2026,1279,Orden de Compra,07/23/2026,1 - 1230,Registrado,07/23/2026,INVEN - 2267,Normal,08/10/2026
,,,,,,,,,,,,,,,,,
,,,,,,,,,,,,,,,,,
,,,,,,,,,,,,,,,,,
,,,,,,,,,,,,,,,,,
1143,Sol. de Gastos,06/25/2026,1 - 2335,Confirmado,07/28/2026,975 - 1,Normal,07/29/2026,1394,Orden de Compra,08/07/2026,1 - 1336,Registrado,08/07/2026,,,
,,,,,,,,,,,,,,,,,
,,,,,,,,,,,,,,,,,
,,,,,,,,,,,,,,,,,
,,,,,,,,,,,,,,,,,
1144,Sol. de Gastos,06/25/2026,1 - 2543,Confirmado,08/12/2026,10000092 - 1,Normal,08/12/2026,,,,,,,,,
,,,,,,,,,,,,,,,,,
,,,,,,,,,,,,,,,,,
1145,Ped. Suministros,06/25/2026,,,,,,,,,,,,,,,
,,,,,,,,,,,,,,,,,
,,,,,,,,,,,,,,,,,
1146,Sol. de Gastos,06/25/2026,1 - 1989,Confirmado,06/26/2026,834 - 1,Normal,06/26/2026,1251,Orden de Compra,07/21/2026,1 - 1199,Registrado,07/21/2026,INVEN - 2316,Normal,08/12/2026
,,,,,,,,,,,,,,,,,
,,,,,,,,,,,,,,,,,
,,,,,,,,,,,,,,,,,
,,,,,,,,,,,,,,,,,
1147,Sol. de Gastos,06/25/2026,1 - 1990,Confirmado,06/26/2026,835 - 1,Normal,06/26/2026,1105,Orden de Compra,07/01/2026,1 - 1064,Registrado,07/01/2026,INVEN - 2465,Normal,08/27/2026
,,,,,,,,,,,,,,,,,
,,,,,,,,,,,,,,,,,
,,,,,,,,,,,,,,,,,
,,,,,,,,,,,,,,,,,
1148,Sol. de Gastos,06/26/2026,1 - 2242,Confirmado,07/16/2026,935 - 1,Normal,07/17/2026,1284,Orden de Compra,07/24/2026,1 - 1235,Registrado,07/24/2026,,,
,,,,,,,,,,,,,,,,,
,,,,,,,,,,,,,,,,,
,,,,,,,,,,,,,,,,,
,,,,,,,,,,,,,,,,,
1149,Sol. de Gastos,06/26/2026,1 - 2020,Confirmado,06/29/2026,837 - 1,Normal,06/29/2026,1206,Orden de Compra,07/15/2026,1 - 1156,Registrado,07/15/2026,,,
,,,,,,,,,,,,,,,,,
,,,,,,,,,,,,,,,,,
,,,,,,,,,,,,,,,,,
,,,,,,,,,,,,,,,,,
1150,Sol. de Gastos,06/26/2026,1 - 2129,Confirmado,07/06/2026,892 - 1,Normal,07/06/2026,1148,Orden de Compra,07/08/2026,1 - 1106,Registrado,07/08/2026,INVEN - 2055,Normal,07/20/2026
,,,,,,,,,,,,,,,,,
,,,,,,,,,,,,,,,,,
,,,,,,,,,,,,,,,,,
,,,,,,,,,,,,,,,,,
1151,Sol. de Gastos,06/26/2026,1 - 2312,Confirmado,07/27/2026,970 - 1,Normal,07/28/2026,1378,Orden de Compra,08/07/2026,1 - 1324,Registrado,08/07/2026,,,
,,,,,,,,,,,,,,,,,
,,,,,,,,,,,,,,,,,
,,,,,,,,,,,,,,,,,
,,,,,,,,,1379,Orden de Compra,08/07/2026,1 - 1325,Registrado,08/07/2026,,,
,,,,,,,,,,,,,,,,,
,,,,,,,,,,,,,,,,,
,,,,,,,,,,,,,,,,,
,,,,,,,,,1380,Orden de Compra,08/07/2026,1 - 1326,Registrado,08/07/2026,,,
,,,,,,,,,,,,,,,,,
,,,,,,,,,,,,,,,,,
,,,,,,,,,,,,,,,,,
,,,,,,,,,,,,,,,,,
1152,Sol. de Gastos,06/26/2026,1 - 2240,Confirmado,07/16/2026,926 - 1,Normal,07/17/2026,1282,Orden de Compra,07/24/2026,1 - 1233,Registrado,07/24/2026,,,
,,,,,,,,,,,,,,,,,
,,,,,,,,,,,,,,,,,
,,,,,,,,,,,,,,,,,
,,,,,,,,,,,,,,,,,
1153,Sol. de Gastos,06/26/2026,1 - 2086,Confirmado,07/01/2026,871 - 1,Normal,07/02/2026,1120,Orden de Compra,07/03/2026,1 - 1079,Registrado,07/03/2026,INVEN - 2133,Normal,07/27/2026
,,,,,,,,,,,,,,,,,
,,,,,,,,,,,,,,,,,
,,,,,,,,,,,,,,,,,
,,,,,,,,,,,,,,,,,
1154,Sol. de Gastos,06/26/2026,1 - 2237,Confirmado,07/16/2026,927 - 1,Normal,07/17/2026,1360,Orden de Compra,08/04/2026,1 - 1307,Registrado,08/04/2026,,,
,,,,,,,,,,,,,,,,,
,,,,,,,,,,,,,,,,,
,,,,,,,,,,,,,,,,,
,,,,,,,,,,,,,,,,,
1155,Sol. de Gastos,06/26/2026,1 - 2565,Confirmado,08/13/2026,10000133 - 1,Normal,08/19/2026,,,,,,,,,
,,,,,,,,,,,,,,,,,
,,,,,,10000133 - 2,Normal,08/25/2026,,,,,,,,,
,,,,,,,,,,,,,,,,,
,,,,,,,,,,,,,,,,,
1156,Sol. de Gastos,06/26/2026,1 - 2398,Confirmado,07/31/2026,10000010 - 1,Normal,08/03/2026,1432,Anulado,08/12/2026,1 - 1370,Anulado,08/12/2026,,,
,,,,,,,,,,,,,,,,,
,,,,,,,,,,,,,,,,,
,,,,,,,,,,,,,,,,,
,,,,,,,,,1438,Orden de Compra,08/12/2026,1 - 1379,Registrado,08/12/2026,INVEN - 2501,Normal,08/31/2026
,,,,,,,,,,,,,,,,,
,,,,,,,,,,,,,,,,,
,,,,,,,,,,,,,,,,,
,,,,,,,,,,,,,,,,,
1157,Sol. de Gastos,06/26/2026,1 - 2399,Confirmado,07/31/2026,997 - 1,Normal,08/03/2026,1422,Orden de Compra,08/11/2026,1 - 1361,Registrado,08/11/2026,INVEN - 2500,Normal,08/31/2026
,,,,,,,,,,,,,,,,,
,,,,,,,,,,,,,,,,,
,,,,,,,,,,,,,,,,,
,,,,,,,,,,,,,,,,,
1158,Sol. de Gastos,06/26/2026,1 - 2238,Confirmado,07/16/2026,928 - 1,Normal,07/17/2026,1419,Orden de Compra,08/11/2026,1 - 1358,Registrado,08/11/2026,,,
,,,,,,,,,,,,,,,,,
,,,,,,,,,,,,,,,,,
,,,,,,,,,,,,,,,,,
,,,,,,,,,1420,Orden de Compra,08/11/2026,1 - 1359,Registrado,08/11/2026,,,
,,,,,,,,,,,,,,,,,
,,,,,,,,,,,,,,,,,
,,,,,,,,,,,,,,,,,
,,,,,,,,,,,,,,,,,
1159,Sol. de Gastos,06/26/2026,1 - 2283,Confirmado,07/23/2026,947 - 1,Normal,07/23/2026,1340,Orden de Compra,07/30/2026,1 - 1280,Registrado,07/30/2026,,,
,,,,,,,,,,,,,,,,,
,,,,,,,,,,,,,,,,,
,,,,,,,,,,,,,,,,,
,,,,,,,,,,,,,,,,,
1160,Sol. de Gastos,06/29/2026,1 - 2118,Confirmado,07/02/2026,884 - 1,Normal,07/03/2026,1138,Orden de Compra,07/06/2026,1 - 1096,Registrado,07/06/2026,INVEN - 2127,Normal,07/24/2026
,,,,,,,,,,,,,,,,,
,,,,,,,,,,,,,,,,,
,,,,,,,,,,,,,,,,,
,,,,,,,,,,,,,,,,,
1161,Sol. de Gastos,06/29/2026,1 - 2099,Confirmado,07/02/2026,876 - 1,Normal,07/02/2026,1507,Orden de Compra,08/21/2026,1 - 1452,Registrado,08/21/2026,,,
,,,,,,,,,,,,,,,,,
,,,,,,,,,,,,,,,,,
,,,,,,,,,,,,,,,,,
,,,,,,,,,,,,,,,,,
1162,Ped. Suministros,06/29/2026,,,,,,,,,,,,,,,
,,,,,,,,,,,,,,,,,
,,,,,,,,,,,,,,,,,
1163,Sol. de Gastos,06/29/2026,1 - 2291,Confirmado,07/23/2026,962 - 1,Normal,07/24/2026,1336,Orden de Compra,07/30/2026,1 - 1277,Registrado,07/30/2026,,,
,,,,,,,,,,,,,,,,,
,,,,,,,,,,,,,,,,,
,,,,,,,,,,,,,,,,,
,,,,,,,,,,,,,,,,,
1164,Ped. Suministros,06/29/2026,1 - 2219,Anulado,07/15/2026,914 - 1,Anulado,07/15/2026,,,,,,,,,
,,,,,,,,,,,,,,,,,
,,,,,,,,,,,,,,,,,
1165,Sol. de Gastos,06/30/2026,1 - 2331,Confirmado,07/28/2026,979 - 1,Normal,07/29/2026,1334,Orden de Compra,07/30/2026,1 - 1276,Registrado,07/30/2026,,,
,,,,,,,,,,,,,,,,,
,,,,,,,,,,,,,,,,,
,,,,,,,,,,,,,,,,,
,,,,,,,,,,,,,,,,,
1166,Ped. Suministros,06/30/2026,,,,,,,,,,,,,,,
,,,,,,,,,,,,,,,,,
,,,,,,,,,,,,,,,,,
1167,Sol. de Gastos,06/30/2026,1 - 2712,Confirmado,08/27/2026,10000196 - 1,Normal,08/28/2026,1600,Orden de Compra,08/31/2026,1 - 1535,Registrado,08/31/2026,,,
,,,,,,,,,,,,,,,,,
,,,,,,,,,,,,,,,,,
,,,,,,,,,,,,,,,,,
,,,,,,,,,,,,,,,,,
1168,Ped. Suministros,06/30/2026,,,,,,,,,,,,,,,
,,,,,,,,,,,,,,,,,
,,,,,,,,,,,,,,,,,
1169,Sol. de Gastos,06/30/2026,1 - 2305,Confirmado,07/24/2026,963 - 1,Normal,07/24/2026,1301,Orden de Compra,07/28/2026,1 - 1255,Registrado,07/28/2026,INVEN - 2494,Normal,08/28/2026
,,,,,,,,,,,,,,,,,
,,,,,,,,,,,,,,,,,
,,,,,,,,,,,,,,,,,
,,,,,,,,,,,,,,,,,
1170,Sol. de Gastos,06/30/2026,1 - 2127,Confirmado,07/06/2026,889 - 1,Normal,07/06/2026,1271,Orden de Compra,07/23/2026,1 - 1222,Registrado,07/23/2026,INVEN - 2163,Normal,07/30/2026
,,,,,,,,,,,,,,,,,
,,,,,,,,,,,,,,,,,
,,,,,,,,,,,,,,,,,
,,,,,,,,,,,,,,,,,
1171,Sol. de Gastos,06/30/2026,1 - 2095,Confirmado,07/01/2026,866 - 1,Normal,07/02/2026,1125,Orden de Compra,07/03/2026,1 - 1084,Registrado,07/03/2026,INVEN - 2058,Normal,07/21/2026
,,,,,,,,,,,,,,,,,
,,,,,,,,,,,,,,,,,
,,,,,,,,,,,,,,,,,
,,,,,,,,,,,,,,,,,
1172,Sol. de Gastos,06/30/2026,1 - 2096,Confirmado,07/01/2026,865 - 1,Normal,07/02/2026,1127,Orden de Compra,07/03/2026,1 - 1086,Registrado,07/03/2026,INVEN - 2122,Normal,07/24/2026
,,,,,,,,,,,,,,,,,
,,,,,,,,,,,,,,,,,
,,,,,,,,,,,,,,,,,
,,,,,,,,,,,,,,,,,
1173,Sol. de Gastos,06/30/2026,1 - 2089,Confirmado,07/01/2026,869 - 1,Normal,07/02/2026,1150,Orden de Compra,07/08/2026,1 - 1108,Registrado,07/08/2026,INVEN - 2206,Normal,08/05/2026
,,,,,,,,,,,,,,,,,
,,,,,,,,,,,,,,,,,
,,,,,,,,,,,,,,,,,
,,,,,,,,,,,,,,,,,
1174,Sol. de Gastos,06/30/2026,1 - 2233,Confirmado,07/16/2026,921 - 1,Normal,07/17/2026,1246,Orden de Compra,07/21/2026,1 - 1194,Registrado,07/21/2026,,,
,,,,,,,,,,,,,,,,,
,,,,,,,,,,,,,,,,,
,,,,,,,,,,,,,,,,,
,,,,,,,,,,,,,,,,,
1175,Sol. de Gastos,06/30/2026,1 - 2097,Normal,07/01/2026,,,,,,,,,,,,
,,,,,,,,,,,,,,,,,
,,,,,,,,,,,,,,,,,
1176,Ped. Suministros,07/01/2026,,,,,,,,,,,,,,,
,,,,,,,,,,,,,,,,,
,,,,,,,,,,,,,,,,,
1177,Sol. de Gastos,07/01/2026,1 - 2379,Confirmado,07/31/2026,10000019 - 1,Normal,08/03/2026,1361,Orden de Compra,08/04/2026,1 - 1308,Registrado,08/04/2026,INVEN - 2413,Normal,08/21/2026
,,,,,,,,,,,,,,,,,
,,,,,,,,,,,,,,,,,
,,,,,,,,,,,,,,,,,
,,,,,,,,,,,,,,,,,
1178,Ped. Suministros,07/01/2026,,,,,,,,,,,,,,,
,,,,,,,,,,,,,,,,,
,,,,,,,,,,,,,,,,,
1179,Sol. de Gastos,07/01/2026,1 - 2403,Confirmado,07/31/2026,10000036 - 1,Normal,08/04/2026,1532,Orden de Compra,08/25/2026,1 - 1476,Registrado,08/25/2026,,,
,,,,,,,,,,,,,,,,,
,,,,,,,,,,,,,,,,,
,,,,,,,,,,,,,,,,,
,,,,,,,,,,,,,,,,,
1180,Sol. de Gastos,07/01/2026,1 - 2380,Confirmado,07/31/2026,10000034 - 1,Normal,08/04/2026,1529,Anulado,08/25/2026,1 - 1474,Anulado,08/25/2026,,,
,,,,,,,,,,,,,,,,,
,,,,,,,,,,,,,,,,,
,,,,,,,,,,,,,,,,,
,,,,,,,,,1531,Orden de Compra,08/25/2026,1 - 1479,Registrado,08/25/2026,INVEN - 2508,Normal,08/31/2026
,,,,,,,,,,,,,,,,,
,,,,,,,,,,,,,,,,,
,,,,,,,,,,,,,,,,,
,,,,,,,,,,,,,,,,,
1181,Sol. de Gastos,07/01/2026,1 - 2382,Confirmado,07/31/2026,10000012 - 1,Normal,08/03/2026,1428,Orden de Compra,08/11/2026,1 - 1368,Registrado,08/11/2026,,,
,,,,,,,,,,,,,,,,,
,,,,,,,,,,,,,,,,,
,,,,,,,,,,,,,,,,,
,,,,,,,,,,,,,,,,,
1182,Sol. de Gastos,07/01/2026,1 - 2102,Confirmado,07/02/2026,879 - 1,Normal,07/02/2026,1146,Orden de Compra,07/07/2026,1 - 1209,Registrado,07/22/2026,,,
,,,,,,,,,,,,,,,,,
,,,,,,,,,,,,,,,,,
,,,,,,,,,,,,,,,,,
,,,,,,,,,,,,,,,,,
1183,Sol. de Gastos,07/01/2026,1 - 2126,Confirmado,07/06/2026,893 - 1,Normal,07/06/2026,1166,Orden de Compra,07/13/2026,1 - 1405,Registrado,08/14/2026,,,
,,,,,,,,,,,,,,,,,
,,,,,,,,,,,,,,,,,
,,,,,,,,,,,,,,,,,
,,,,,,,,,,,,,,,,,
1184,Sol. de Gastos,07/01/2026,1 - 2404,Confirmado,07/31/2026,10000026 - 1,Normal,08/04/2026,1369,Anulado,08/06/2026,1 - 1315,Anulado,08/06/2026,,,
,,,,,,,,,,,,,,,,,
,,,,,,,,,,,,,,,,,
,,,,,,,,,,,,,,,,,
,,,,,,,,,1400,Anulado,08/10/2026,,,,,,
,,,,,,,,,,,,,,,,,
,,,,,,,,,1401,Orden de Compra,08/10/2026,1 - 1342,Registrado,08/10/2026,,,
,,,,,,,,,,,,,,,,,
,,,,,,,,,,,,,,,,,
,,,,,,,,,,,,,,,,,
,,,,,,,,,,,,,,,,,
1185,Sol. de Gastos,07/01/2026,1 - 2093,Confirmado,07/01/2026,870 - 1,Normal,07/02/2026,1121,Orden de Compra,07/03/2026,1 - 1080,Registrado,07/03/2026,INVEN - 2085,Normal,07/22/2026
,,,,,,,,,,,,,,,,,
,,,,,,,,,,,,,,,,,
,,,,,,,,,,,,,,,,,
,,,,,,,,,,,,,,,,,
1186,Sol. de Gastos,07/01/2026,1 - 2094,Confirmado,07/01/2026,875 - 1,Normal,07/02/2026,1130,Orden de Compra,07/06/2026,1 - 1089,Registrado,07/06/2026,INVEN - 2132,Normal,07/27/2026
,,,,,,,,,,,,,,,,,
,,,,,,,,,,,,,,,,,
,,,,,,,,,,,,,,,,,
,,,,,,,,,,,,,,,,,
1187,Sol. de Gastos,07/01/2026,1 - 2235,Confirmado,07/16/2026,931 - 1,Normal,07/17/2026,1239,Anulado,07/21/2026,1 - 1190,Anulado,07/21/2026,,,
,,,,,,,,,,,,,,,,,
,,,,,,,,,,,,,,,,,
,,,,,,,,,,,,,,,,,
,,,,,,,,,1249,Anulado,07/21/2026,1 - 1197,Anulado,07/21/2026,,,
,,,,,,,,,,,,,,,,,
,,,,,,,,,,,,,,,,,
,,,,,,,,,,,,,,,,,
,,,,,,,,,1258,Orden de Compra,07/22/2026,1 - 1208,Registrado,07/22/2026,,,
,,,,,,,,,,,,,,,,,
,,,,,,,,,,,,,,,,,
,,,,,,,,,,,,,,,,,
,,,,,,,,,,,,,,,,,
1189,Sol. de Gastos,07/01/2026,1 - 2356,Confirmado,07/30/2026,992 - 1,Normal,07/31/2026,,,,,,,,,
,,,,,,,,,,,,,,,,,
,,,,,,,,,,,,,,,,,
1190,Sol. de Gastos,07/01/2026,1 - 2243,Confirmado,07/16/2026,932 - 1,Normal,07/17/2026,1359,Orden de Compra,08/04/2026,1 - 1306,Registrado,08/04/2026,,,
,,,,,,,,,,,,,,,,,
,,,,,,,,,,,,,,,,,
,,,,,,,,,,,,,,,,,
,,,,,,,,,,,,,,,,,
1191,Sol. de Gastos,07/01/2026,1 - 2236,Confirmado,07/16/2026,934 - 1,Normal,07/17/2026,1224,Orden de Compra,07/20/2026,1 - 1175,Registrado,07/20/2026,INVEN - 2510,Normal,08/31/2026
,,,,,,,,,,,,,,,,,
,,,,,,,,,,,,,,,,,
,,,,,,,,,,,,,,,,,
,,,,,,,,,,,,,,,,,
1192,Sol. de Gastos,07/01/2026,1 - 2542,Confirmado,08/12/2026,10000091 - 1,Normal,08/12/2026,1453,Orden de Compra,08/13/2026,1 - 1392,Registrado,08/13/2026,,,
,,,,,,,,,,,,,,,,,
,,,,,,,,,,,,,,,,,
,,,,,,,,,,,,,,,,,
,,,,,,,,,,,,,,,,,
1193,Sol. de Gastos,07/01/2026,1 - 2249,Confirmado,07/17/2026,936 - 1,Normal,07/17/2026,1350,Orden de Compra,08/03/2026,1 - 1292,Registrado,08/03/2026,,,
,,,,,,,,,,,,,,,,,
,,,,,,,,,,,,,,,,,
,,,,,,,,,,,,,,,,,
,,,,,,,,,,,,,,,,,
1194,Sol. de Gastos,07/01/2026,1 - 2121,Confirmado,07/03/2026,885 - 1,Normal,07/03/2026,1217,Orden de Compra,07/17/2026,1 - 1168,Registrado,07/17/2026,ALMAC - 32,Confirmada,08/10/2026
,,,,,,,,,,,,,,,,,
,,,,,,,,,,,,,,,,,
,,,,,,,,,,,,,,,,,
,,,,,,,,,,,,,,,,,
1195,Sol. de Gastos,07/01/2026,1 - 2524,Confirmado,08/12/2026,10000103 - 1,Normal,08/12/2026,1449,Orden de Compra,08/13/2026,1 - 1388,Registrado,08/13/2026,,,
,,,,,,,,,,,,,,,,,
,,,,,,,,,,,,,,,,,
,,,,,,,,,,,,,,,,,
,,,,,,,,,,,,,,,,,
1196,Sol. de Gastos,07/01/2026,1 - 2231,Confirmado,07/16/2026,920 - 1,Normal,07/17/2026,1223,Orden de Compra,07/20/2026,1 - 1174,Registrado,07/20/2026,INVEN - 2419,Normal,08/24/2026
,,,,,,,,,,,,,,,,,
,,,,,,,,,,,,,,,,,
,,,,,,,,,,,,,,,,,
,,,,,,,,,,,,,,,,,
1197,Sol. de Gastos,07/01/2026,1 - 2609,Confirmado,08/20/2026,10000139 - 1,Normal,08/21/2026,1524,Orden de Compra,08/25/2026,1 - 1469,Registrado,08/25/2026,,,
,,,,,,,,,,,,,,,,,
,,,,,,,,,,,,,,,,,
,,,,,,,,,,,,,,,,,
,,,,,,,,,,,,,,,,,
1198,Ped. Suministros,07/02/2026,,,,,,,,,,,,,,,
,,,,,,,,,,,,,,,,,
,,,,,,,,,,,,,,,,,
1199,Ped. Suministros,07/02/2026,,,,,,,,,,,,,,,
,,,,,,,,,,,,,,,,,
,,,,,,,,,,,,,,,,,
1200,Sol. de Gastos,07/02/2026,1 - 2541,Confirmado,08/12/2026,10000106 - 1,Normal,08/13/2026,1586,Normal,08/27/2026,,,,,,
,,,,,,,,,,,,,,,,,
,,,,,,,,,,,,,,,,,
1201,Sol. de Gastos,07/02/2026,1 - 2439,Confirmado,08/05/2026,10000049 - 1,Normal,08/05/2026,1431,Orden de Compra,08/12/2026,1 - 1369,Registrado,08/12/2026,INVEN - 2483,Normal,08/27/2026
,,,,,,,,,,,,,,,,,
,,,,,,,,,,,,,,,,,
,,,,,,,,,,,,,,,,,
,,,,,,,,,,,,,,,,,
1202,Sol. de Gastos,07/02/2026,1 - 2420,Confirmado,08/03/2026,10000016 - 1,Normal,08/03/2026,1485,Orden de Compra,08/20/2026,1 - 1431,Registrado,08/20/2026,,,
,,,,,,,,,,,,,,,,,
,,,,,,,,,,,,,,,,,
,,,,,,,,,,,,,,,,,
,,,,,,,,,,,,,,,,,
1203,Sol. de Gastos,07/03/2026,1 - 2161,Confirmado,07/08/2026,901 - 1,Normal,07/08/2026,1232,Anulado,07/20/2026,1 - 1183,Anulado,07/20/2026,,,
,,,,,,,,,,,,,,,,,
,,,,,,,,,,,,,,,,,
,,,,,,,,,,,,,,,,,
,,,,,,,,,1235,Orden de Compra,07/20/2026,1 - 1186,Registrado,07/20/2026,ALMAC - 31,Confirmada,07/31/2026
,,,,,,,,,,,,,,,,,
,,,,,,,,,,,,,,,,,
,,,,,,,,,,,,,,,,,
,,,,,,,,,,,,,,,,,
1204,Sol. de Gastos,07/03/2026,1 - 2397,Confirmado,07/31/2026,10000023 - 1,Normal,08/04/2026,1387,Orden de Compra,08/07/2026,1 - 1330,Registrado,08/07/2026,,,
,,,,,,,,,,,,,,,,,
,,,,,,,,,,,,,,,,,
,,,,,,,,,,,,,,,,,
,,,,,,,,,,,,,,,,,
1205,Ped. Suministros,07/03/2026,,,,,,,,,,,,,,,
,,,,,,,,,,,,,,,,,
,,,,,,,,,,,,,,,,,
1206,Ped. Suministros,07/03/2026,,,,,,,,,,,,,,,
,,,,,,,,,,,,,,,,,
,,,,,,,,,,,,,,,,,
1207,Sol. de Gastos,07/03/2026,1 - 2181,Confirmado,07/08/2026,904 - 1,Normal,07/08/2026,1270,Orden de Compra,07/23/2026,1 - 1221,Registrado,07/23/2026,INVEN - 2320,Normal,08/12/2026
,,,,,,,,,,,,,,,,,
,,,,,,,,,,,,,,,,,
,,,,,,,,,,,,,,,,,
,,,,,,,,,,,,,,,,,
1208,Sol. de Gastos,07/03/2026,1 - 2180,Confirmado,07/08/2026,905 - 1,Normal,07/08/2026,1158,Anulado,07/13/2026,1 - 1115,Anulado,07/13/2026,,,
,,,,,,,,,,,,,,,,,
,,,,,,,,,,,,,,,,,
,,,,,,,,,,,,,,,,,
,,,,,,,,,1168,Orden de Compra,07/13/2026,1 - 1124,Registrado,07/13/2026,,,
,,,,,,,,,,,,,,,,,
,,,,,,,,,,,,,,,,,
,,,,,,,,,,,,,,,,,
,,,,,,,,,,,,,,,,,
1209,Sol. de Gastos,07/03/2026,1 - 2563,Confirmado,08/12/2026,10000116 - 1,Normal,08/14/2026,,,,,,,,,
,,,,,,,,,,,,,,,,,
,,,1 - 2540,Anulado,08/12/2026,,,,,,,,,,,,
,,,,,,,,,,,,,,,,,
,,,,,,,,,,,,,,,,,
1210,Sol. de Gastos,07/03/2026,1 - 2413,Confirmado,07/31/2026,10000008 - 1,Normal,08/03/2026,,,,,,,,,
,,,,,,,,,,,,,,,,,
,,,,,,,,,,,,,,,,,
1211,Ped. Suministros,07/03/2026,,,,,,,,,,,,,,,
,,,,,,,,,,,,,,,,,
,,,,,,,,,,,,,,,,,
1212,Ped. Suministros,07/03/2026,,,,,,,,,,,,,,,
,,,,,,,,,,,,,,,,,
,,,,,,,,,,,,,,,,,
1213,Ped. Suministros,07/03/2026,,,,,,,,,,,,,,,
,,,,,,,,,,,,,,,,,
,,,,,,,,,,,,,,,,,
1214,Sol. de Gastos,07/03/2026,1 - 2216,Confirmado,07/15/2026,913 - 1,Normal,07/15/2026,1327,Orden de Compra,07/30/2026,1 - 1300,Registrado,08/04/2026,INVEN - 2459,Normal,08/27/2026
,,,,,,,,,,,,,,,,,
,,,,,,,,,,,,,,,INVEN - 2463,Normal,08/27/2026
,,,,,,,,,,,,,,,,,
,,,,,,,,,,,,,,,,,
,,,,,,,,,,,,,,,,,
,,,,,,,,,1328,Orden de Compra,07/30/2026,1 - 1301,Registrado,08/04/2026,INVEN - 2454,Normal,08/27/2026
,,,,,,,,,,,,,,,,,
,,,,,,,,,,,,,,,,,
,,,,,,,,,,,,,,,,,
,,,,,,,,,1329,Orden de Compra,07/30/2026,1 - 1302,Registrado,08/04/2026,,,
,,,,,,,,,,,,,,,,,
,,,,,,,,,,,,,,,,,
,,,,,,,,,,,,,,,,,
,,,,,,,,,1330,Orden de Compra,07/30/2026,1 - 1303,Registrado,08/04/2026,,,
,,,,,,,,,,,,,,,,,
,,,,,,,,,,,,,,,,,
,,,,,,,,,,,,,,,,,
,,,,,,,,,1333,Orden de Compra,07/30/2026,1 - 1304,Registrado,08/04/2026,INVEN - 2461,Normal,08/27/2026
,,,,,,,,,,,,,,,,,
,,,,,,,,,,,,,,,INVEN - 2464,Normal,08/27/2026
,,,,,,,,,,,,,,,,,
,,,,,,,,,,,,,,,,,
,,,,,,,,,,,,,,,,,
,,,,,,,,,,,,,,,,,
1215,Sol. de Gastos,07/03/2026,1 - 2721,Confirmado,08/28/2026,10000201 - 1,Normal,08/28/2026,,,,,,,,,
,,,,,,,,,,,,,,,,,
,,,,,,,,,,,,,,,,,
1216,Sol. de Gastos,07/03/2026,1 - 2550,Confirmado,08/12/2026,10000090 - 1,Normal,08/12/2026,1451,Orden de Compra,08/13/2026,1 - 1390,Registrado,08/13/2026,,,
,,,,,,,,,,,,,,,,,
,,,,,,,,,,,,,,,,,
,,,,,,,,,,,,,,,,,
,,,,,,,,,,,,,,,,,
1217,Sol. de Gastos,07/03/2026,1 - 2149,Confirmado,07/08/2026,911 - 1,Normal,07/14/2026,,,,,,,,,
,,,,,,,,,,,,,,,,,
,,,,,,911 - 2,Normal,07/17/2026,1408,Orden de Compra,08/10/2026,1 - 1365,Registrado,08/11/2026,,,
,,,,,,,,,,,,,,,,,
,,,,,,,,,,,,,,,,,
,,,,,,,,,,,,,,,,,
,,,,,,,,,,,,,,,,,
1218,Ped. Suministros,07/03/2026,,,,,,,,,,,,,,,
,,,,,,,,,,,,,,,,,
,,,,,,,,,,,,,,,,,
1219,Sol. de Gastos,07/03/2026,1 - 2178,Confirmado,07/08/2026,903 - 1,Normal,07/08/2026,1176,Orden de Compra,07/14/2026,1 - 1135,Registrado,07/14/2026,INVEN - 2220,Normal,08/06/2026
,,,,,,,,,,,,,,,,,
,,,,,,,,,,,,,,,,,
,,,,,,,,,,,,,,,,,
,,,,,,,,,,,,,,,,,
1220,Sol. de Gastos,07/06/2026,1 - 2139,Confirmado,07/06/2026,896 - 1,Normal,07/06/2026,1164,Anulado,07/13/2026,1 - 1118,Anulado,07/13/2026,,,
,,,,,,,,,,,,,,,,,
,,,,,,,,,,,,,,,,,
,,,,,,,,,,,,,,,,,
,,,,,,,,,1216,Orden de Compra,07/17/2026,1 - 1167,Registrado,07/17/2026,ALMAC - 33,Confirmada,08/14/2026
,,,,,,,,,,,,,,,,,
,,,,,,,,,,,,,,,,,
,,,,,,,,,,,,,,,,,
,,,,,,,,,,,,,,,,,
1221,Sol. de Gastos,07/06/2026,1 - 2383,Confirmado,07/31/2026,10000035 - 1,Normal,08/04/2026,1487,Orden de Compra,08/20/2026,1 - 1433,Registrado,08/20/2026,,,
,,,,,,,,,,,,,,,,,
,,,,,,,,,,,,,,,,,
,,,,,,,,,,,,,,,,,
,,,,,,,,,,,,,,,,,
1222,Sol. de Gastos,07/06/2026,1 - 2250,Confirmado,07/17/2026,937 - 1,Normal,07/17/2026,1248,Orden de Compra,07/21/2026,1 - 1196,Registrado,07/21/2026,INVEN - 2354,Normal,08/14/2026
,,,,,,,,,,,,,,,,,
,,,,,,,,,,,,,,,,,
,,,,,,,,,,,,,,,,,
,,,,,,,,,,,,,,,,,
1223,Ped. Suministros,07/06/2026,,,,,,,,,,,,,,,
,,,,,,,,,,,,,,,,,
,,,,,,,,,,,,,,,,,
1224,Sol. de Gastos,07/06/2026,1 - 2246,Confirmado,07/16/2026,929 - 1,Normal,07/17/2026,,,,,,,,,
,,,,,,,,,,,,,,,,,
,,,,,,,,,,,,,,,,,
1225,Sol. de Gastos,07/06/2026,1 - 2211,Confirmado,07/13/2026,910 - 1,Normal,07/14/2026,1197,Anulado,07/15/2026,1 - 1154,Anulado,07/15/2026,,,
,,,,,,,,,,,,,,,,,
,,,,,,,,,,,,,,,,,
,,,,,,,,,,,,,,,,,
,,,,,,,,,1198,Orden de Compra,07/15/2026,1 - 1155,Registrado,07/15/2026,INVEN - 2088,Normal,07/23/2026
,,,,,,,,,,,,,,,,,
,,,,,,,,,,,,,,,,,
,,,,,,,,,,,,,,,,,
,,,,,,,,,,,,,,,,,
1226,Ped. Suministros,07/06/2026,,,,,,,,,,,,,,,
,,,,,,,,,,,,,,,,,
,,,,,,,,,,,,,,,,,
1227,Sol. de Gastos,07/06/2026,1 - 2384,Confirmado,07/31/2026,10000021 - 1,Normal,08/04/2026,1426,Anulado,08/11/2026,1 - 1366,Anulado,08/11/2026,,,
,,,,,,,,,,,,,,,,,
,,,,,,,,,,,,,,,,,
,,,,,,,,,,,,,,,,,
,,,,,,,,,1488,Orden de Compra,08/20/2026,1 - 1435,Registrado,08/20/2026,INVEN - 2495,Normal,08/28/2026
,,,,,,,,,,,,,,,,,
,,,,,,,,,,,,,,,,,
,,,,,,,,,,,,,,,,,
,,,,,,,,,1490,Orden de Compra,08/20/2026,1 - 1436,Registrado,08/20/2026,,,
,,,,,,,,,,,,,,,,,
,,,,,,,,,,,,,,,,,
,,,,,,,,,,,,,,,,,
,,,,,,,,,,,,,,,,,
1229,Sol. de Gastos,07/06/2026,1 - 2562,Confirmado,08/12/2026,10000095 - 1,Normal,08/12/2026,1444,Orden de Compra,08/13/2026,1 - 1383,Registrado,08/13/2026,,,
,,,,,,,,,,,,,,,,,
,,,,,,,,,,,,,,,,,
,,,,,,,,,,,,,,,,,
,,,,,,,,,,,,,,,,,
1230,Sol. de Gastos,07/06/2026,1 - 2319,Confirmado,07/27/2026,971 - 1,Normal,07/28/2026,1467,Orden de Compra,08/14/2026,1 - 1408,Registrado,08/14/2026,,,
,,,,,,,,,,,,,,,,,
,,,,,,,,,,,,,,,,,
,,,,,,,,,,,,,,,,,
,,,,,,,,,,,,,,,,,
1231,Sol. de Gastos,07/06/2026,1 - 2210,Confirmado,07/13/2026,909 - 1,Normal,07/14/2026,1188,Orden de Compra,07/15/2026,1 - 1146,Registrado,07/15/2026,INVEN - 2389,Normal,08/20/2026
,,,,,,,,,,,,,,,,,
,,,,,,,,,,,,,,,,,
,,,,,,,,,,,,,,,,,
,,,,,,,,,,,,,,,,,
1232,Sol. de Gastos,07/06/2026,1 - 2187,Confirmado,07/08/2026,906 - 1,Normal,07/08/2026,1165,Orden de Compra,07/13/2026,1 - 1122,Registrado,07/13/2026,INVEN - 2191,Normal,08/03/2026
,,,,,,,,,,,,,,,,,
,,,,,,,,,,,,,,,,,
,,,,,,,,,,,,,,,,,
,,,,,,,,,,,,,,,,,
1233,Sol. de Gastos,07/07/2026,1 - 2392,Confirmado,07/31/2026,10000009 - 1,Normal,08/03/2026,1421,Anulado,08/11/2026,1 - 1360,Anulado,08/11/2026,,,
,,,,,,,,,,,,,,,,,
,,,,,,,,,,,,,,,,,
,,,,,,,,,,,,,,,,,
,,,,,,,,,1437,Orden de Compra,08/12/2026,1 - 1376,Registrado,08/12/2026,INVEN - 2502,Normal,08/31/2026
,,,,,,,,,,,,,,,,,
,,,,,,,,,,,,,,,,,
,,,,,,,,,,,,,,,,,
,,,,,,,,,,,,,,,,,
1234,Ped. Suministros,07/07/2026,,,,,,,,,,,,,,,
,,,,,,,,,,,,,,,,,
,,,,,,,,,,,,,,,,,
1235,Ped. Suministros,07/07/2026,,,,,,,,,,,,,,,
,,,,,,,,,,,,,,,,,
,,,,,,,,,,,,,,,,,
1236,Ped. Suministros,07/07/2026,,,,,,,,,,,,,,,
,,,,,,,,,,,,,,,,,
,,,,,,,,,,,,,,,,,
1237,Ped. Suministros,07/07/2026,,,,,,,,,,,,,,,
,,,,,,,,,,,,,,,,,
,,,,,,,,,,,,,,,,,
1238,Sol. de Gastos,07/07/2026,1 - 2232,Confirmado,07/16/2026,925 - 1,Normal,07/17/2026,1345,Anulado,07/31/2026,1 - 1287,Anulado,07/31/2026,,,
,,,,,,,,,,,,,,,,,
,,,,,,,,,,,,,,,,,
,,,,,,,,,,,,,,,,,
,,,,,,,,,1348,Orden de Compra,07/31/2026,1 - 1290,Registrado,07/31/2026,,,
,,,,,,,,,,,,,,,,,
,,,,,,,,,,,,,,,,,
,,,,,,,,,,,,,,,,,
,,,,,,,,,,,,,,,,,
1239,Sol. de Gastos,07/07/2026,1 - 2179,Confirmado,07/08/2026,902 - 1,Normal,07/08/2026,1177,Anulado,07/14/2026,1 - 1136,Anulado,07/14/2026,,,
,,,,,,,,,,,,,,,,,
,,,,,,,,,,,,,,,,,
,,,,,,,,,,,,,,,,,
,,,,,,,,,1184,Orden de Compra,07/14/2026,1 - 1142,Registrado,07/14/2026,INVEN - 2221,Normal,08/06/2026
,,,,,,,,,,,,,,,,,
,,,,,,,,,,,,,,,,,
,,,,,,,,,,,,,,,,,
,,,,,,,,,,,,,,,,,
1241,Ped. Suministros,07/07/2026,,,,,,,,,,,,,,,
,,,,,,,,,,,,,,,,,
,,,,,,,,,,,,,,,,,
1242,Sol. de Gastos,07/07/2026,1 - 2296,Confirmado,07/24/2026,959 - 1,Normal,07/24/2026,1288,Orden de Compra,07/24/2026,1 - 1239,Registrado,07/24/2026,,,
,,,,,,,,,,,,,,,,,
,,,,,,,,,,,,,,,,,
,,,,,,,,,,,,,,,,,
,,,,,,,,,,,,,,,,,
1243,Sol. de Gastos,07/07/2026,1 - 2297,Confirmado,07/24/2026,960 - 1,Normal,07/24/2026,1290,Orden de Compra,07/24/2026,1 - 1241,Registrado,07/24/2026,,,
,,,,,,,,,,,,,,,,,
,,,,,,,,,,,,,,,,,
,,,,,,,,,,,,,,,,,
,,,,,,,,,,,,,,,,,
1244,Sol. de Gastos,07/08/2026,1 - 2385,Confirmado,07/31/2026,10000011 - 1,Normal,08/03/2026,,,,,,,,,
,,,,,,,,,,,,,,,,,
,,,,,,,,,,,,,,,,,
1245,Sol. de Gastos,07/08/2026,1 - 2230,Confirmado,07/16/2026,988 - 1,Normal,07/30/2026,,,,,,,,,
,,,,,,,,,,,,,,,,,
,,,,,,988 - 2,Normal,08/05/2026,1458,Orden de Compra,08/14/2026,1 - 1397,Registrado,08/14/2026,,,
,,,,,,,,,,,,,,,,,
,,,,,,,,,,,,,,,,,
,,,,,,,,,,,,,,,,,
,,,,,,,,,,,,,,,,,
1246,Sol. de Gastos,07/08/2026,1 - 2390,Confirmado,07/31/2026,10000029 - 1,Normal,08/04/2026,1381,Orden de Compra,08/07/2026,1 - 1327,Registrado,08/07/2026,,,
,,,,,,,,,,,,,,,,,
,,,,,,,,,,,,,,,,,
,,,,,,,,,,,,,,,,,
,,,,,,,,,,,,,,,,,
1247,Sol. de Gastos,07/08/2026,1 - 2406,Confirmado,07/31/2026,998 - 1,Normal,08/03/2026,1370,Anulado,08/06/2026,1 - 1316,Anulado,08/06/2026,,,
,,,,,,,,,,,,,,,,,
,,,,,,,,,,,,,,,,,
,,,,,,,,,,,,,,,,,
,,,,,,,,,1374,Orden de Compra,08/06/2026,1 - 1320,Registrado,08/06/2026,,,
,,,,,,,,,,,,,,,,,
,,,,,,,,,,,,,,,,,
,,,,,,,,,,,,,,,,,
,,,,,,,,,,,,,,,,,
1248,Sol. de Gastos,07/08/2026,1 - 2332,Confirmado,07/28/2026,978 - 1,Normal,07/29/2026,1347,Orden de Compra,07/31/2026,1 - 1289,Registrado,07/31/2026,,,
,,,,,,,,,,,,,,,,,
,,,,,,,,,,,,,,,,,
,,,,,,,,,,,,,,,,,
,,,,,,,,,,,,,,,,,
1249,Ped. Suministros,07/08/2026,,,,,,,,,,,,,,,
,,,,,,,,,,,,,,,,,
,,,,,,,,,,,,,,,,,
1250,Sol. de Gastos,07/08/2026,1 - 2315,Confirmado,07/27/2026,969 - 1,Normal,07/27/2026,1388,Orden de Compra,08/07/2026,1 - 1331,Registrado,08/07/2026,,,
,,,,,,,,,,,,,,,,,
,,,,,,,,,,,,,,,,,
,,,,,,,,,,,,,,,,,
,,,,,,,,,,,,,,,,,
1251,Ped. Suministros,07/08/2026,,,,,,,,,,,,,,,
,,,,,,,,,,,,,,,,,
,,,,,,,,,,,,,,,,,
1252,Sol. de Gastos,07/08/2026,1 - 2330,Confirmado,07/28/2026,981 - 1,Normal,07/29/2026,1544,Orden de Compra,08/25/2026,1 - 1480,Normal,08/25/2026,,,
,,,,,,,,,,,,,,,,,
,,,,,,,,,,,,,,,,,
,,,,,,,,,,,,,,,,,
,,,,,,,,,,,,,,,,,
1253,Sol. de Gastos,07/13/2026,1 - 2386,Confirmado,07/31/2026,10000018 - 1,Normal,08/03/2026,1365,Orden de Compra,08/06/2026,1 - 1312,Registrado,08/06/2026,,,
,,,,,,,,,,,,,,,,,
,,,,,,,,,,,,,,,,,
,,,,,,,,,,,,,,,,,
,,,,,,,,,,,,,,,,,
1254,Sol. de Gastos,07/13/2026,1 - 2387,Confirmado,07/31/2026,10000031 - 1,Normal,08/04/2026,1604,Orden de Compra,08/31/2026,1 - 1543,Normal,08/31/2026,,,
,,,,,,,,,,,,,,,,,
,,,,,,,,,,,,,,,,,
,,,,,,,,,,,,,,,,,
,,,,,,,,,,,,,,,,,
1255,Sol. de Gastos,07/13/2026,1 - 2290,Confirmado,07/23/2026,961 - 1,Normal,07/24/2026,1296,Orden de Compra,07/27/2026,1 - 1247,Registrado,07/27/2026,INVEN - 2266,Normal,08/10/2026
,,,,,,,,,,,,,,,,,
,,,,,,,,,,,,,,,,,
,,,,,,,,,,,,,,,,,
,,,,,,,,,,,,,,,,,
1256,Sol. de Gastos,07/13/2026,1 - 2419,Confirmado,08/03/2026,10000017 - 1,Normal,08/03/2026,1418,Orden de Compra,08/11/2026,1 - 1357,Registrado,08/11/2026,,,
,,,,,,,,,,,,,,,,,
,,,,,,,,,,,,,,,,,
,,,,,,,,,,,,,,,,,
,,,,,,,,,,,,,,,,,
1257,Sol. de Gastos,07/13/2026,1 - 2421,Confirmado,08/03/2026,10000038 - 1,Normal,08/05/2026,1598,Orden de Compra,08/31/2026,1 - 1534,Normal,08/31/2026,,,
,,,,,,,,,,,,,,,,,
,,,,,,,,,,,,,,,,,
,,,,,,,,,,,,,,,,,
,,,,,,,,,,,,,,,,,
1258,Ped. Suministros,07/13/2026,,,,,,,,,,,,,,,
,,,,,,,,,,,,,,,,,
,,,,,,,,,,,,,,,,,
1259,Sol. de Gastos,07/13/2026,1 - 2494,Confirmado,08/10/2026,10000072 - 1,Normal,08/10/2026,,,,,,,,,
,,,,,,,,,,,,,,,,,
,,,,,,,,,,,,,,,,,
1260,Sol. de Gastos,07/13/2026,1 - 2234,Confirmado,07/16/2026,924 - 1,Normal,07/17/2026,1221,Orden de Compra,07/20/2026,1 - 1172,Registrado,07/20/2026,INVEN - 2336,Normal,08/14/2026
,,,,,,,,,,,,,,,,,
,,,,,,,,,,,,,,,,,
,,,,,,,,,,,,,,,,,
,,,,,,,,,,,,,,,,,
1261,Sol. de Gastos,07/13/2026,1 - 2294,Confirmado,07/24/2026,958 - 1,Normal,07/24/2026,1289,Orden de Compra,07/24/2026,1 - 1240,Registrado,07/24/2026,,,
,,,,,,,,,,,,,,,,,
,,,,,,,,,,,,,,,,,
,,,,,,,,,,,,,,,,,
,,,,,,,,,,,,,,,,,
1262,Sol. de Gastos,07/13/2026,1 - 2295,Confirmado,07/24/2026,957 - 1,Normal,07/24/2026,1297,Orden de Compra,07/27/2026,1 - 1248,Registrado,07/27/2026,INVEN - 2297,Normal,08/12/2026
,,,,,,,,,,,,,,,,,
,,,,,,,,,,,,,,,,,
,,,,,,,,,,,,,,,,,
,,,,,,,,,,,,,,,,,
1263,Sol. de Gastos,07/13/2026,1 - 2248,Confirmado,07/17/2026,939 - 1,Normal,07/17/2026,1220,Anulado,07/20/2026,1 - 1171,Anulado,07/20/2026,,,
,,,,,,,,,,,,,,,,,
,,,,,,,,,,,,,,,,,
,,,,,,,,,,,,,,,,,
,,,,,,,,,1230,Orden de Compra,07/20/2026,1 - 1181,Registrado,07/20/2026,INVEN - 2185,Normal,08/03/2026
,,,,,,,,,,,,,,,,,
,,,,,,,,,,,,,,,,,
,,,,,,,,,,,,,,,,,
,,,,,,,,,,,,,,,,,
1264,Ped. Suministros,07/13/2026,,,,,,,,,,,,,,,
,,,,,,,,,,,,,,,,,
,,,,,,,,,,,,,,,,,
1265,Sol. de Gastos,07/14/2026,1 - 2229,Confirmado,07/16/2026,938 - 1,Normal,07/17/2026,1508,Orden de Compra,08/21/2026,1 - 1453,Registrado,08/21/2026,,,
,,,,,,,,,,,,,,,,,
,,,,,,,,,,,,,,,,,
,,,,,,,,,,,,,,,,,
,,,,,,,,,,,,,,,,,
1266,Sol. de Gastos,07/14/2026,1 - 2657,Confirmado,08/24/2026,10000158 - 1,Normal,08/24/2026,1593,Orden de Compra,08/28/2026,1 - 1527,Registrado,08/28/2026,,,
,,,,,,,,,,,,,,,,,
,,,,,,,,,,,,,,,,,
,,,,,,,,,,,,,,,,,
,,,,,,,,,,,,,,,,,
1267,Ped. Suministros,07/14/2026,,,,,,,,,,,,,,,
,,,,,,,,,,,,,,,,,
,,,,,,,,,,,,,,,,,
1268,Sol. de Gastos,07/14/2026,1 - 2460,Confirmado,08/06/2026,10000058 - 1,Normal,08/06/2026,1456,Orden de Compra,08/14/2026,1 - 1395,Registrado,08/14/2026,INVEN - 2414,Normal,08/21/2026
,,,,,,,,,,,,,,,,,
,,,,,,,,,,,,,,,,,
,,,,,,,,,,,,,,,,,
,,,,,,,,,,,,,,,,,
1269,Sol. de Gastos,07/14/2026,1 - 2437,Confirmado,08/05/2026,10000050 - 1,Normal,08/05/2026,1366,Orden de Compra,08/06/2026,1 - 1313,Registrado,08/06/2026,INVEN - 2365,Normal,08/19/2026
,,,,,,,,,,,,,,,,,
,,,,,,,,,,,,,,,,,
,,,,,,,,,,,,,,,,,
,,,,,,,,,,,,,,,,,
1270,Sol. de Gastos,07/14/2026,1 - 2493,Confirmado,08/10/2026,10000074 - 1,Normal,08/10/2026,1465,Orden de Compra,08/14/2026,1 - 1406,Registrado,08/14/2026,,,
,,,,,,,,,,,,,,,,,
,,,,,,,,,,,,,,,,,
,,,,,,,,,,,,,,,,,
,,,,,,,,,,,,,,,,,
1271,Sol. de Gastos,07/14/2026,1 - 2492,Confirmado,08/10/2026,10000073 - 1,Normal,08/10/2026,1466,Orden de Compra,08/14/2026,1 - 1407,Registrado,08/14/2026,,,
,,,,,,,,,,,,,,,,,
,,,,,,,,,,,,,,,,,
,,,,,,,,,,,,,,,,,
,,,,,,,,,,,,,,,,,
1272,Sol. de Gastos,07/14/2026,1 - 2271,Confirmado,07/21/2026,943 - 1,Normal,07/21/2026,1304,Orden de Compra,07/28/2026,1 - 1257,Registrado,07/28/2026,INVEN - 2295,Normal,08/12/2026
,,,,,,,,,,,,,,,,,
,,,,,,,,,,,,,,,,,
,,,,,,,,,,,,,,,,,
,,,,,,,,,,,,,,,,,
1273,Sol. de Gastos,07/15/2026,1 - 2454,Confirmado,08/06/2026,10000055 - 1,Normal,08/06/2026,1514,Orden de Compra,08/24/2026,1 - 1458,Registrado,08/24/2026,,,
,,,,,,,,,,,,,,,,,
,,,,,,,,,,,,,,,,,
,,,,,,,,,,,,,,,,,
,,,,,,,,,,,,,,,,,
1274,Sol. de Gastos,07/15/2026,1 - 2709,Confirmado,08/27/2026,10000195 - 1,Normal,08/28/2026,1601,Orden de Compra,08/31/2026,1 - 1537,Registrado,08/31/2026,,,
,,,,,,,,,,,,,,,,,
,,,,,,,,,,,,,,,,,
,,,,,,,,,,,,,,,,,
,,,,,,,,,,,,,,,,,
1275,Sol. de Gastos,07/15/2026,1 - 2362,Confirmado,07/30/2026,990 - 1,Normal,07/31/2026,1390,Orden de Compra,08/07/2026,1 - 1332,Registrado,08/07/2026,INVEN - 2407,Normal,08/21/2026
,,,,,,,,,,,,,,,,,
,,,,,,,,,,,,,,,,,
,,,,,,,,,,,,,,,,,
,,,,,,,,,,,,,,,,,
1276,Ped. Suministros,07/15/2026,,,,,,,,,,,,,,,
,,,,,,,,,,,,,,,,,
,,,,,,,,,,,,,,,,,
1277,Sol. de Gastos,07/15/2026,1 - 2353,Confirmado,07/29/2026,987 - 1,Normal,07/30/2026,,,,,,,,,
,,,,,,,,,,,,,,,,,
,,,,,,,,,,,,,,,,,
1278,Sol. de Gastos,07/15/2026,1 - 2351,Confirmado,07/29/2026,984 - 1,Normal,07/30/2026,,,,,,,,,
,,,,,,,,,,,,,,,,,
,,,,,,,,,,,,,,,,,
1279,Sol. de Gastos,07/15/2026,1 - 2352,Confirmado,07/29/2026,985 - 1,Normal,07/30/2026,,,,,,,,,
,,,,,,,,,,,,,,,,,
,,,,,,,,,,,,,,,,,
1280,Sol. de Gastos,07/16/2026,1 - 2720,Confirmado,08/28/2026,10000198 - 1,Normal,08/28/2026,,,,,,,,,
,,,,,,,,,,,,,,,,,
,,,,,,,,,,,,,,,,,
1281,Sol. de Gastos,07/16/2026,1 - 2484,Confirmado,08/07/2026,10000071 - 1,Normal,08/10/2026,1588,Orden de Compra,08/27/2026,1 - 1522,Registrado,08/27/2026,,,
,,,,,,,,,,,,,,,,,
,,,,,,,,,,,,,,,,,
,,,,,,,,,,,,,,,,,
,,,,,,,,,,,,,,,,,
1282,Sol. de Gastos,07/16/2026,1 - 2423,Confirmado,08/03/2026,10000027 - 1,Normal,08/04/2026,1568,Orden de Compra,08/26/2026,1 - 1504,Registrado,08/26/2026,,,
,,,,,,,,,,,,,,,,,
,,,,,,,,,,,,,,,,,
,,,,,,,,,,,,,,,,,
,,,,,,,,,1569,Orden de Compra,08/26/2026,1 - 1505,Registrado,08/26/2026,,,
,,,,,,,,,,,,,,,,,
,,,,,,,,,,,,,,,,,
,,,,,,,,,,,,,,,,,
,,,,,,,,,,,,,,,,,
1283,Sol. de Gastos,07/16/2026,1 - 2388,Confirmado,07/31/2026,10000024 - 1,Normal,08/04/2026,1496,Anulado,08/21/2026,1 - 1442,Anulado,08/21/2026,,,
,,,,,,,,,,,,,,,,,
,,,,,,,,,,,,,,,,,
,,,,,,,,,,,,,,,,,
,,,,,,,,,1497,Anulado,08/21/2026,1 - 1443,Anulado,08/21/2026,,,
,,,,,,,,,,,,,,,,,
,,,,,,,,,,,,,,,,,
,,,,,,,,,,,,,,,,,
,,,,,,,,,1501,Orden de Compra,08/21/2026,1 - 1447,Registrado,08/21/2026,,,
,,,,,,,,,,,,,,,,,
,,,,,,,,,,,,,,,,,
,,,,,,,,,,,,,,,,,
,,,,,,,,,1502,Orden de Compra,08/21/2026,1 - 1448,Registrado,08/21/2026,,,
,,,,,,,,,,,,,,,,,
,,,,,,,,,,,,,,,,,
,,,,,,,,,,,,,,,,,
,,,,,,,,,,,,,,,,,
1284,Ped. Suministros,07/16/2026,,,,,,,,,,,,,,,
,,,,,,,,,,,,,,,,,
,,,,,,,,,,,,,,,,,
1285,Sol. de Gastos,07/16/2026,1 - 2280,Confirmado,07/22/2026,946 - 1,Normal,07/22/2026,1265,Anulado,07/23/2026,1 - 1216,Anulado,07/23/2026,,,
,,,,,,,,,,,,,,,,,
,,,,,,,,,,,,,,,,,
,,,,,,,,,,,,,,,,,
,,,,,,,,,1268,Anulado,07/23/2026,1 - 1219,Anulado,07/23/2026,,,
,,,,,,,,,,,,,,,,,
,,,,,,,,,,,,,,,,,
,,,,,,,,,,,,,,,,,
,,,,,,,,,1269,Orden de Compra,07/23/2026,1 - 1220,Registrado,07/23/2026,INVEN - 2216,Normal,08/06/2026
,,,,,,,,,,,,,,,,,
,,,,,,,,,,,,,,,,,
,,,,,,,,,,,,,,,,,
,,,,,,,,,,,,,,,,,
1286,Sol. de Gastos,07/16/2026,1 - 2357,Confirmado,07/30/2026,993 - 1,Normal,07/31/2026,1591,Orden de Compra,08/28/2026,1 - 1525,Registrado,08/28/2026,,,
,,,,,,,,,,,,,,,,,
,,,,,,,,,,,,,,,,,
,,,,,,,,,,,,,,,,,
,,,,,,,,,1592,Orden de Compra,08/28/2026,1 - 1538,Registrado,08/31/2026,,,
,,,,,,,,,,,,,,,,,
,,,,,,,,,,,,1 - 1526,Anulado,08/28/2026,,,
,,,,,,,,,,,,,,,,,
,,,,,,,,,,,,,,,,,
,,,,,,,,,,,,,,,,,
,,,,,,,,,,,,,,,,,
1287,Sol. de Gastos,07/17/2026,1 - 2273,Confirmado,07/21/2026,967 - 1,Normal,07/27/2026,1312,Orden de Compra,07/29/2026,1 - 1265,Registrado,07/29/2026,,,
,,,,,,,,,,,,,,,,,
,,,,,,,,,,,,,,,,,
,,,,,,,,,,,,,,,,,
,,,,,,,,,,,,,,,,,
1288,Sol. de Gastos,07/17/2026,1 - 2389,Confirmado,07/31/2026,10000030 - 1,Normal,08/04/2026,1429,Orden de Compra,08/12/2026,1 - 1371,Registrado,08/12/2026,,,
,,,,,,,,,,,,,,,,,
,,,,,,,,,,,,,,,,,
,,,,,,,,,,,,,,,,,
,,,,,,,,,1430,Orden de Compra,08/12/2026,1 - 1372,Registrado,08/12/2026,,,
,,,,,,,,,,,,,,,,,
,,,,,,,,,,,,,,,,,
,,,,,,,,,,,,,,,,,
,,,,,,,,,,,,,,,,,
1289,Ped. Suministros,07/17/2026,,,,,,,,,,,,,,,
,,,,,,,,,,,,,,,,,
,,,,,,,,,,,,,,,,,
1290,Sol. de Gastos,07/17/2026,1 - 2258,Confirmado,07/20/2026,941 - 1,Normal,07/20/2026,1247,Orden de Compra,07/21/2026,1 - 1195,Registrado,07/21/2026,INVEN - 2222,Normal,08/06/2026
,,,,,,,,,,,,,,,,,
,,,,,,,,,,,,,,,,,
,,,,,,,,,,,,,,,,,
,,,,,,,,,,,,,,,,,
1291,Sol. de Gastos,07/17/2026,1 - 2259,Confirmado,07/20/2026,940 - 1,Normal,07/20/2026,1231,Orden de Compra,07/20/2026,1 - 1182,Registrado,07/20/2026,INVEN - 2335,Normal,08/14/2026
,,,,,,,,,,,,,,,,,
,,,,,,,,,,,,,,,,,
,,,,,,,,,,,,,,,,,
,,,,,,,,,,,,,,,,,
1292,Sol. de Gastos,07/20/2026,1 - 2266,Confirmado,07/20/2026,942 - 1,Normal,07/20/2026,1236,Orden de Compra,07/20/2026,1 - 1187,Registrado,07/20/2026,INVEN - 2166,Normal,07/30/2026
,,,,,,,,,,,,,,,,,
,,,,,,,,,,,,,,,,,
,,,,,,,,,,,,,,,,,
,,,,,,,,,,,,,,,,,
1293,Sol. de Gastos,07/20/2026,1 - 2478,Confirmado,08/07/2026,10000066 - 1,Normal,08/07/2026,,,,,,,,,
,,,,,,,,,,,,,,,,,
,,,,,,,,,,,,,,,,,
1294,Ped. Suministros,07/20/2026,,,,,,,,,,,,,,,
,,,,,,,,,,,,,,,,,
,,,,,,,,,,,,,,,,,
1295,Sol. de Gastos,07/20/2026,1 - 2278,Confirmado,07/21/2026,944 - 1,Normal,07/22/2026,1266,Anulado,07/23/2026,1 - 1217,Anulado,07/23/2026,,,
,,,,,,,,,,,,,,,,,
,,,,,,,,,,,,,,,,,
,,,,,,,,,,,,,,,,,
,,,,,,,,,1267,Orden de Compra,07/23/2026,1 - 1218,Registrado,07/23/2026,INVEN - 2228,Normal,08/06/2026
,,,,,,,,,,,,,,,,,
,,,,,,,,,,,,,,,,,
,,,,,,,,,,,,,,,,,
,,,,,,,,,,,,,,,,,
1296,Sol. de Gastos,07/20/2026,1 - 2277,Confirmado,07/21/2026,945 - 1,Normal,07/22/2026,1305,Orden de Compra,07/28/2026,1 - 1258,Registrado,07/28/2026,INVEN - 2240,Normal,08/07/2026
,,,,,,,,,,,,,,,,,
,,,,,,,,,,,,,,,,,
,,,,,,,,,,,,,,,,,
,,,,,,,,,1306,Orden de Compra,07/28/2026,1 - 1259,Registrado,07/28/2026,INVEN - 2438,Normal,08/26/2026
,,,,,,,,,,,,,,,,,
,,,,,,,,,,,,,,,,,
,,,,,,,,,,,,,,,,,
,,,,,,,,,,,,,,,,,
1297,Sol. de Gastos,07/21/2026,1 - 2539,Confirmado,08/12/2026,10000098 - 1,Normal,08/12/2026,1442,Orden de Compra,08/13/2026,1 - 1381,Registrado,08/13/2026,INVEN - 2481,Normal,08/27/2026
,,,,,,,,,,,,,,,,,
,,,,,,,,,,,,,,,,,
,,,,,,,,,,,,,,,,,
,,,,,,,,,,,,,,,,,
1298,Ped. Suministros,07/21/2026,,,,,,,,,,,,,,,
,,,,,,,,,,,,,,,,,
,,,,,,,,,,,,,,,,,
1299,Sol. de Gastos,07/21/2026,1 - 2451,Confirmado,08/06/2026,10000059 - 1,Normal,08/06/2026,1476,Orden de Compra,08/19/2026,1 - 1418,Registrado,08/19/2026,,,
,,,,,,,,,,,,,,,,,
,,,,,,,,,,,,,,,,,
,,,,,,,,,,,,,,,,,
,,,,,,,,,,,,,,,,,
1300,Sol. de Gastos,07/21/2026,1 - 2502,Confirmado,08/11/2026,10000084 - 1,Normal,08/12/2026,1558,Orden de Compra,08/26/2026,1 - 1495,Registrado,08/26/2026,,,
,,,,,,,,,,,,,,,,,
,,,,,,,,,,,,,,,,,
,,,,,,,,,,,,,,,,,
,,,,,,,,,,,,,,,,,
1301,Sol. de Gastos,07/21/2026,1 - 2538,Confirmado,08/12/2026,10000101 - 1,Normal,08/12/2026,1464,Orden de Compra,08/14/2026,1 - 1517,Registrado,08/27/2026,,,
,,,,,,,,,,,,,,,,,
,,,,,,,,,,,,,,,,,
,,,,,,,,,,,,,,,,,
,,,,,,,,,,,,,,,,,
1302,Sol. de Gastos,07/21/2026,1 - 2338,Confirmado,07/28/2026,977 - 1,Normal,07/29/2026,1506,Orden de Compra,08/21/2026,1 - 1451,Registrado,08/21/2026,,,
,,,,,,,,,,,,,,,,,
,,,,,,,,,,,,,,,,,
,,,,,,,,,,,,,,,,,
,,,,,,,,,,,,,,,,,
1303,Sol. de Gastos,07/22/2026,1 - 2485,Confirmado,08/07/2026,10000070 - 1,Normal,08/07/2026,1411,Orden de Compra,08/10/2026,1 - 1350,Registrado,08/10/2026,,,
,,,,,,,,,,,,,,,,,
,,,,,,,,,,,,,,,,,
,,,,,,,,,,,,,,,,,
,,,,,,,,,,,,,,,,,
1304,Ped. Suministros,07/22/2026,,,,,,,,,,,,,,,
,,,,,,,,,,,,,,,,,
,,,,,,,,,,,,,,,,,
1305,Ped. Suministros,07/22/2026,,,,,,,,,,,,,,,
,,,,,,,,,,,,,,,,,
,,,,,,,,,,,,,,,,,
1306,Sol. de Gastos,07/22/2026,1 - 2422,Confirmado,08/03/2026,10000033 - 1,Normal,08/04/2026,1368,Normal,08/06/2026,,,,,,
,,,,,,,,,,,,,,,,,
,,,,,,,,,,,,,,,,,
1307,Sol. de Gastos,07/22/2026,1 - 2293,Confirmado,07/24/2026,950 - 1,Normal,07/24/2026,1287,Orden de Compra,07/24/2026,1 - 1238,Registrado,07/24/2026,,,
,,,,,,,,,,,,,,,,,
,,,,,,,,,,,,,,,,,
,,,,,,,,,,,,,,,,,
,,,,,,,,,,,,,,,,,
1308,Sol. de Gastos,07/22/2026,1 - 2298,Confirmado,07/24/2026,954 - 1,Normal,07/24/2026,1293,Orden de Compra,07/27/2026,1 - 1244,Registrado,07/27/2026,,,
,,,,,,,,,,,,,,,,,
,,,,,,,,,,,,,,,,,
,,,,,,,,,,,,,,,,,
,,,,,,,,,,,,,,,,,
1309,Sol. de Gastos,07/22/2026,1 - 2304,Confirmado,07/24/2026,956 - 1,Normal,07/24/2026,1294,Orden de Compra,07/27/2026,1 - 1245,Registrado,07/27/2026,,,
,,,,,,,,,,,,,,,,,
,,,,,,,,,,,,,,,,,
,,,,,,,,,,,,,,,,,
,,,,,,,,,,,,,,,,,
1310,Sol. de Gastos,07/22/2026,1 - 2299,Confirmado,07/24/2026,953 - 1,Normal,07/24/2026,1285,Orden de Compra,07/24/2026,1 - 1236,Registrado,07/24/2026,,,
,,,,,,,,,,,,,,,,,
,,,,,,,,,,,,,,,,,
,,,,,,,,,,,,,,,,,
,,,,,,,,,,,,,,,,,
1311,Sol. de Gastos,07/22/2026,1 - 2300,Confirmado,07/24/2026,955 - 1,Normal,07/24/2026,1292,Orden de Compra,07/27/2026,1 - 1243,Registrado,07/27/2026,,,
,,,,,,,,,,,,,,,,,
,,,,,,,,,,,,,,,,,
,,,,,,,,,,,,,,,,,
,,,,,,,,,,,,,,,,,
1312,Sol. de Gastos,07/22/2026,1 - 2566,Confirmado,08/13/2026,10000127 - 1,Normal,08/14/2026,1617,Orden de Compra,09/01/2026,1 - 1553,Normal,09/01/2026,,,
,,,,,,,,,,,,,,,,,
,,,,,,,,,,,,,,,,,
,,,,,,,,,,,,,,,,,
,,,,,,,,,,,,,,,,,
1313,Sol. de Gastos,07/23/2026,1 - 2430,Confirmado,08/04/2026,10000037 - 1,Normal,08/04/2026,1479,Orden de Compra,08/20/2026,1 - 1487,Registrado,08/25/2026,,,
,,,,,,,,,,,,,,,,,
,,,,,,,,,,,,,,,,,
,,,,,,,,,,,,,,,,,
,,,,,,,,,1480,Orden de Compra,08/20/2026,1 - 1488,Registrado,08/25/2026,,,
,,,,,,,,,,,,,,,,,
,,,,,,,,,,,,,,,,,
,,,,,,,,,,,,,,,,,
,,,,,,,,,1481,Orden de Compra,08/20/2026,1 - 1489,Registrado,08/25/2026,,,
,,,,,,,,,,,,,,,,,
,,,,,,,,,,,,,,,,,
,,,,,,,,,,,,,,,,,
,,,,,,,,,1482,Orden de Compra,08/20/2026,1 - 1490,Registrado,08/25/2026,,,
,,,,,,,,,,,,,,,,,
,,,,,,,,,,,,,,,,,
,,,,,,,,,,,,,,,,,
,,,,,,,,,1483,Orden de Compra,08/20/2026,1 - 1491,Registrado,08/25/2026,,,
,,,,,,,,,,,,,,,,,
,,,,,,,,,,,,,,,,,
,,,,,,,,,,,,,,,,,
,,,,,,,,,1484,Orden de Compra,08/20/2026,1 - 1492,Registrado,08/25/2026,,,
,,,,,,,,,,,,,,,,,
,,,,,,,,,,,,,,,,,
,,,,,,,,,,,,,,,,,
,,,,,,,,,,,,,,,,,
1314,Sol. de Gastos,07/23/2026,1 - 2480,Confirmado,08/07/2026,10000068 - 1,Normal,08/07/2026,1459,Normal,08/14/2026,,,,,,
,,,,,,,,,,,,,,,,,
,,,,,,,,,,,,,,,,,
1316,Sol. de Gastos,07/23/2026,1 - 2334,Confirmado,07/28/2026,974 - 1,Normal,07/29/2026,1352,Orden de Compra,08/03/2026,1 - 1294,Registrado,08/03/2026,,,
,,,,,,,,,,,,,,,,,
,,,,,,,,,,,,,,,,,
,,,,,,,,,,,,,,,,,
,,,,,,,,,,,,,,,,,
1317,Sol. de Gastos,07/23/2026,1 - 2393,Confirmado,07/31/2026,10000000 - 1,Normal,08/03/2026,1367,Orden de Compra,08/06/2026,1 - 1314,Registrado,08/06/2026,INVEN - 2372,Normal,08/20/2026
,,,,,,,,,,,,,,,,,
,,,,,,,,,,,,,,,,,
,,,,,,,,,,,,,,,,,
,,,,,,,,,,,,,,,,,
1318,Sol. de Gastos,07/23/2026,1 - 2301,Confirmado,07/24/2026,952 - 1,Normal,07/24/2026,1286,Orden de Compra,07/24/2026,1 - 1237,Registrado,07/24/2026,,,
,,,,,,,,,,,,,,,,,
,,,,,,,,,,,,,,,,,
,,,,,,,,,,,,,,,,,
,,,,,,,,,,,,,,,,,
1319,Sol. de Gastos,07/23/2026,1 - 2302,Confirmado,07/24/2026,951 - 1,Normal,07/24/2026,1295,Orden de Compra,07/27/2026,1 - 1246,Registrado,07/27/2026,,,
,,,,,,,,,,,,,,,,,
,,,,,,,,,,,,,,,,,
,,,,,,,,,,,,,,,,,
,,,,,,,,,,,,,,,,,
1321,Sol. de Gastos,07/23/2026,1 - 2537,Confirmado,08/12/2026,10000110 - 1,Normal,08/13/2026,,,,,,,,,
,,,,,,,,,,,,,,,,,
,,,,,,,,,,,,,,,,,
1322,Sol. de Gastos,07/23/2026,1 - 2396,Confirmado,07/31/2026,10000007 - 1,Normal,08/03/2026,1375,Orden de Compra,08/07/2026,1 - 1321,Registrado,08/07/2026,INVEN - 2368,Normal,08/20/2026
,,,,,,,,,,,,,,,,,
,,,,,,,,,,,,,,,,,
,,,,,,,,,,,,,,,,,
,,,,,,,,,,,,,,,,,
1324,Sol. de Gastos,07/23/2026,1 - 2324,Confirmado,07/28/2026,973 - 1,Normal,07/29/2026,,,,,,,,,
,,,,,,,,,,,,,,,,,
,,,,,,973 - 2,Normal,08/04/2026,1389,Orden de Compra,08/07/2026,1 - 1398,Registrado,08/14/2026,,,
,,,,,,,,,,,,,,,,,
,,,,,,,,,,,,,,,,,
,,,,,,,,,,,,,,,,,
,,,,,,,,,,,,,,,,,
1325,Sol. de Gastos,07/23/2026,1 - 2456,Confirmado,08/06/2026,10000062 - 1,Normal,08/06/2026,1376,Anulado,08/07/2026,1 - 1322,Anulado,08/07/2026,,,
,,,,,,,,,,,,,,,,,
,,,,,,,,,,,,,,,,,
,,,,,,,,,,,,,,,,,
,,,,,,,,,1392,Orden de Compra,08/07/2026,1 - 1334,Registrado,08/07/2026,,,
,,,,,,,,,,,,,,,,,
,,,,,,,,,,,,,,,,,
,,,,,,,,,,,,,,,,,
,,,,,,,,,,,,,,,,,
1326,Sol. de Gastos,07/23/2026,1 - 2479,Confirmado,08/07/2026,10000069 - 1,Normal,08/07/2026,1527,Orden de Compra,08/25/2026,1 - 1472,Registrado,08/25/2026,,,
,,,,,,,,,,,,,,,,,
,,,,,,,,,,,,,,,,,
,,,,,,,,,,,,,,,,,
,,,,,,,,,,,,,,,,,
1327,Sol. de Gastos,07/23/2026,1 - 2595,Confirmado,08/19/2026,10000134 - 1,Normal,08/19/2026,1595,Orden de Compra,08/28/2026,1 - 1554,Normal,09/01/2026,,,
,,,,,,,,,,,,,,,,,
,,,,,,,,,,,,,,,,,
,,,,,,,,,,,,,,,,,
,,,,,,,,,,,,,,,,,
1328,Sol. de Gastos,07/23/2026,1 - 2536,Confirmado,08/12/2026,10000113 - 1,Normal,08/13/2026,,,,,,,,,
,,,,,,,,,,,,,,,,,
,,,,,,,,,,,,,,,,,
1329,Ped. Suministros,07/24/2026,,,,,,,,,,,,,,,
,,,,,,,,,,,,,,,,,
,,,,,,,,,,,,,,,,,
1330,Ped. Suministros,07/24/2026,,,,,,,,,,,,,,,
,,,,,,,,,,,,,,,,,
,,,,,,,,,,,,,,,,,
1331,Sol. de Gastos,07/24/2026,1 - 2522,Confirmado,08/12/2026,10000109 - 1,Normal,08/13/2026,1472,Orden de Compra,08/19/2026,1 - 1413,Registrado,08/19/2026,,,
,,,,,,,,,,,,,,,,,
,,,,,,,,,,,,,,,,,
,,,,,,,,,,,,,,,,,
,,,,,,,,,,,,,,,,,
1332,Ped. Suministros,07/24/2026,1 - 2523,Anulado,08/12/2026,,,,,,,,,,,,
,,,,,,,,,,,,,,,,,
,,,,,,,,,,,,,,,,,
1333,Ped. Suministros,07/24/2026,,,,,,,,,,,,,,,
,,,,,,,,,,,,,,,,,
,,,,,,,,,,,,,,,,,
1334,Sol. de Gastos,07/27/2026,1 - 2452,Confirmado,08/06/2026,10000057 - 1,Normal,08/06/2026,,,,,,,,,
,,,,,,,,,,,,,,,,,
,,,,,,,,,,,,,,,,,
1335,Ped. Suministros,07/27/2026,,,,,,,,,,,,,,,
,,,,,,,,,,,,,,,,,
,,,,,,,,,,,,,,,,,
1336,Sol. de Gastos,07/27/2026,1 - 2581,Confirmado,08/13/2026,10000120 - 1,Normal,08/14/2026,1510,Orden de Compra,08/21/2026,1 - 1455,Registrado,08/21/2026,,,
,,,,,,,,,,,,,,,,,
,,,,,,,,,,,,,,,,,
,,,,,,,,,,,,,,,,,
,,,,,,,,,,,,,,,,,
1337,Sol. de Gastos,07/27/2026,1 - 2535,Confirmado,08/12/2026,10000115 - 1,Normal,08/14/2026,,,,,,,,,
,,,,,,,,,,,,,,,,,
,,,,,,,,,,,,,,,,,
1340,Sol. de Gastos,07/27/2026,1 - 2416,Confirmado,07/31/2026,10000014 - 1,Normal,08/03/2026,1515,Orden de Compra,08/24/2026,1 - 1459,Registrado,08/24/2026,,,
,,,,,,,,,,,,,,,,,
,,,,,,,,,,,,,,,,,
,,,,,,,,,,,,,,,,,
,,,,,,,,,,,,,,,,,
1341,Sol. de Gastos,07/27/2026,1 - 2391,Confirmado,07/31/2026,999 - 1,Normal,08/03/2026,1486,Orden de Compra,08/20/2026,1 - 1432,Registrado,08/20/2026,INVEN - 2509,Normal,08/31/2026
,,,,,,,,,,,,,,,,,
,,,,,,,,,,,,,,,,,
,,,,,,,,,,,,,,,,,
,,,,,,,,,,,,,,,,,
1342,Sol. de Gastos,07/27/2026,1 - 2350,Confirmado,07/29/2026,986 - 1,Normal,07/30/2026,1342,Orden de Compra,07/31/2026,1 - 1283,Registrado,07/31/2026,INVEN - 2360,Normal,08/19/2026
,,,,,,,,,,,,,,,,,
,,,,,,,,,,,,,,,,,
,,,,,,,,,,,,,,,,,
,,,,,,,,,,,,,,,,,
1343,Sol. de Gastos,07/27/2026,1 - 2414,Confirmado,07/31/2026,10000013 - 1,Normal,08/03/2026,1356,Orden de Compra,08/04/2026,1 - 1298,Registrado,08/04/2026,INVEN - 2386,Normal,08/20/2026
,,,,,,,,,,,,,,,,,
,,,,,,,,,,,,,,,,,
,,,,,,,,,,,,,,,,,
,,,,,,,,,,,,,,,,,
1344,Sol. de Gastos,07/28/2026,1 - 2395,Confirmado,07/31/2026,10000001 - 1,Normal,08/03/2026,1415,Orden de Compra,08/11/2026,1 - 1354,Registrado,08/11/2026,,,
,,,,,,,,,,,,,,,,,
,,,,,,,,,,,,,,,,,
,,,,,,,,,,,,,,,,,
,,,,,,,,,,,,,,,,,
1345,Ped. Suministros,07/28/2026,,,,,,,,,,,,,,,
,,,,,,,,,,,,,,,,,
,,,,,,,,,,,,,,,,,
1346,Sol. de Gastos,07/28/2026,1 - 2455,Confirmado,08/06/2026,10000064 - 1,Normal,08/06/2026,1545,Orden de Compra,08/25/2026,1 - 1485,Registrado,08/25/2026,,,
,,,,,,,,,,,,,,,,,
,,,,,,,,,,,,,,,,,
,,,,,,,,,,,,,,,,,
,,,,,,,,,,,,,,,,,
1347,Sol. de Gastos,07/28/2026,1 - 2415,Confirmado,07/31/2026,10000015 - 1,Normal,08/03/2026,1362,Orden de Compra,08/05/2026,1 - 1309,Registrado,08/05/2026,,,
,,,,,,,,,,,,,,,,,
,,,,,,,,,,,,,,,,,
,,,,,,,,,,,,,,,,,
,,,,,,,,,,,,,,,,,
1348,Sol. de Gastos,07/28/2026,1 - 2534,Confirmado,08/12/2026,10000102 - 1,Normal,08/12/2026,1495,Orden de Compra,08/21/2026,1 - 1441,Registrado,08/21/2026,,,
,,,,,,,,,,,,,,,,,
,,,,,,,,,,,,,,,,,
,,,,,,,,,,,,,,,,,
,,,,,,,,,,,,,,,,,
1349,Sol. de Gastos,07/29/2026,1 - 2412,Confirmado,07/31/2026,10000025 - 1,Normal,08/04/2026,1414,Orden de Compra,08/11/2026,1 - 1353,Registrado,08/11/2026,,,
,,,,,,,,,,,,,,,,,
,,,,,,,,,,,,,,,,,
,,,,,,,,,,,,,,,,,
,,,,,,,,,,,,,,,,,
1350,Sol. de Gastos,07/29/2026,1 - 2394,Confirmado,07/31/2026,10000028 - 1,Normal,08/04/2026,1416,Orden de Compra,08/11/2026,1 - 1355,Registrado,08/11/2026,,,
,,,,,,,,,,,,,,,,,
,,,,,,,,,,,,,,,,,
,,,,,,,,,,,,,,,,,
,,,,,,,,,,,,,,,,,
1351,Sol. de Gastos,07/29/2026,1 - 2533,Confirmado,08/12/2026,10000096 - 1,Normal,08/12/2026,1455,Orden de Compra,08/14/2026,1 - 1394,Registrado,08/14/2026,,,
,,,,,,,,,,,,,,,,,
,,,,,,,,,,,,,,,,,
,,,,,,,,,,,,,,,,,
,,,,,,,,,,,,,,,,,
1352,Sol. de Gastos,07/29/2026,1 - 2624,Confirmado,08/21/2026,10000148 - 1,Normal,08/24/2026,1615,Orden de Compra,09/01/2026,1 - 1551,Normal,09/01/2026,,,
,,,,,,,,,,,,,,,,,
,,,,,,,,,,,,,,,,,
,,,,,,,,,,,,,,,,,
,,,,,,,,,,,,,,,,,
1353,Sol. de Gastos,07/29/2026,1 - 2644,Confirmado,08/21/2026,10000150 - 1,Normal,08/24/2026,1522,Orden de Compra,08/24/2026,1 - 1467,Registrado,08/24/2026,,,
,,,,,,,,,,,,,,,,,
,,,,,,,,,,,,,,,,,
,,,,,,,,,,,,,,,,,
,,,1 - 2623,Anulado,08/21/2026,,,,,,,,,,,,
,,,,,,,,,,,,,,,,,
,,,,,,,,,,,,,,,,,
1354,Sol. de Gastos,07/29/2026,1 - 2625,Confirmado,08/21/2026,10000149 - 1,Normal,08/24/2026,1521,Orden de Compra,08/24/2026,1 - 1466,Registrado,08/24/2026,,,
,,,,,,,,,,,,,,,,,
,,,,,,,,,,,,,,,,,
,,,,,,,,,,,,,,,,,
,,,,,,,,,,,,,,,,,
1355,Sol. de Gastos,07/29/2026,1 - 2622,Confirmado,08/21/2026,10000147 - 1,Normal,08/24/2026,1520,Orden de Compra,08/24/2026,1 - 1465,Registrado,08/24/2026,,,
,,,,,,,,,,,,,,,,,
,,,,,,,,,,,,,,,,,
,,,,,,,,,,,,,,,,,
,,,,,,,,,,,,,,,,,
1356,Sol. de Gastos,07/29/2026,1 - 2358,Confirmado,07/30/2026,994 - 1,Normal,08/03/2026,1503,Orden de Compra,08/21/2026,1 - 1449,Registrado,08/21/2026,,,
,,,,,,,,,,,,,,,,,
,,,,,,,,,,,,,,,,,
,,,,,,,,,,,,,,,,,
,,,,,,,,,,,,,,,,,
1357,Sol. de Gastos,07/29/2026,1 - 2568,Confirmado,08/13/2026,10000125 - 1,Normal,08/14/2026,1470,Orden de Compra,08/19/2026,1 - 1411,Registrado,08/19/2026,,,
,,,,,,,,,,,,,,,,,
,,,,,,,,,,,,,,,,,
,,,,,,,,,,,,,,,,,
,,,,,,,,,,,,,,,,,
1358,Sol. de Gastos,07/29/2026,1 - 2359,Confirmado,07/30/2026,989 - 1,Normal,07/31/2026,1349,Orden de Compra,08/03/2026,1 - 1291,Registrado,08/03/2026,INVEN - 2355,Normal,08/14/2026
,,,,,,,,,,,,,,,,,
,,,,,,,,,,,,,,,,,
,,,,,,,,,,,,,,,,,
,,,,,,,,,,,,,,,,,
1359,Sol. de Gastos,07/30/2026,1 - 2553,Confirmado,08/12/2026,10000100 - 1,Normal,08/12/2026,1498,Anulado,08/21/2026,1 - 1444,Anulado,08/21/2026,,,
,,,,,,,,,,,,,,,,,
,,,,,,,,,,,,,,,,,
,,,,,,,,,,,,,,,,,
,,,,,,,,,1499,Anulado,08/21/2026,1 - 1445,Anulado,08/21/2026,,,
,,,,,,,,,,,,,,,,,
,,,,,,,,,,,,,,,,,
,,,,,,,,,,,,,,,,,
,,,,,,,,,1500,Anulado,08/21/2026,1 - 1446,Anulado,08/21/2026,,,
,,,,,,,,,,,,,,,,,
,,,,,,,,,,,,,,,,,
,,,,,,,,,,,,,,,,,
,,,,,,,,,,,,,,,,,
1360,Sol. de Gastos,07/30/2026,1 - 2554,Confirmado,08/12/2026,10000097 - 1,Normal,08/12/2026,1460,Orden de Compra,08/14/2026,1 - 1415,Registrado,08/19/2026,,,
,,,,,,,,,,,,,,,,,
,,,,,,,,,,,,,,,,,
,,,,,,,,,,,,,,,,,
,,,,,,,,,,,,,,,,,
1361,Sol. de Gastos,07/30/2026,1 - 2425,Confirmado,08/04/2026,10000040 - 1,Normal,08/05/2026,1608,Orden de Compra,08/31/2026,1 - 1545,Normal,08/31/2026,,,
,,,,,,,,,,,,,,,,,
,,,,,,,,,,,,,,,,,
,,,,,,,,,,,,,,,,,
,,,,,,,,,,,,,,,,,
1362,Sol. de Gastos,07/30/2026,1 - 2532,Confirmado,08/12/2026,10000112 - 1,Normal,08/13/2026,1563,Orden de Compra,08/26/2026,1 - 1499,Registrado,08/26/2026,,,
,,,,,,,,,,,,,,,,,
,,,,,,,,,,,,,,,,,
,,,,,,,,,,,,,,,,,
,,,,,,,,,1564,Orden de Compra,08/26/2026,1 - 1500,Registrado,08/26/2026,,,
,,,,,,,,,,,,,,,,,
,,,,,,,,,,,,,,,,,
,,,,,,,,,,,,,,,,,
,,,,,,,,,,,,,,,,,
1363,Sol. de Gastos,07/30/2026,1 - 2428,Confirmado,08/04/2026,10000043 - 1,Normal,08/05/2026,1391,Orden de Compra,08/07/2026,1 - 1333,Registrado,08/07/2026,INVEN - 2429,Normal,08/25/2026
,,,,,,,,,,,,,,,,,
,,,,,,,,,,,,,,,,,
,,,,,,,,,,,,,,,,,
,,,,,,,,,,,,,,,,,
1364,Sol. de Gastos,07/30/2026,1 - 2443,Confirmado,08/05/2026,10000051 - 1,Normal,08/05/2026,,,,,,,,,
,,,,,,,,,,,,,,,,,
,,,,,,,,,,,,,,,,,
1365,Sol. de Gastos,07/30/2026,1 - 2449,Confirmado,08/06/2026,10000056 - 1,Normal,08/06/2026,1614,Orden de Compra,09/01/2026,1 - 1550,Registrado,09/01/2026,,,
,,,,,,,,,,,,,,,,,
,,,,,,,,,,,,,,,,,
,,,,,,,,,,,,,,,,,
,,,,,,,,,,,,,,,,,
1366,Sol. de Gastos,07/31/2026,1 - 2531,Confirmado,08/12/2026,10000129 - 1,Normal,08/14/2026,,,,,,,,,
,,,,,,,,,,,,,,,,,
,,,,,,10000129 - 2,Normal,08/24/2026,,,,,,,,,
,,,,,,,,,,,,,,,,,
,,,,,,,,,,,,,,,,,
1367,Ped. Suministros,07/31/2026,,,,,,,,,,,,,,,
,,,,,,,,,,,,,,,,,
,,,,,,,,,,,,,,,,,
1368,Ped. Suministros,07/31/2026,,,,,,,,,,,,,,,
,,,,,,,,,,,,,,,,,
,,,,,,,,,,,,,,,,,
1369,Sol. de Gastos,07/31/2026,1 - 2530,Confirmado,08/12/2026,10000099 - 1,Normal,08/12/2026,1443,Orden de Compra,08/13/2026,1 - 1382,Registrado,08/13/2026,INVEN - 2479,Normal,08/27/2026
,,,,,,,,,,,,,,,,,
,,,,,,,,,,,,,,,,,
,,,,,,,,,,,,,,,,,
,,,,,,,,,,,,,,,,,
1370,Sol. de Gastos,07/31/2026,1 - 2529,Confirmado,08/12/2026,10000114 - 1,Normal,08/14/2026,1526,Orden de Compra,08/25/2026,1 - 1471,Registrado,08/25/2026,,,
,,,,,,,,,,,,,,,,,
,,,,,,,,,,,,,,,,,
,,,,,,,,,,,,,,,,,
,,,,,,,,,,,,,,,,,
1371,Ped. Suministros,07/31/2026,,,,,,,,,,,,,,,
,,,,,,,,,,,,,,,,,
,,,,,,,,,,,,,,,,,
1372,Sol. de Gastos,07/31/2026,1 - 2427,Confirmado,08/04/2026,10000041 - 1,Normal,08/05/2026,1534,Orden de Compra,08/25/2026,1 - 1477,Registrado,08/25/2026,,,
,,,,,,,,,,,,,,,,,
,,,,,,,,,,,,,,,,,
,,,,,,,,,,,,,,,,,
,,,,,,,,,,,,,,,,,
1373,Sol. de Gastos,07/31/2026,1 - 2426,Confirmado,08/04/2026,10000042 - 1,Normal,08/05/2026,1607,Orden de Compra,08/31/2026,1 - 1544,Normal,08/31/2026,,,
,,,,,,,,,,,,,,,,,
,,,,,,,,,,,,,,,,,
,,,,,,,,,,,,,,,,,
,,,,,,,,,,,,,,,,,
1374,Sol. de Gastos,07/31/2026,1 - 2676,Confirmado,08/25/2026,10000174 - 1,Normal,08/25/2026,,,,,,,,,
,,,,,,,,,,,,,,,,,
,,,,,,,,,,,,,,,,,
1375,Sol. de Gastos,07/31/2026,1 - 2528,Confirmado,08/12/2026,10000117 - 1,Normal,08/14/2026,,,,,,,,,
,,,,,,,,,,,,,,,,,
,,,,,,,,,,,,,,,,,
1376,Sol. de Gastos,07/31/2026,1 - 2527,Confirmado,08/12/2026,10000108 - 1,Normal,08/13/2026,,,,,,,,,
,,,,,,,,,,,,,,,,,
,,,,,,,,,,,,,,,,,
1377,Sol. de Gastos,08/03/2026,1 - 2525,Confirmado,08/12/2026,10000107 - 1,Normal,08/13/2026,,,,,,,,,
,,,,,,,,,,,,,,,,,
,,,,,,,,,,,,,,,,,
1378,Sol. de Gastos,08/03/2026,1 - 2526,Confirmado,08/12/2026,10000104 - 1,Normal,08/12/2026,1452,Orden de Compra,08/13/2026,1 - 1391,Registrado,08/13/2026,INVEN - 2467,Normal,08/27/2026
,,,,,,,,,,,,,,,,,
,,,,,,,,,,,,,,,,,
,,,,,,,,,,,,,,,,,
,,,,,,,,,,,,,,,,,
1379,Sol. de Gastos,08/03/2026,1 - 2453,Confirmado,08/06/2026,10000061 - 1,Normal,08/06/2026,1412,Orden de Compra,08/10/2026,1 - 1351,Registrado,08/10/2026,INVEN - 2387,Normal,08/20/2026
,,,,,,,,,,,,,,,,,
,,,,,,,,,,,,,,,,,
,,,,,,,,,,,,,,,,,
,,,,,,,,,,,,,,,,,
1380,Ped. Suministros,08/03/2026,,,,,,,,,,,,,,,
,,,,,,,,,,,,,,,,,
,,,,,,,,,,,,,,,,,
1381,Ped. Suministros,08/03/2026,,,,,,,,,,,,,,,
,,,,,,,,,,,,,,,,,
,,,,,,,,,,,,,,,,,
1382,Sol. de Gastos,08/03/2026,1 - 2669,Confirmado,08/24/2026,10000176 - 1,Normal,08/25/2026,1606,Orden de Compra,08/31/2026,1 - 1541,Registrado,08/31/2026,,,
,,,,,,,,,,,,,,,,,
,,,,,,,,,,,,,,,,,
,,,,,,,,,,,,,,,,,
,,,,,,,,,,,,,,,,,
1383,Ped. Suministros,08/03/2026,,,,,,,,,,,,,,,
,,,,,,,,,,,,,,,,,
,,,,,,,,,,,,,,,,,
1384,Ped. Suministros,08/03/2026,,,,,,,,,,,,,,,
,,,,,,,,,,,,,,,,,
,,,,,,,,,,,,,,,,,
1385,Ped. Suministros,08/03/2026,,,,,,,,,,,,,,,
,,,,,,,,,,,,,,,,,
,,,,,,,,,,,,,,,,,
1386,Ped. Suministros,08/03/2026,,,,,,,,,,,,,,,
,,,,,,,,,,,,,,,,,
,,,,,,,,,,,,,,,,,
1387,Sol. de Gastos,08/03/2026,1 - 2749,Confirmado,09/01/2026,10000207 - 1,Normal,09/01/2026,,,,,,,,,
,,,,,,,,,,,,,,,,,
,,,,,,,,,,,,,,,,,
1388,Sol. de Gastos,08/04/2026,1 - 2567,Confirmado,08/13/2026,10000126 - 1,Normal,08/14/2026,1581,Orden de Compra,08/27/2026,1 - 1518,Registrado,08/27/2026,,,
,,,,,,,,,,,,,,,,,
,,,,,,,,,,,,,,,,,
,,,,,,,,,,,,,,,,,
,,,,,,,,,,,,,,,,,
1389,Sol. de Gastos,08/04/2026,1 - 2436,Confirmado,08/05/2026,10000044 - 1,Normal,08/05/2026,1373,Orden de Compra,08/06/2026,1 - 1319,Registrado,08/06/2026,INVEN - 2430,Normal,08/25/2026
,,,,,,,,,,,,,,,,,
,,,,,,,,,,,,,,,,,
,,,,,,,,,,,,,,,,,
,,,,,,,,,,,,,,,,,
1390,Sol. de Gastos,08/04/2026,1 - 2726,Confirmado,08/28/2026,10000199 - 1,Normal,08/28/2026,1602,Orden de Compra,08/31/2026,1 - 1540,Normal,08/31/2026,,,
,,,,,,,,,,,,,,,,,
,,,,,,,,,,,,,,,,,
,,,,,,,,,,,,,,,,,
,,,,,,,,,,,,,,,,,
1391,Ped. Suministros,08/05/2026,,,,,,,,,,,,,,,
,,,,,,,,,,,,,,,,,
,,,,,,,,,,,,,,,,,
1392,Sol. de Gastos,08/05/2026,1 - 2564,Confirmado,08/13/2026,10000121 - 1,Normal,08/14/2026,1471,Orden de Compra,08/19/2026,1 - 1412,Registrado,08/19/2026,,,
,,,,,,,,,,,,,,,,,
,,,,,,,,,,,,,,,,,
,,,,,,,,,,,,,,,,,
,,,,,,,,,,,,,,,,,
1393,Ped. Suministros,08/05/2026,,,,,,,,,,,,,,,
,,,,,,,,,,,,,,,,,
,,,,,,,,,,,,,,,,,
1394,Sol. de Gastos,08/05/2026,1 - 2580,Confirmado,08/13/2026,10000131 - 1,Normal,08/14/2026,1475,Orden de Compra,08/19/2026,1 - 1417,Registrado,08/19/2026,,,
,,,,,,,,,,,,,,,,,
,,,,,,,,,,,,,,,,,
,,,,,,,,,,,,,,,,,
,,,,,,,,,,,,,,,,,
1395,Sol. de Gastos,08/05/2026,1 - 2579,Confirmado,08/13/2026,10000136 - 1,Normal,08/20/2026,,,,,,,,,
,,,,,,,,,,,,,,,,,
,,,,,,,,,,,,,,,,,
1396,Sol. de Gastos,08/05/2026,1 - 2462,Confirmado,08/06/2026,10000065 - 1,Normal,08/07/2026,1410,Orden de Compra,08/10/2026,1 - 1349,Registrado,08/10/2026,,,
,,,,,,,,,,,,,,,,,
,,,,,,,,,,,,,,,,,
,,,,,,,,,,,,,,,,,
,,,,,,,,,,,,,,,,,
1397,Sol. de Gastos,08/05/2026,1 - 2578,Confirmado,08/13/2026,10000130 - 1,Normal,08/14/2026,1474,Orden de Compra,08/19/2026,1 - 1416,Registrado,08/19/2026,,,
,,,,,,,,,,,,,,,,,
,,,,,,,,,,,,,,,,,
,,,,,,,,,,,,,,,,,
,,,,,,,,,,,,,,,,,
1398,Sol. de Gastos,08/06/2026,1 - 2601,Confirmado,08/20/2026,10000135 - 1,Normal,08/20/2026,1492,Orden de Compra,08/20/2026,1 - 1438,Registrado,08/20/2026,,,
,,,,,,,,,,,,,,,,,
,,,,,,,,,,,,,,,,,
,,,,,,,,,,,,,,,,,
,,,,,,,,,,,,,,,,,
1399,Sol. de Gastos,08/06/2026,1 - 2477,Confirmado,08/07/2026,10000067 - 1,Normal,08/07/2026,1427,Orden de Compra,08/11/2026,1 - 1367,Registrado,08/11/2026,,,
,,,,,,,,,,,,,,,,,
,,,,,,,,,,,,,,,,,
,,,,,,,,,,,,,,,,,
,,,,,,,,,,,,,,,,,
1400,Sol. de Gastos,08/06/2026,1 - 2696,Confirmado,08/26/2026,10000189 - 1,Normal,08/27/2026,1597,Anulado,08/28/2026,1 - 1530,Anulado,08/28/2026,,,
,,,,,,,,,,,,,,,,,
,,,,,,,,,,,,,,,,,
,,,,,,,,,,,,,,,,,
,,,,,,,,,1605,Orden de Compra,08/31/2026,1 - 1542,Normal,08/31/2026,,,
,,,,,,,,,,,,,,,,,
,,,,,,,,,,,,,,,,,
,,,,,,,,,,,,,,,,,
,,,,,,,,,,,,,,,,,
1401,Sol. de Gastos,08/06/2026,1 - 2630,Confirmado,08/21/2026,10000186 - 1,Normal,08/26/2026,,,,,,,,,
,,,,,,,,,,,,,,,,,
,,,,,,,,,,,,,,,,,
1402,Ped. Suministros,08/06/2026,,,,,,,,,,,,,,,
,,,,,,,,,,,,,,,,,
,,,,,,,,,,,,,,,,,
1403,Ped. Suministros,08/06/2026,,,,,,,,,,,,,,,
,,,,,,,,,,,,,,,,,
,,,,,,,,,,,,,,,,,
1404,Ped. Suministros,08/06/2026,,,,,,,,,,,,,,,
,,,,,,,,,,,,,,,,,
,,,,,,,,,,,,,,,,,
1405,Sol. de Gastos,08/06/2026,1 - 2575,Confirmado,08/13/2026,10000124 - 1,Normal,08/14/2026,1505,Orden de Compra,08/21/2026,1 - 1450,Registrado,08/21/2026,,,
,,,,,,,,,,,,,,,,,
,,,,,,,,,,,,,,,,,
,,,,,,,,,,,,,,,,,
,,,,,,,,,,,,,,,,,
1406,Sol. de Gastos,08/06/2026,1 - 2576,Confirmado,08/13/2026,10000123 - 1,Normal,08/14/2026,1473,Orden de Compra,08/19/2026,1 - 1414,Registrado,08/19/2026,INVEN - 2435,Normal,08/25/2026
,,,,,,,,,,,,,,,,,
,,,,,,,,,,,,,,,,,
,,,,,,,,,,,,,,,,,
,,,,,,,,,,,,,,,,,
1407,Sol. de Gastos,08/06/2026,1 - 2577,Confirmado,08/13/2026,10000122 - 1,Normal,08/14/2026,1612,Orden de Compra,09/01/2026,1 - 1548,Normal,09/01/2026,,,
,,,,,,,,,,,,,,,,,
,,,,,,,,,,,,,,,,,
,,,,,,,,,,,,,,,,,
,,,,,,,,,,,,,,,,,
1408,Sol. de Gastos,08/07/2026,1 - 2670,Confirmado,08/24/2026,10000175 - 1,Normal,08/25/2026,,,,,,,,,
,,,,,,,,,,,,,,,,,
,,,,,,,,,,,,,,,,,
1409,Ped. Suministros,08/07/2026,,,,,,,,,,,,,,,
,,,,,,,,,,,,,,,,,
,,,,,,,,,,,,,,,,,
1410,Ped. Suministros,08/07/2026,,,,,,,,,,,,,,,
,,,,,,,,,,,,,,,,,
,,,,,,,,,,,,,,,,,
1411,Sol. de Gastos,08/07/2026,1 - 2515,Confirmado,08/11/2026,10000082 - 1,Normal,08/12/2026,1445,Orden de Compra,08/13/2026,1 - 1384,Registrado,08/13/2026,,,
,,,,,,,,,,,,,,,,,
,,,,,,,,,,,,,,,,,
,,,,,,,,,,,,,,,,,
,,,,,,,,,,,,,,,,,
1412,Ped. Suministros,08/07/2026,,,,,,,,,,,,,,,
,,,,,,,,,,,,,,,,,
,,,,,,,,,,,,,,,,,
1413,Sol. de Gastos,08/07/2026,1 - 2510,Confirmado,08/11/2026,10000079 - 1,Normal,08/11/2026,1450,Orden de Compra,08/13/2026,1 - 1389,Registrado,08/13/2026,,,
,,,,,,,,,,,,,,,,,
,,,,,,,,,,,,,,,,,
,,,,,,,,,,,,,,,,,
,,,,,,,,,,,,,,,,,
1414,Ped. Suministros,08/07/2026,,,,,,,,,,,,,,,
,,,,,,,,,,,,,,,,,
,,,,,,,,,,,,,,,,,
1415,Sol. de Gastos,08/07/2026,1 - 2561,Normal,08/12/2026,,,,,,,,,,,,
,,,,,,,,,,,,,,,,,
,,,,,,,,,,,,,,,,,
1416,Sol. de Gastos,08/07/2026,1 - 2663,Confirmado,08/24/2026,10000166 - 1,Normal,08/24/2026,1574,Orden de Compra,08/26/2026,1 - 1510,Registrado,08/26/2026,,,
,,,,,,,,,,,,,,,,,
,,,,,,,,,,,,,,,,,
,,,,,,,,,,,,,,,,,
,,,,,,,,,,,,,,,,,
1417,Sol. de Gastos,08/10/2026,1 - 2501,Confirmado,08/11/2026,10000086 - 1,Normal,08/12/2026,,,,,,,,,
,,,,,,,,,,,,,,,,,
,,,,,,10000086 - 2,Normal,08/19/2026,1504,Orden de Compra,08/21/2026,1 - 1533,Registrado,08/28/2026,,,
,,,,,,,,,,,,,,,,,
,,,,,,,,,,,,,,,,,
,,,,,,,,,,,,,,,,,
,,,,,,,,,,,,,,,,,
1419,Ped. Suministros,08/10/2026,,,,,,,,,,,,,,,
,,,,,,,,,,,,,,,,,
,,,,,,,,,,,,,,,,,
1420,Ped. Suministros,08/10/2026,,,,,,,,,,,,,,,
,,,,,,,,,,,,,,,,,
,,,,,,,,,,,,,,,,,
1421,Sol. de Gastos,08/10/2026,1 - 2632,Confirmado,08/21/2026,10000161 - 1,Normal,08/24/2026,,,,,,,,,
,,,,,,,,,,,,,,,,,
,,,,,,,,,,,,,,,,,
1422,Sol. de Gastos,08/10/2026,1 - 2621,Confirmado,08/21/2026,10000146 - 1,Normal,08/24/2026,1577,Orden de Compra,08/26/2026,1 - 1513,Normal,08/26/2026,,,
,,,,,,,,,,,,,,,,,
,,,,,,,,,,,,,,,,,
,,,,,,,,,,,,,,,,,
,,,,,,,,,,,,,,,,,
1423,Sol. de Gastos,08/10/2026,1 - 2668,Confirmado,08/24/2026,10000165 - 1,Normal,08/24/2026,1560,Orden de Compra,08/26/2026,1 - 1496,Registrado,08/26/2026,,,
,,,,,,,,,,,,,,,,,
,,,,,,,,,,,,,,,,,
,,,,,,,,,,,,,,,,,
,,,,,,,,,,,,,,,,,
1424,Ped. Suministros,08/10/2026,,,,,,,,,,,,,,,
,,,,,,,,,,,,,,,,,
,,,,,,,,,,,,,,,,,
1425,Sol. de Gastos,08/10/2026,1 - 2629,Confirmado,08/21/2026,10000157 - 1,Normal,08/24/2026,1530,Orden de Compra,08/25/2026,1 - 1475,Registrado,08/25/2026,,,
,,,,,,,,,,,,,,,,,
,,,,,,,,,,,,,,,,,
,,,,,,,,,,,,,,,,,
,,,,,,,,,,,,,,,,,
1426,Ped. Suministros,08/10/2026,,,,,,,,,,,,,,,
,,,,,,,,,,,,,,,,,
,,,,,,,,,,,,,,,,,
1427,Sol. de Gastos,08/10/2026,1 - 2631,Confirmado,08/21/2026,10000155 - 1,Normal,08/24/2026,1557,Orden de Compra,08/26/2026,1 - 1494,Registrado,08/26/2026,,,
,,,,,,,,,,,,,,,,,
,,,,,,,,,,,,,,,,,
,,,,,,,,,,,,,,,,,
,,,,,,,,,,,,,,,,,
1428,Sol. de Gastos,08/10/2026,1 - 2509,Confirmado,08/11/2026,10000077 - 1,Normal,08/11/2026,1425,Orden de Compra,08/11/2026,1 - 1364,Registrado,08/11/2026,INVEN - 2388,Normal,08/20/2026
,,,,,,,,,,,,,,,,,
,,,,,,,,,,,,,,,,,
,,,,,,,,,,,,,,,,,
,,,,,,,,,,,,,,,,,
1429,Ped. Suministros,08/11/2026,,,,,,,,,,,,,,,
,,,,,,,,,,,,,,,,,
,,,,,,,,,,,,,,,,,
1430,Sol. de Gastos,08/11/2026,1 - 2754,Confirmado,09/01/2026,10000211 - 1,Normal,09/01/2026,,,,,,,,,
,,,,,,,,,,,,,,,,,
,,,,,,,,,,,,,,,,,
1431,Sol. de Gastos,08/11/2026,1 - 2514,Confirmado,08/11/2026,10000083 - 1,Normal,08/12/2026,1441,Orden de Compra,08/12/2026,1 - 1380,Registrado,08/12/2026,ALMAC - 34,Confirmada,08/20/2026
,,,,,,,,,,,,,,,,,
,,,,,,,,,,,,,,,,,
,,,,,,,,,,,,,,,,,
,,,,,,,,,,,,,,,,,
1432,Sol. de Gastos,08/11/2026,1 - 2628,Confirmado,08/21/2026,10000152 - 1,Normal,08/24/2026,1580,Orden de Compra,08/27/2026,1 - 1516,Registrado,08/27/2026,,,
,,,,,,,,,,,,,,,,,
,,,,,,,,,,,,,,,,,
,,,,,,,,,,,,,,,,,
,,,,,,,,,,,,,,,,,
1433,Sol. de Gastos,08/11/2026,1 - 2666,Confirmado,08/24/2026,10000168 - 1,Normal,08/25/2026,1556,Orden de Compra,08/26/2026,1 - 1493,Registrado,08/26/2026,,,
,,,,,,,,,,,,,,,,,
,,,,,,,,,,,,,,,,,
,,,,,,,,,,,,,,,,,
,,,,,,,,,,,,,,,,,
1434,Sol. de Gastos,08/12/2026,1 - 2633,Confirmado,08/21/2026,10000160 - 1,Normal,08/24/2026,,,,,,,,,
,,,,,,,,,,,,,,,,,
,,,,,,,,,,,,,,,,,
1435,Sol. de Gastos,08/12/2026,1 - 2706,Confirmado,08/26/2026,10000190 - 1,Normal,08/27/2026,,,,,,,,,
,,,,,,,,,,,,,,,,,
,,,,,,,,,,,,,,,,,
1436,Ped. Suministros,08/12/2026,,,,,,,,,,,,,,,
,,,,,,,,,,,,,,,,,
,,,,,,,,,,,,,,,,,
1437,Sol. de Gastos,08/12/2026,1 - 2722,Confirmado,08/28/2026,10000205 - 1,Normal,08/31/2026,,,,,,,,,
,,,,,,,,,,,,,,,,,
,,,,,,,,,,,,,,,,,
1438,Ped. Suministros,08/12/2026,,,,,,,,,,,,,,,
,,,,,,,,,,,,,,,,,
,,,,,,,,,,,,,,,,,
1439,Ped. Suministros,08/13/2026,,,,,,,,,,,,,,,
,,,,,,,,,,,,,,,,,
,,,,,,,,,,,,,,,,,
1440,Sol. de Gastos,08/13/2026,1 - 2583,Confirmado,08/14/2026,10000128 - 1,Normal,08/14/2026,1469,Orden de Compra,08/19/2026,1 - 1410,Registrado,08/19/2026,,,
,,,,,,,,,,,,,,,,,
,,,,,,,,,,,,,,,,,
,,,,,,,,,,,,,,,,,
,,,,,,,,,,,,,,,,,
1441,Ped. Suministros,08/13/2026,,,,,,,,,,,,,,,
,,,,,,,,,,,,,,,,,
,,,,,,,,,,,,,,,,,
1442,Ped. Suministros,08/13/2026,,,,,,,,,,,,,,,
,,,,,,,,,,,,,,,,,
,,,,,,,,,,,,,,,,,
1443,Sol. de Gastos,08/13/2026,1 - 2689,Confirmado,08/26/2026,10000179 - 1,Normal,08/26/2026,,,,,,,,,
,,,,,,,,,,,,,,,,,
,,,,,,,,,,,,,,,,,
1444,Sol. de Gastos,08/13/2026,1 - 2634,Confirmado,08/21/2026,10000153 - 1,Normal,08/24/2026,1578,Orden de Compra,08/27/2026,1 - 1514,Registrado,08/27/2026,,,
,,,,,,,,,,,,,,,,,
,,,,,,,,,,,,,,,,,
,,,,,,,,,,,,,,,,,
,,,,,,,,,,,,,,,,,
1445,Ped. Suministros,08/13/2026,,,,,,,,,,,,,,,
,,,,,,,,,,,,,,,,,
,,,,,,,,,,,,,,,,,
1446,Sol. de Gastos,08/13/2026,1 - 2691,Confirmado,08/26/2026,10000180 - 1,Normal,08/26/2026,1573,Orden de Compra,08/26/2026,1 - 1509,Registrado,08/26/2026,,,
,,,,,,,,,,,,,,,,,
,,,,,,,,,,,,,,,,,
,,,,,,,,,,,,,,,,,
,,,,,,,,,,,,,,,,,
1447,Sol. de Gastos,08/14/2026,1 - 2636,Confirmado,08/21/2026,10000172 - 1,Normal,08/25/2026,,,,,,,,,
,,,,,,,,,,,,,,,,,
,,,,,,,,,,,,,,,,,
1448,Sol. de Gastos,08/14/2026,1 - 2690,Confirmado,08/26/2026,10000182 - 1,Normal,08/26/2026,1603,Orden de Compra,08/31/2026,1 - 1539,Registrado,08/31/2026,,,
,,,,,,,,,,,,,,,,,
,,,,,,,,,,,,,,,,,
,,,,,,,,,,,,,,,,,
,,,,,,,,,,,,,,,,,
1449,Sol. de Gastos,08/14/2026,1 - 2620,Normal,08/21/2026,,,,,,,,,,,,
,,,,,,,,,,,,,,,,,
,,,,,,,,,,,,,,,,,
1450,Sol. de Gastos,08/14/2026,1 - 2590,Confirmado,08/14/2026,10000132 - 1,Normal,08/14/2026,1468,Orden de Compra,08/19/2026,1 - 1409,Registrado,08/19/2026,INVEN - 2420,Normal,08/24/2026
,,,,,,,,,,,,,,,,,
,,,,,,,,,,,,,,,,,
,,,,,,,,,,,,,,,,,
,,,,,,,,,,,,,,,,,
1451,Sol. de Gastos,08/14/2026,1 - 2697,Confirmado,08/26/2026,10000177 - 1,Normal,08/26/2026,1582,Orden de Compra,08/27/2026,1 - 1519,Registrado,08/27/2026,,,
,,,,,,,,,,,,,,,,,
,,,,,,,,,,,,,,,,,
,,,,,,,,,,,,,,,,,
,,,,,,,,,,,,,,,,,
1452,Ped. Suministros,08/14/2026,,,,,,,,,,,,,,,
,,,,,,,,,,,,,,,,,
,,,,,,,,,,,,,,,,,
1453,Ped. Suministros,08/14/2026,,,,,,,,,,,,,,,
,,,,,,,,,,,,,,,,,
,,,,,,,,,,,,,,,,,
1454,Ped. Suministros,08/14/2026,,,,,,,,,,,,,,,
,,,,,,,,,,,,,,,,,
,,,,,,,,,,,,,,,,,
1455,Sol. de Gastos,08/19/2026,1 - 2664,Confirmado,08/24/2026,10000171 - 1,Normal,08/25/2026,1570,Orden de Compra,08/26/2026,1 - 1506,Registrado,08/26/2026,,,
,,,,,,,,,,,,,,,,,
,,,,,,,,,,,,,,,,,
,,,,,,,,,,,,,,,,,
,,,,,,,,,,,,,,,,,
1456,Sol. de Gastos,08/19/2026,1 - 2665,Confirmado,08/24/2026,10000170 - 1,Normal,08/25/2026,1571,Orden de Compra,08/26/2026,1 - 1507,Registrado,08/26/2026,,,
,,,,,,,,,,,,,,,,,
,,,,,,,,,,,,,,,,,
,,,,,,,,,,,,,,,,,
,,,,,,,,,,,,,,,,,
1457,Sol. de Gastos,08/19/2026,1 - 2635,Confirmado,08/21/2026,10000163 - 1,Normal,08/24/2026,1594,Orden de Compra,08/28/2026,1 - 1528,Registrado,08/28/2026,,,
,,,,,,,,,,,,,,,,,
,,,,,,,,,,,,,,,,,
,,,,,,,,,,,,,,,,,
,,,,,,,,,,,,,,,,,
1458,Ped. Suministros,08/19/2026,,,,,,,,,,,,,,,
,,,,,,,,,,,,,,,,,
,,,,,,,,,,,,,,,,,
1459,Ped. Suministros,08/19/2026,,,,,,,,,,,,,,,
,,,,,,,,,,,,,,,,,
,,,,,,,,,,,,,,,,,
1460,Ped. Suministros,08/19/2026,,,,,,,,,,,,,,,
,,,,,,,,,,,,,,,,,
,,,,,,,,,,,,,,,,,
1461,Sol. de Gastos,08/19/2026,1 - 2667,Confirmado,08/24/2026,10000169 - 1,Normal,08/25/2026,1572,Orden de Compra,08/26/2026,1 - 1508,Registrado,08/26/2026,,,
,,,,,,,,,,,,,,,,,
,,,,,,,,,,,,,,,,,
,,,,,,,,,,,,,,,,,
,,,,,,,,,,,,,,,,,
1462,Sol. de Gastos,08/20/2026,1 - 2605,Confirmado,08/20/2026,10000137 - 1,Normal,08/21/2026,1519,Orden de Compra,08/24/2026,1 - 1464,Registrado,08/24/2026,,,
,,,,,,,,,,,,,,,,,
,,,,,,,,,,,,,,,,,
,,,,,,,,,,,,,,,,,
,,,,,,,,,,,,,,,,,
1463,Sol. de Gastos,08/20/2026,1 - 2660,Confirmado,08/24/2026,10000159 - 1,Normal,08/24/2026,1523,Orden de Compra,08/25/2026,1 - 1468,Registrado,08/25/2026,,,
,,,,,,,,,,,,,,,,,
,,,,,,,,,,,,,,,,,
,,,,,,,,,,,,,,,,,
,,,,,,,,,,,,,,,,,
1464,Sol. de Gastos,08/20/2026,1 - 2695,Confirmado,08/26/2026,10000187 - 1,Normal,08/26/2026,1596,Orden de Compra,08/28/2026,1 - 1529,Registrado,08/28/2026,,,
,,,,,,,,,,,,,,,,,
,,,,,,,,,,,,,,,,,
,,,,,,,,,,,,,,,,,
,,,,,,,,,,,,,,,,,
1465,Ped. Suministros,08/20/2026,,,,,,,,,,,,,,,
,,,,,,,,,,,,,,,,,
,,,,,,,,,,,,,,,,,
1466,Sol. de Gastos,08/20/2026,1 - 2692,Confirmado,08/26/2026,10000178 - 1,Normal,08/26/2026,1589,Orden de Compra,08/28/2026,1 - 1523,Registrado,08/28/2026,,,
,,,,,,,,,,,,,,,,,
,,,,,,,,,,,,,,,,,
,,,,,,,,,,,,,,,,,
,,,,,,,,,,,,,,,,,
1467,Sol. de Gastos,08/20/2026,1 - 2727,Confirmado,08/28/2026,10000200 - 1,Normal,08/28/2026,1613,Orden de Compra,09/01/2026,1 - 1549,Registrado,09/01/2026,,,
,,,,,,,,,,,,,,,,,
,,,,,,,,,,,,,,,,,
,,,,,,,,,,,,,,,,,
,,,,,,,,,,,,,,,,,
1468,Sol. de Gastos,08/20/2026,1 - 2626,Confirmado,08/21/2026,10000151 - 1,Normal,08/24/2026,1525,Orden de Compra,08/25/2026,1 - 1470,Registrado,08/25/2026,,,
,,,,,,,,,,,,,,,,,
,,,,,,,,,,,,,,,,,
,,,,,,,,,,,,,,,,,
,,,,,,,,,,,,,,,,,
1469,Ped. Suministros,08/20/2026,,,,,,,,,,,,,,,
,,,,,,,,,,,,,,,,,
,,,,,,,,,,,,,,,,,
1470,Sol. de Gastos,08/20/2026,1 - 2693,Confirmado,08/26/2026,10000184 - 1,Normal,08/26/2026,,,,,,,,,
,,,,,,,,,,,,,,,,,
,,,,,,,,,,,,,,,,,
1471,Sol. de Gastos,08/20/2026,1 - 2694,Confirmado,08/26/2026,10000181 - 1,Normal,08/26/2026,,,,,,,,,
,,,,,,,,,,,,,,,,,
,,,,,,,,,,,,,,,,,
1472,Sol. de Gastos,08/20/2026,1 - 2725,Confirmado,08/28/2026,10000202 - 1,Normal,08/28/2026,,,,,,,,,
,,,,,,,,,,,,,,,,,
,,,,,,,,,,,,,,,,,
1473,Ped. Suministros,08/21/2026,,,,,,,,,,,,,,,
,,,,,,,,,,,,,,,,,
,,,,,,,,,,,,,,,,,
1474,Sol. de Gastos,08/21/2026,1 - 2724,Confirmado,08/28/2026,10000203 - 1,Normal,08/28/2026,,,,,,,,,
,,,,,,,,,,,,,,,,,
,,,,,,,,,,,,,,,,,
1475,Sol. de Gastos,08/21/2026,1 - 2659,Confirmado,08/24/2026,10000164 - 1,Normal,08/24/2026,1537,Orden de Compra,08/25/2026,1 - 1478,Registrado,08/25/2026,,,
,,,,,,,,,,,,,,,,,
,,,,,,,,,,,,,,,,,
,,,,,,,,,,,,,,,,,
,,,,,,,,,,,,,,,,,
1476,Sol. de Gastos,08/21/2026,1 - 2707,Confirmado,08/26/2026,10000188 - 1,Normal,08/27/2026,1587,Orden de Compra,08/27/2026,1 - 1531,Registrado,08/28/2026,,,
,,,,,,,,,,,,,,,,,
,,,,,,,,,,,,,,,,,
,,,,,,,,,,,,,,,,,
,,,,,,,,,,,,,,,,,
1477,Sol. de Gastos,08/21/2026,1 - 2661,Confirmado,08/24/2026,10000154 - 1,Normal,08/24/2026,1528,Orden de Compra,08/25/2026,1 - 1473,Registrado,08/25/2026,,,
,,,,,,,,,,,,,,,,,
,,,,,,,,,,,,,,,,,
,,,,,,,,,,,,,,,,,
,,,,,,,,,,,,,,,,,
1478,Sol. de Gastos,08/21/2026,1 - 2662,Confirmado,08/24/2026,10000156 - 1,Normal,08/24/2026,1517,Orden de Compra,08/24/2026,1 - 1462,Registrado,08/24/2026,INVEN - 2513,Normal,09/01/2026
,,,,,,,,,,,,,,,,,
,,,,,,,,,,,,,,,,,
,,,,,,,,,,,,,,,,,
,,,,,,,,,,,,,,,,,
1479,Ped. Suministros,08/24/2026,,,,,,,,,,,,,,,
,,,,,,,,,,,,,,,,,
,,,,,,,,,,,,,,,,,
1480,Ped. Suministros,08/24/2026,,,,,,,,,,,,,,,
,,,,,,,,,,,,,,,,,
,,,,,,,,,,,,,,,,,
1481,Ped. Suministros,08/24/2026,,,,,,,,,,,,,,,
,,,,,,,,,,,,,,,,,
,,,,,,,,,,,,,,,,,
1482,Ped. Suministros,08/24/2026,,,,,,,,,,,,,,,
,,,,,,,,,,,,,,,,,
,,,,,,,,,,,,,,,,,
1483,Ped. Suministros,08/24/2026,,,,,,,,,,,,,,,
,,,,,,,,,,,,,,,,,
,,,,,,,,,,,,,,,,,
1484,Ped. Suministros,08/24/2026,,,,,,,,,,,,,,,
,,,,,,,,,,,,,,,,,
,,,,,,,,,,,,,,,,,
1485,Sol. de Gastos,08/24/2026,1 - 2748,Confirmado,09/01/2026,10000210 - 1,Normal,09/01/2026,,,,,,,,,
,,,,,,,,,,,,,,,,,
,,,,,,,,,,,,,,,,,
1486,Sol. de Gastos,08/24/2026,1 - 2710,Confirmado,08/27/2026,10000193 - 1,Normal,08/28/2026,1611,Orden de Compra,08/31/2026,1 - 1547,Normal,08/31/2026,,,
,,,,,,,,,,,,,,,,,
,,,,,,,,,,,,,,,,,
,,,,,,,,,,,,,,,,,
,,,,,,,,,,,,,,,,,
1487,Sol. de Gastos,08/24/2026,1 - 2711,Confirmado,08/27/2026,10000194 - 1,Normal,08/28/2026,1599,Orden de Compra,08/31/2026,1 - 1536,Registrado,08/31/2026,,,
,,,,,,,,,,,,,,,,,
,,,,,,,,,,,,,,,,,
,,,,,,,,,,,,,,,,,
,,,,,,,,,,,,,,,,,
1488,Sol. de Gastos,08/24/2026,1 - 2675,Confirmado,08/25/2026,10000173 - 1,Normal,08/25/2026,1579,Orden de Compra,08/27/2026,1 - 1515,Registrado,08/27/2026,,,
,,,,,,,,,,,,,,,,,
,,,,,,,,,,,,,,,,,
,,,,,,,,,,,,,,,,,
,,,,,,,,,,,,,,,,,
1489,Ped. Suministros,08/24/2026,,,,,,,,,,,,,,,
,,,,,,,,,,,,,,,,,
,,,,,,,,,,,,,,,,,
1490,Ped. Suministros,08/24/2026,,,,,,,,,,,,,,,
,,,,,,,,,,,,,,,,,
,,,,,,,,,,,,,,,,,
1491,Ped. Suministros,08/24/2026,,,,,,,,,,,,,,,
,,,,,,,,,,,,,,,,,
,,,,,,,,,,,,,,,,,
1492,Sol. de Gastos,08/24/2026,1 - 2755,Confirmado,09/01/2026,10000213 - 1,Normal,09/01/2026,,,,,,,,,
,,,,,,,,,,,,,,,,,
,,,,,,,,,,,,,,,,,
1493,Sol. de Gastos,08/25/2026,1 - 2688,Confirmado,08/26/2026,10000185 - 1,Normal,08/26/2026,,,,,,,,,
,,,,,,,,,,,,,,,,,
,,,,,,10000185 - 2,Normal,09/01/2026,,,,,,,,,
,,,,,,,,,,,,,,,,,
,,,,,,,,,,,,,,,,,
1494,Sol. de Gastos,08/25/2026,1 - 2687,Confirmado,08/26/2026,10000183 - 1,Normal,08/26/2026,1610,Normal,08/31/2026,,,,,,
,,,,,,,,,,,,,,,,,
,,,,,,,,,,,,,,,,,
1495,Ped. Suministros,08/25/2026,,,,,,,,,,,,,,,
,,,,,,,,,,,,,,,,,
,,,,,,,,,,,,,,,,,
1496,Ped. Suministros,08/25/2026,,,,,,,,,,,,,,,
,,,,,,,,,,,,,,,,,
,,,,,,,,,,,,,,,,,
1497,Ped. Suministros,08/25/2026,,,,,,,,,,,,,,,
,,,,,,,,,,,,,,,,,
,,,,,,,,,,,,,,,,,
1498,Sol. de Gastos,08/25/2026,1 - 2750,Confirmado,09/01/2026,10000208 - 1,Normal,09/01/2026,,,,,,,,,
,,,,,,,,,,,,,,,,,
,,,,,,,,,,,,,,,,,
1499,Sol. de Gastos,08/25/2026,1 - 2756,Normal,09/01/2026,,,,,,,,,,,,
,,,,,,,,,,,,,,,,,
,,,,,,,,,,,,,,,,,
1500,Sol. de Gastos,08/26/2026,1 - 2732,Confirmado,08/28/2026,10000204 - 1,Normal,08/31/2026,,,,,,,,,
,,,,,,,,,,,,,,,,,
,,,,,,,,,,,,,,,,,
1501,Ped. Suministros,08/26/2026,,,,,,,,,,,,,,,
,,,,,,,,,,,,,,,,,
,,,,,,,,,,,,,,,,,
1502,Ped. Suministros,08/26/2026,,,,,,,,,,,,,,,
,,,,,,,,,,,,,,,,,
,,,,,,,,,,,,,,,,,
1503,Sol. de Gastos,08/26/2026,1 - 2715,Confirmado,08/27/2026,10000192 - 1,Normal,08/28/2026,1618,Normal,09/01/2026,,,,,,
,,,,,,,,,,,,,,,,,
,,,,,,,,,,,,,,,,,
1504,Sol. de Gastos,08/26/2026,1 - 2751,Confirmado,09/01/2026,10000209 - 1,Normal,09/01/2026,,,,,,,,,
,,,,,,,,,,,,,,,,,
,,,,,,,,,,,,,,,,,
1505,Ped. Suministros,08/26/2026,,,,,,,,,,,,,,,
,,,,,,,,,,,,,,,,,
,,,,,,,,,,,,,,,,,
1506,Ped. Suministros,08/26/2026,,,,,,,,,,,,,,,
,,,,,,,,,,,,,,,,,
,,,,,,,,,,,,,,,,,
1507,Ped. Suministros,08/26/2026,,,,,,,,,,,,,,,
,,,,,,,,,,,,,,,,,
,,,,,,,,,,,,,,,,,
1508,Ped. Suministros,08/26/2026,,,,,,,,,,,,,,,
,,,,,,,,,,,,,,,,,
,,,,,,,,,,,,,,,,,
1509,Ped. Suministros,08/26/2026,,,,,,,,,,,,,,,
,,,,,,,,,,,,,,,,,
,,,,,,,,,,,,,,,,,
1510,Ped. Suministros,08/26/2026,,,,,,,,,,,,,,,
,,,,,,,,,,,,,,,,,
,,,,,,,,,,,,,,,,,
1511,Ped. Suministros,08/26/2026,,,,,,,,,,,,,,,
,,,,,,,,,,,,,,,,,
,,,,,,,,,,,,,,,,,
1512,Sol. de Gastos,08/26/2026,1 - 2757,Confirmado,09/01/2026,10000212 - 1,Normal,09/01/2026,,,,,,,,,
,,,,,,,,,,,,,,,,,
,,,,,,,,,,,,,,,,,
1513,Sol. de Gastos,08/26/2026,1 - 2719,Confirmado,08/28/2026,10000197 - 1,Normal,08/28/2026,1609,Orden de Compra,08/31/2026,1 - 1546,Normal,08/31/2026,,,
,,,,,,,,,,,,,,,,,
,,,,,,,,,,,,,,,,,
,,,,,,,,,,,,,,,,,
,,,,,,,,,,,,,,,,,
1514,Ped. Suministros,08/26/2026,,,,,,,,,,,,,,,
,,,,,,,,,,,,,,,,,
,,,,,,,,,,,,,,,,,
1515,Sol. de Gastos,08/26/2026,1 - 2716,Confirmado,08/27/2026,10000191 - 1,Normal,08/28/2026,1616,Orden de Compra,09/01/2026,1 - 1552,Normal,09/01/2026,,,
,,,,,,,,,,,,,,,,,
,,,,,,,,,,,,,,,,,
,,,,,,,,,,,,,,,,,
,,,,,,,,,,,,,,,,,
1516,Ped. Suministros,08/26/2026,,,,,,,,,,,,,,,
,,,,,,,,,,,,,,,,,
,,,,,,,,,,,,,,,,,
1517,Ped. Suministros,08/26/2026,,,,,,,,,,,,,,,
,,,,,,,,,,,,,,,,,
,,,,,,,,,,,,,,,,,
1518,Ped. Suministros,08/27/2026,,,,,,,,,,,,,,,
,,,,,,,,,,,,,,,,,
,,,,,,,,,,,,,,,,,
1519,Ped. Suministros,08/27/2026,,,,,,,,,,,,,,,
,,,,,,,,,,,,,,,,,
,,,,,,,,,,,,,,,,,
1520,Ped. Suministros,08/27/2026,,,,,,,,,,,,,,,
,,,,,,,,,,,,,,,,,
,,,,,,,,,,,,,,,,,
1521,Ped. Suministros,08/27/2026,,,,,,,,,,,,,,,
,,,,,,,,,,,,,,,,,
,,,,,,,,,,,,,,,,,
1522,Ped. Suministros,08/27/2026,,,,,,,,,,,,,,,
,,,,,,,,,,,,,,,,,
,,,,,,,,,,,,,,,,,
1523,Ped. Suministros,08/27/2026,,,,,,,,,,,,,,,
,,,,,,,,,,,,,,,,,
,,,,,,,,,,,,,,,,,
1524,Ped. Suministros,08/27/2026,,,,,,,,,,,,,,,
,,,,,,,,,,,,,,,,,
,,,,,,,,,,,,,,,,,
1525,Ped. Suministros,08/28/2026,,,,,,,,,,,,,,,
,,,,,,,,,,,,,,,,,
,,,,,,,,,,,,,,,,,
1526,Ped. Suministros,08/28/2026,,,,,,,,,,,,,,,
,,,,,,,,,,,,,,,,,
,,,,,,,,,,,,,,,,,
1527,Ped. Suministros,08/28/2026,,,,,,,,,,,,,,,
,,,,,,,,,,,,,,,,,
,,,,,,,,,,,,,,,,,
1528,Ped. Suministros,08/31/2026,,,,,,,,,,,,,,,
,,,,,,,,,,,,,,,,,
,,,,,,,,,,,,,,,,,
1529,Ped. Suministros,08/31/2026,,,,,,,,,,,,,,,
,,,,,,,,,,,,,,,,,
,,,,,,,,,,,,,,,,,
1530,Ped. Suministros,08/31/2026,,,,,,,,,,,,,,,
,,,,,,,,,,,,,,,,,
,,,,,,,,,,,,,,,,,
1531,Ped. Suministros,08/31/2026,,,,,,,,,,,,,,,
,,,,,,,,,,,,,,,,,
,,,,,,,,,,,,,,,,,
1532,Sol. de Gastos,08/31/2026,1 - 2752,Confirmado,09/01/2026,10000206 - 1,Normal,09/01/2026,,,,,,,,,
,,,,,,,,,,,,,,,,,
,,,,,,,,,,,,,,,,,
1533,Ped. Suministros,08/31/2026,,,,,,,,,,,,,,,
,,,,,,,,,,,,,,,,,
,,,,,,,,,,,,,,,,,
1534,Ped. Suministros,08/31/2026,,,,,,,,,,,,,,,
,,,,,,,,,,,,,,,,,
,,,,,,,,,,,,,,,,,
1535,Ped. Suministros,08/31/2026,,,,,,,,,,,,,,,
,,,,,,,,,,,,,,,,,
,,,,,,,,,,,,,,,,,
1536,Ped. Suministros,08/31/2026,,,,,,,,,,,,,,,
,,,,,,,,,,,,,,,,,
,,,,,,,,,,,,,,,,,
1537,Ped. Suministros,08/31/2026,,,,,,,,,,,,,,,
,,,,,,,,,,,,,,,,,
,,,,,,,,,,,,,,,,,
1538,Ped. Suministros,08/31/2026,,,,,,,,,,,,,,,
,,,,,,,,,,,,,,,,,
,,,,,,,,,,,,,,,,,
1539,Ped. Suministros,08/31/2026,,,,,,,,,,,,,,,
,,,,,,,,,,,,,,,,,
,,,,,,,,,,,,,,,,,
1540,Ped. Suministros,08/31/2026,,,,,,,,,,,,,,,
,,,,,,,,,,,,,,,,,
,,,,,,,,,,,,,,,,,
1541,Ped. Suministros,08/31/2026,,,,,,,,,,,,,,,
,,,,,,,,,,,,,,,,,
,,,,,,,,,,,,,,,,,
1542,Ped. Suministros,08/31/2026,,,,,,,,,,,,,,,
,,,,,,,,,,,,,,,,,
,,,,,,,,,,,,,,,,,
1543,Ped. Suministros,08/31/2026,,,,,,,,,,,,,,,
,,,,,,,,,,,,,,,,,
,,,,,,,,,,,,,,,,,
1544,Ped. Suministros,08/31/2026,,,,,,,,,,,,,,,
,,,,,,,,,,,,,,,,,
,,,,,,,,,,,,,,,,,
1545,Ped. Suministros,08/31/2026,,,,,,,,,,,,,,,
,,,,,,,,,,,,,,,,,
,,,,,,,,,,,,,,,,,
1546,Ped. Suministros,09/01/2026,,,,,,,,,,,,,,,
,,,,,,,,,,,,,,,,,
,,,,,,,,,,,,,,,,,
1547,Ped. Suministros,09/01/2026,,,,,,,,,,,,,,,
,,,,,,,,,,,,,,,,,
,,,,,,,,,,,,,,,,,
,,,,,,,,,,,,,,,,,
,,,,,,,,,,,,,,,,,
,,,,,,,,,,,,,,,,,
"Filtro aplicado: Ejercicio: 2026 al 2026 Orden aplicado: Ped de Suministros, Sol de Gastos, Ped Cotizaciones, Adjudicaciones, Orden de Compra ",,,,,,,,,,,,,,,,,
